Workbook

Sheet About
A1: BLAPE BAU LULUCF Anthropogenic Pollutant Emissions
A3: Source: | B3: CO2 Emission
B4: Brazilian Ministry of Science, Technology, Innovation and Communication (MCTIC)
B5: 2020
B6: Report: "Quarta Comunicação Nacional e Relatórios De Atualização Bienal Do Brasil à Convenção-Quadro das Nações Unidas Sobre Mudança do Clima"
B7: Version: "Relatório de referência para consulta pública - LULUCF"
B8: http://antigo.mctic.gov.br/mctic/opencms/ciencia/SEPED/clima/Comunicacao_Nacional/Comunicacao_Nacional.html
B10: Rebound CH4 and N2O Emissions
B11: See land/RPEpUACE
A14: CH4 GWP | B14: 28
A15: N2O GWP | B15: 265
A17: Notes
A18: Projected pollutant emissions data for the land use sector until 2050.
A20: In "BLAPE" table, for CH4 and N2O calculation, the signal (-) has been changed to (+) as in Brazil CO2 emission
A21: from LULUCF is positive.

Sheet Data
A3: For the Land sector for Brazil, emissions and removals (net emissions) associated with
A4: land use transitions related to deforestation are accounted for.
A5: For this, data from the Fourth National Communication were used,
A6: which presents the annualized biome emissions, the most recent database available.
A7: From this database, an average was calculated,
A8: based on the estimated emissions for the sector between the years 2010 and 2016.
A9: This value was considered as a trend for the entire projection period of the scenario BAU.
B12: Period | C12: 2010 | D12: 2011 | E12: 2012 | F12: 2013 | G12: 2014 | H12: 2015 | I12: 2016 | J12: Average
B13: Emissions (Gg) | C13: 927770.2 | D13: 616949.31 | E13: 503513.55 | F13: 647875.04 | G13: 550263.1 | H13: 641495.51 | I13: 678383.17 | J13: =AVERAGE(C13:I13) -> 652321.41
I16: (g) | J16: =J13*10^9 -> 6.5232141e+14

Sheet data from RPEpUACE
B1: Rebound Emis Factor
A2: CO2 | B2: 0
A3: VOC | B3: 0
A4: CO | B4: 0
A5: NOx | B5: 0
A6: PM10 | B6: 0
A7: PM25 | B7: 0
A8: SOx | B8: 0
A9: BC | B9: 0
A10: OC | B10: 0
A11: CH4 | B11: 0.0043636084
A12: N2O | B12: 0.00013353572
A13: F gases | B13: 0

Sheet Share of Pollutants
A1: Year | B1: 2020 | C1: 2021 | D1: 2022 | E1: 2023 | F1: 2024 | G1: 2025 | H1: 2026 | I1: 2027 | J1: 2028 | K1: 2029 | L1: 2030 | M1: 2031 | N1: 2032 | O1: 2033 | P1: 2034 | Q1: 2035 | R1: 2036 | S1: 2037 | T1: 2038 | U1: 2039 | V1: 2040 | W1: 2041 | X1: 2042 | Y1: 2043 | Z1: 2044 | AA1: 2045 | AB1: 2046 | AC1: 2047 | AD1: 2048 | AE1: 2049 | AF1: 2050
A2: CO2 (g) | B2: =Data!$J$16 -> 6.5232141e+14 | C2: =Data!$J$16 -> 6.5232141e+14 | D2: =Data!$J$16 -> 6.5232141e+14 | E2: =Data!$J$16 -> 6.5232141e+14 | F2: =Data!$J$16 -> 6.5232141e+14 | G2: =Data!$J$16 -> 6.5232141e+14 | H2: =Data!$J$16 -> 6.5232141e+14 | I2: =Data!$J$16 -> 6.5232141e+14 | ... AF2: =Data!$J$16 -> 6.5232141e+14
A3: VOCs (g) | B3: 0 | C3: 0 | D3: 0 | E3: 0 | F3: 0 | G3: 0 | H3: 0 | I3: 0 | J3: 0 | K3: 0 | L3: 0 | M3: 0 | N3: 0 | O3: 0 | P3: 0 | Q3: 0 | R3: 0 | S3: 0 | T3: 0 | U3: 0 | V3: 0 | W3: 0 | X3: 0 | Y3: 0 | Z3: 0 | AA3: 0 | AB3: 0 | AC3: 0 | AD3: 0 | AE3: 0 | AF3: 0
A4: CO (g) | B4: 0 | C4: 0 | D4: 0 | E4: 0 | F4: 0 | G4: 0 | H4: 0 | I4: 0 | J4: 0 | K4: 0 | L4: 0 | M4: 0 | N4: 0 | O4: 0 | P4: 0 | Q4: 0 | R4: 0 | S4: 0 | T4: 0 | U4: 0 | V4: 0 | W4: 0 | X4: 0 | Y4: 0 | Z4: 0 | AA4: 0 | AB4: 0 | AC4: 0 | AD4: 0 | AE4: 0 | AF4: 0
A5: NOx (g) | B5: 0 | C5: 0 | D5: 0 | E5: 0 | F5: 0 | G5: 0 | H5: 0 | I5: 0 | J5: 0 | K5: 0 | L5: 0 | M5: 0 | N5: 0 | O5: 0 | P5: 0 | Q5: 0 | R5: 0 | S5: 0 | T5: 0 | U5: 0 | V5: 0 | W5: 0 | X5: 0 | Y5: 0 | Z5: 0 | AA5: 0 | AB5: 0 | AC5: 0 | AD5: 0 | AE5: 0 | AF5: 0
A6: PM10 (g) | B6: 0 | C6: 0 | D6: 0 | E6: 0 | F6: 0 | G6: 0 | H6: 0 | I6: 0 | J6: 0 | K6: 0 | L6: 0 | M6: 0 | N6: 0 | O6: 0 | P6: 0 | Q6: 0 | R6: 0 | S6: 0 | T6: 0 | U6: 0 | V6: 0 | W6: 0 | X6: 0 | Y6: 0 | Z6: 0 | AA6: 0 | AB6: 0 | AC6: 0 | AD6: 0 | AE6: 0 | AF6: 0
A7: PM25 (g) | B7: 0 | C7: 0 | D7: 0 | E7: 0 | F7: 0 | G7: 0 | H7: 0 | I7: 0 | J7: 0 | K7: 0 | L7: 0 | M7: 0 | N7: 0 | O7: 0 | P7: 0 | Q7: 0 | R7: 0 | S7: 0 | T7: 0 | U7: 0 | V7: 0 | W7: 0 | X7: 0 | Y7: 0 | Z7: 0 | AA7: 0 | AB7: 0 | AC7: 0 | AD7: 0 | AE7: 0 | AF7: 0
A8: SOx (g) | B8: 0 | C8: 0 | D8: 0 | E8: 0 | F8: 0 | G8: 0 | H8: 0 | I8: 0 | J8: 0 | K8: 0 | L8: 0 | M8: 0 | N8: 0 | O8: 0 | P8: 0 | Q8: 0 | R8: 0 | S8: 0 | T8: 0 | U8: 0 | V8: 0 | W8: 0 | X8: 0 | Y8: 0 | Z8: 0 | AA8: 0 | AB8: 0 | AC8: 0 | AD8: 0 | AE8: 0 | AF8: 0
A9: BC (g) | B9: 0 | C9: 0 | D9: 0 | E9: 0 | F9: 0 | G9: 0 | H9: 0 | I9: 0 | J9: 0 | K9: 0 | L9: 0 | M9: 0 | N9: 0 | O9: 0 | P9: 0 | Q9: 0 | R9: 0 | S9: 0 | T9: 0 | U9: 0 | V9: 0 | W9: 0 | X9: 0 | Y9: 0 | Z9: 0 | AA9: 0 | AB9: 0 | AC9: 0 | AD9: 0 | AE9: 0 | AF9: 0
A10: OC (g) | B10: 0 | C10: 0 | D10: 0 | E10: 0 | F10: 0 | G10: 0 | H10: 0 | I10: 0 | J10: 0 | K10: 0 | L10: 0 | M10: 0 | N10: 0 | O10: 0 | P10: 0 | Q10: 0 | R10: 0 | S10: 0 | T10: 0 | U10: 0 | V10: 0 | W10: 0 | X10: 0 | Y10: 0 | Z10: 0 | AA10: 0 | AB10: 0 | AC10: 0 | AD10: 0 | AE10: 0 | AF10: 0
A11: CH4 (g) | B11: =B$2*'data from RPEpUACE'!$B11 -> 2.8464752e+12 | C11: =C$2*'data from RPEpUACE'!$B11 -> 2.8464752e+12 | D11: =D$2*'data from RPEpUACE'!$B11 -> 2.8464752e+12 | E11: =E$2*'data from RPEpUACE'!$B11 -> 2.8464752e+12 | F11: =F$2*'data from RPEpUACE'!$B11 -> 2.8464752e+12 | G11: =G$2*'data from RPEpUACE'!$B11 -> 2.8464752e+12 | H11: =H$2*'data from RPEpUACE'!$B11 -> 2.8464752e+12 | I11: =I$2*'data from RPEpUACE'!$B11 -> 2.8464752e+12 | ... AF11: =AF$2*'data from RPEpUACE'!$B11 -> 2.8464752e+12
A12: N2O (g) | B12: =B$2*'data from RPEpUACE'!$B12 -> 8.7108208e+10 | C12: =C$2*'data from RPEpUACE'!$B12 -> 8.7108208e+10 | D12: =D$2*'data from RPEpUACE'!$B12 -> 8.7108208e+10 | E12: =E$2*'data from RPEpUACE'!$B12 -> 8.7108208e+10 | F12: =F$2*'data from RPEpUACE'!$B12 -> 8.7108208e+10 | G12: =G$2*'data from RPEpUACE'!$B12 -> 8.7108208e+10 | H12: =H$2*'data from RPEpUACE'!$B12 -> 8.7108208e+10 | I12: =I$2*'data from RPEpUACE'!$B12 -> 8.7108208e+10 | ... AF12: =AF$2*'data from RPEpUACE'!$B12 -> 8.7108208e+10
A13: F gases (g CO2e) | B13: 0 | C13: 0 | D13: 0 | E13: 0 | F13: 0 | G13: 0 | H13: 0 | I13: 0 | J13: 0 | K13: 0 | L13: 0 | M13: 0 | N13: 0 | O13: 0 | P13: 0 | Q13: 0 | R13: 0 | S13: 0 | T13: 0 | U13: 0 | V13: 0 | W13: 0 | X13: 0 | Y13: 0 | Z13: 0 | AA13: 0 | AB13: 0 | AC13: 0 | AD13: 0 | AE13: 0 | AF13: 0
A14: Total | B14: =SUM(B2:B13) -> 6.5525499e+14 | C14: =SUM(C2:C13) -> 6.5525499e+14 | D14: =SUM(D2:D13) -> 6.5525499e+14 | E14: =SUM(E2:E13) -> 6.5525499e+14 | F14: =SUM(F2:F13) -> 6.5525499e+14 | G14: =SUM(G2:G13) -> 6.5525499e+14 | H14: =SUM(H2:H13) -> 6.5525499e+14 | I14: =SUM(I2:I13) -> 6.5525499e+14 | ... AF14: =SUM(AF2:AF13) -> 6.5525499e+14
A16: Share | B16: =B1 -> 2020 | C16: =C1 -> 2021 | D16: =D1 -> 2022 | E16: =E1 -> 2023 | F16: =F1 -> 2024 | G16: =G1 -> 2025 | H16: =H1 -> 2026 | I16: =I1 -> 2027 | ... AF16: =AF1 -> 2050
A17: Share of CO2 (g) | B17: =B2/B$14 -> 0.99552299 | C17: =C2/C$14 -> 0.99552299 | D17: =D2/D$14 -> 0.99552299 | E17: =E2/E$14 -> 0.99552299 | F17: =F2/F$14 -> 0.99552299 | G17: =G2/G$14 -> 0.99552299 | H17: =H2/H$14 -> 0.99552299 | I17: =I2/I$14 -> 0.99552299 | ... AF17: =AF2/AF$14 -> 0.99552299
A18: Share of CH4 (g) | B18: =B11/B14 -> 0.0043440725 | C18: =C11/C14 -> 0.0043440725 | D18: =D11/D14 -> 0.0043440725 | E18: =E11/E14 -> 0.0043440725 | F18: =F11/F14 -> 0.0043440725 | G18: =G11/G14 -> 0.0043440725 | H18: =H11/H14 -> 0.0043440725 | I18: =I11/I14 -> 0.0043440725 | ... AF18: =AF11/AF14 -> 0.0043440725
A19: Share of N2O (g) | B19: =B12/B14 -> 0.00013293788 | C19: =C12/C14 -> 0.00013293788 | D19: =D12/D14 -> 0.00013293788 | E19: =E12/E14 -> 0.00013293788 | F19: =F12/F14 -> 0.00013293788 | G19: =G12/G14 -> 0.00013293788 | H19: =H12/H14 -> 0.00013293788 | I19: =I12/I14 -> 0.00013293788 | ... AF19: =AF12/AF14 -> 0.00013293788

Sheet EPE-Land use emissions
A1: EPE
A2: Year | B2: 2020 | C2: 2021 | D2: 2022 | E2: 2023 | F2: 2024 | G2: 2025 | H2: 2026 | I2: 2027 | J2: 2028 | K2: 2029 | L2: 2030 | M2: 2031 | N2: 2032 | O2: 2033 | P2: 2034 | Q2: 2035 | R2: 2036 | S2: 2037 | T2: 2038 | U2: 2039 | V2: 2040 | W2: 2041 | X2: 2042 | Y2: 2043 | Z2: 2044 | AA2: 2045 | AB2: 2046 | AC2: 2047 | AD2: 2048 | AE2: 2049 | AF2: 2050
A3: Land use emissions (Mt CO2e) | B3: 665.084 | C3: 882.478 | D3: 805.694 | E3: =FORECAST(E2,$C$3:$D$3,$C$2:$D$2) -> 728.91 | F3: =FORECAST(F2,$B$3:$D$3,$B$2:$D$2) -> 995.33367 | G3: =FORECAST(G2,$B$3:$D$3,$B$2:$D$2) -> 1065.6387 | H3: =FORECAST(H2,$B$3:$D$3,$B$2:$D$2) -> 1135.9437 | I3: =FORECAST(I2,$B$3:$D$3,$B$2:$D$2) -> 1206.2487 | J3: =FORECAST(J2,$B$3:$D$3,$B$2:$D$2) -> 1276.5537 | K3: =FORECAST(K2,$B$3:$D$3,$B$2:$D$2) -> 1346.8587 | L3: =FORECAST(L2,$B$3:$D$3,$B$2:$D$2) -> 1417.1637 | M3: =FORECAST(M2,$B$3:$D$3,$B$2:$D$2) -> 1487.4687 | ... AF3: =FORECAST(AF2,$B$3:$D$3,$B$2:$D$2) -> 2823.2637
A5: MOSTI
A6: Year | B6: 2020 | C6: 2025 | D6: 2030 | E6: 2035 | F6: 2040 | G6: 2045 | H6: 2050
A7: Land use emissions (Mt CO2e) | B7: 824.44 | C7: 827.61 | D7: 834.18 | E7: 856.84 | F7: 885.42 | G7: 886.26 | H7: 906.58
A8: Growth rate | B8: 0 | C8: =(C7-$B$7)/$B$7 -> 0.0038450342 | D8: =(D7-$B$7)/$B$7 -> 0.01181408 | E8: =(E7-$B$7)/$B$7 -> 0.039299403 | F8: =(F7-$B$7)/$B$7 -> 0.073965358 | G8: =(G7-$B$7)/$B$7 -> 0.074984232 | H8: =(H7-$B$7)/$B$7 -> 0.099631265
A10: EPE
A11: Year | B11: 2020 | C11: 2025 | D11: 2030 | E11: 2035 | F11: 2040 | G11: 2045 | H11: 2050
A12: Land use emissions (Mt CO2e) | B12: =B3 -> 665.084 | C12: =(D3+D3*C8) -> 808.79192 | D12: =($C$12+$C$12*D8) -> 818.34705 | E12: =($C$12+$C$12*E8) -> 840.57696 | F12: =($C$12+$C$12*F8) -> 868.61451 | G12: =($C$12+$C$12*G8) -> 869.43856 | H12: =($C$12+$C$12*H8) -> 889.37288
A15: EPE
A16: Year | B16: 2020 | C16: 2021 | D16: 2022 | E16: 2023 | F16: 2024 | G16: 2025 | H16: 2026 | I16: 2027 | J16: 2028 | K16: 2029 | L16: 2030 | M16: 2031 | N16: 2032 | O16: 2033 | P16: 2034 | Q16: 2035 | R16: 2036 | S16: 2037 | T16: 2038 | U16: 2039 | V16: 2040 | W16: 2041 | X16: 2042 | Y16: 2043 | Z16: 2044 | AA16: 2045 | AB16: 2046 | AC16: 2047 | AD16: 2048 | AE16: 2049 | AF16: 2050
A17: Land use emissions (Mt CO2e) | B17: =B3 -> 665.084 | C17: =C3 -> 882.478 | D17: =D3 -> 805.694 | E17: =($D$17+($G$17-$D$17)*((E16-$D$16)/($G$16-$D$16))) -> 806.72664 | F17: =($D$17+($G$17-$D$17)*((F16-$D$16)/($G$16-$D$16))) -> 807.75928 | G17: =C12 -> 808.79192 | H17: =($G$17+($L$17-$G$17)*((H16-$G$16)/($L$16-$G$16))) -> 810.70295 | I17: =($G$17+($L$17-$G$17)*((I16-$G$16)/($L$16-$G$16))) -> 812.61397 | J17: =($G$17+($L$17-$G$17)*((J16-$G$16)/($L$16-$G$16))) -> 814.525 | K17: =($G$17+($L$17-$G$17)*((K16-$G$16)/($L$16-$G$16))) -> 816.43603 | L17: =D12 -> 818.34705 | M17: =($L$17+($Q$17-$L$17)*((M16-$L$16)/($Q$16-$L$16))) -> 822.79303 | N17: =($L$17+($Q$17-$L$17)*((N16-$L$16)/($Q$16-$L$16))) -> 827.23902 | O17: =($L$17+($Q$17-$L$17)*((O16-$L$16)/($Q$16-$L$16))) -> 831.685 | P17: =($L$17+($Q$17-$L$17)*((P16-$L$16)/($Q$16-$L$16))) -> 836.13098 | Q17: =E12 -> 840.57696 | R17: =($Q$17+($V$17-$Q$17)*((R16-$Q$16)/($V$16-$Q$16))) -> 846.18447 | S17: =($Q$17+($V$17-$Q$17)*((S16-$Q$16)/($V$16-$Q$16))) -> 851.79198 | T17: =($Q$17+($V$17-$Q$17)*((T16-$Q$16)/($V$16-$Q$16))) -> 857.39949 | U17: =($Q$17+($V$17-$Q$17)*((U16-$Q$16)/($V$16-$Q$16))) -> 863.007 | V17: =F12 -> 868.61451 | W17: =($V$17+($AA$17-$V$17)*((W16-$V$16)/($AA$16-$V$16))) -> 868.77932 | X17: =($V$17+($AA$17-$V$17)*((X16-$V$16)/($AA$16-$V$16))) -> 868.94413 | Y17: =($V$17+($AA$17-$V$17)*((Y16-$V$16)/($AA$16-$V$16))) -> 869.10894 | Z17: =($V$17+($AA$17-$V$17)*((Z16-$V$16)/($AA$16-$V$16))) -> 869.27375 | AA17: =G12 -> 869.43856 | AB17: =($AA$17+($AF$17-$AA$17)*((AB16-$AA$16)/($AF$16-$AA$16))) -> 873.42543 | AC17: =($AA$17+($AF$17-$AA$17)*((AC16-$AA$16)/($AF$16-$AA$16))) -> 877.41229 | AD17: =($AA$17+($AF$17-$AA$17)*((AD16-$AA$16)/($AF$16-$AA$16))) -> 881.39915 | AE17: =($AA$17+($AF$17-$AA$17)*((AE16-$AA$16)/($AF$16-$AA$16))) -> 885.38602 | AF17: =H12 -> 889.37288
A19: Hypothèses
A20: Alpha MMA (α) | B20: 0.3
A22: EPE-smoothing
A23: =A16 -> Year | B23: =B16 -> 2020 | C23: =C16 -> 2021 | D23: =D16 -> 2022 | E23: =E16 -> 2023 | F23: =F16 -> 2024 | G23: =G16 -> 2025 | H23: =H16 -> 2026 | ... AF23: =AF16 -> 2050
A24: =A17 -> Land use emissions (Mt CO2e) | B24: =B17 -> 665.084 | C24: =C17 -> 882.478 | D24: =D17 -> 805.694 | E24: =E17 -> 806.72664 | F24: =F17 -> 807.75928 | G24: =G17 -> 808.79192 | H24: =H17 -> 810.70295 | ... AF24: =AF17 -> 889.37288
A25: Land use emissions - smoothing (Mt CO2e) | B25: =B24 -> 665.084 | C25: =$B$20*C24+(1-$B$20)*B25 -> 730.3022 | D25: =$B$20*D24+(1-$B$20)*C25 -> 752.91974 | E25: =$B$20*E24+(1-$B$20)*D25 -> 769.06181 | F25: =$B$20*F24+(1-$B$20)*E25 -> 780.67105 | G25: =$B$20*G24+(1-$B$20)*F25 -> 789.10731 | H25: =$B$20*H24+(1-$B$20)*G25 -> 795.586 | I25: =$B$20*I24+(1-$B$20)*H25 -> 800.69439 | J25: =$B$20*J24+(1-$B$20)*I25 -> 804.84358 | ... AF25: =$B$20*AF24+(1-$B$20)*AE25 -> 881.22588
A26: Land use emissions - smoothing (g CO2e) | B26: =B25*$B$27 -> 665084000000000 | C26: =C25*$B$27 -> 7.303022e+14 | D26: =D25*$B$27 -> 7.5291974e+14 | E26: =E25*$B$27 -> 769061810098879 | F26: =F25*$B$27 -> 7.8067105e+14 | G26: =G25*$B$27 -> 7.8910731e+14 | H26: =H25*$B$27 -> 7.95586e+14 | I26: =I25*$B$27 -> 8.0069439e+14 | ... AF26: =AF25*$B$27 -> 8.8122588e+14
A27: Mt CO2e to g CO2e | B27: 1000000000000

Sheet Emissions by Pollutants
A1: Year | B1: 2020 | C1: 2021 | D1: 2022 | E1: 2023 | F1: 2024 | G1: 2025 | H1: 2026 | I1: 2027 | J1: 2028 | K1: 2029 | L1: 2030 | M1: 2031 | N1: 2032 | O1: 2033 | P1: 2034 | Q1: 2035 | R1: 2036 | S1: 2037 | T1: 2038 | U1: 2039 | V1: 2040 | W1: 2041 | X1: 2042 | Y1: 2043 | Z1: 2044 | AA1: 2045 | AB1: 2046 | AC1: 2047 | AD1: 2048 | AE1: 2049 | AF1: 2050
A2: LULUCF Emissions-Smoothing (g CO2e) | B2: ='EPE-Land use emissions'!B26 -> 665084000000000 | C2: ='EPE-Land use emissions'!C26 -> 7.303022e+14 | D2: ='EPE-Land use emissions'!D26 -> 7.5291974e+14 | E2: ='EPE-Land use emissions'!E26 -> 769061810098879 | F2: ='EPE-Land use emissions'!F26 -> 7.8067105e+14 | G2: ='EPE-Land use emissions'!G26 -> 7.8910731e+14 | H2: ='EPE-Land use emissions'!H26 -> 7.95586e+14 | I2: ='EPE-Land use emissions'!I26 -> 8.0069439e+14 | ... AF2: ='EPE-Land use emissions'!AF26 -> 8.8122588e+14
A4: Year | B4: 2020 | C4: 2021 | D4: 2022 | E4: 2023 | F4: 2024 | G4: 2025 | H4: 2026 | I4: 2027 | J4: 2028 | K4: 2029 | L4: 2030 | M4: 2031 | N4: 2032 | O4: 2033 | P4: 2034 | Q4: 2035 | R4: 2036 | S4: 2037 | T4: 2038 | U4: 2039 | V4: 2040 | W4: 2041 | X4: 2042 | Y4: 2043 | Z4: 2044 | AA4: 2045 | AB4: 2046 | AC4: 2047 | AD4: 2048 | AE4: 2049 | AF4: 2050
A5: CO2 (g CO2e) | B5: =B2*'Share of Pollutants'!$B$17 -> 6.6210641e+14 | C5: =C2*'Share of Pollutants'!$B$17 -> 727032629459101 | D5: =D2*'Share of Pollutants'!$B$17 -> 7.4954891e+14 | E5: =E2*'Share of Pollutants'!$B$17 -> 7.6561871e+14 | F5: =F2*'Share of Pollutants'!$B$17 -> 7.7717598e+14 | G5: =G2*'Share of Pollutants'!$B$17 -> 7.8557447e+14 | H5: =H2*'Share of Pollutants'!$B$17 -> 792024155961288 | I5: =I2*'Share of Pollutants'!$B$17 -> 7.9710968e+14 | ... AF5: =AF2*'Share of Pollutants'!$B$17 -> 8.7728062e+14
A6: CH4 (g Co2e) | B6: =B2*'Share of Pollutants'!$B$18 -> 2.8891731e+12 | C6: =C2*'Share of Pollutants'!$B$18 -> 3.1724857e+12 | D6: =D2*'Share of Pollutants'!$B$18 -> 3.270738e+12 | E6: =E2*'Share of Pollutants'!$B$18 -> 3.3408603e+12 | F6: =F2*'Share of Pollutants'!$B$18 -> 3.3912917e+12 | G6: =G2*'Share of Pollutants'!$B$18 -> 3.4279394e+12 | H6: =H2*'Share of Pollutants'!$B$18 -> 3.4560833e+12 | I6: =I2*'Share of Pollutants'!$B$18 -> 3.4782745e+12 | ... AF6: =AF2*'Share of Pollutants'!$B$18 -> 3.8281091e+12
A7: N2O(g CO2e) | B7: =B2*'Share of Pollutants'!$B$19 -> 8.8414855e+10 | C7: =C2*'Share of Pollutants'!$B$19 -> 9.7084824e+10 | D7: =D2*'Share of Pollutants'!$B$19 -> 1.0009155e+11 | E7: =E2*'Share of Pollutants'!$B$19 -> 1.0223744e+11 | F7: =F2*'Share of Pollutants'!$B$19 -> 1.0378075e+11 | G7: =G2*'Share of Pollutants'!$B$19 -> 1.0490225e+11 | H7: =H2*'Share of Pollutants'!$B$19 -> 1.0576351e+11 | I7: =I2*'Share of Pollutants'!$B$19 -> 1.0644261e+11 | ... AF7: =AF2*'Share of Pollutants'!$B$19 -> 1.171483e+11
A10: Global Warming Potential | B10: CO2e
A11: CO2 | B11: 1
A12: CH4 | B12: 28
A13: N2O | B13: 265
A16: Year | B16: 2020 | C16: 2021 | D16: 2022 | E16: 2023 | F16: 2024 | G16: 2025 | H16: 2026 | I16: 2027 | J16: 2028 | K16: 2029 | L16: 2030 | M16: 2031 | N16: 2032 | O16: 2033 | P16: 2034 | Q16: 2035 | R16: 2036 | S16: 2037 | T16: 2038 | U16: 2039 | V16: 2040 | W16: 2041 | X16: 2042 | Y16: 2043 | Z16: 2044 | AA16: 2045 | AB16: 2046 | AC16: 2047 | AD16: 2048 | AE16: 2049 | AF16: 2050
A17: CO2 (g pollutant) | B17: =B5/$B$11 -> 6.6210641e+14 | C17: =C5/$B$11 -> 727032629459101 | D17: =D5/$B$11 -> 7.4954891e+14 | E17: =E5/$B$11 -> 7.6561871e+14 | F17: =F5/$B$11 -> 7.7717598e+14 | G17: =G5/$B$11 -> 7.8557447e+14 | H17: =H5/$B$11 -> 792024155961288 | I17: =I5/$B$11 -> 7.9710968e+14 | ... AF17: =AF5/$B$11 -> 8.7728062e+14
A18: CH4 (g pollutant) | B18: =B6/$B$12 -> 1.0318475e+11 | C18: =C6/$B$12 -> 1.1330306e+11 | D18: =D6/$B$12 -> 1.1681207e+11 | E18: =E6/$B$12 -> 1.1931644e+11 | F18: =F6/$B$12 -> 1.2111756e+11 | G18: =G6/$B$12 -> 1.2242641e+11 | H18: =H6/$B$12 -> 1.2343155e+11 | I18: =I6/$B$12 -> 1.2422409e+11 | ... AF18: =AF6/$B$12 -> 1.3671818e+11
A19: N2O (g pollutant) | B19: =B7/$B$13 -> 3.3364096e+08 | C19: =C7/$B$13 -> 3.6635783e+08 | D19: =D7/$B$13 -> 3.7770397e+08 | E19: =E7/$B$13 -> 3.8580168e+08 | F19: =F7/$B$13 -> 3.9162548e+08 | G19: =G7/$B$13 -> 3.9585755e+08 | H19: =H7/$B$13 -> 3.991076e+08 | I19: =I7/$B$13 -> 4.0167024e+08 | ... AF19: =AF7/$B$13 -> 4.4206905e+08

Sheet BLAPE
A1: Year | B1: 2020 | C1: 2021 | D1: 2022 | E1: 2023 | F1: 2024 | G1: 2025 | H1: 2026 | I1: 2027 | J1: 2028 | K1: 2029 | L1: 2030 | M1: 2031 | N1: 2032 | O1: 2033 | P1: 2034 | Q1: 2035 | R1: 2036 | S1: 2037 | T1: 2038 | U1: 2039 | V1: 2040 | W1: 2041 | X1: 2042 | Y1: 2043 | Z1: 2044 | AA1: 2045 | AB1: 2046 | AC1: 2047 | AD1: 2048 | AE1: 2049 | AF1: 2050
A2: CO2 (g) | B2: ='Emissions by Pollutants'!B17 -> 6.6210641e+14 | C2: ='Emissions by Pollutants'!C17 -> 727032629459101 | D2: ='Emissions by Pollutants'!D17 -> 7.4954891e+14 | E2: ='Emissions by Pollutants'!E17 -> 7.6561871e+14 | F2: ='Emissions by Pollutants'!F17 -> 7.7717598e+14 | G2: ='Emissions by Pollutants'!G17 -> 7.8557447e+14 | H2: ='Emissions by Pollutants'!H17 -> 792024155961288 | I2: ='Emissions by Pollutants'!I17 -> 7.9710968e+14 | ... AF2: ='Emissions by Pollutants'!AF17 -> 8.7728062e+14
A3: VOCs (g) | B3: 0 | C3: 0 | D3: 0 | E3: 0 | F3: 0 | G3: 0 | H3: 0 | I3: 0 | J3: 0 | K3: 0 | L3: 0 | M3: 0 | N3: 0 | O3: 0 | P3: 0 | Q3: 0 | R3: 0 | S3: 0 | T3: 0 | U3: 0 | V3: 0 | W3: 0 | X3: 0 | Y3: 0 | Z3: 0 | AA3: 0 | AB3: 0 | AC3: 0 | AD3: 0 | AE3: 0 | AF3: 0
A4: CO (g) | B4: 0 | C4: 0 | D4: 0 | E4: 0 | F4: 0 | G4: 0 | H4: 0 | I4: 0 | J4: 0 | K4: 0 | L4: 0 | M4: 0 | N4: 0 | O4: 0 | P4: 0 | Q4: 0 | R4: 0 | S4: 0 | T4: 0 | U4: 0 | V4: 0 | W4: 0 | X4: 0 | Y4: 0 | Z4: 0 | AA4: 0 | AB4: 0 | AC4: 0 | AD4: 0 | AE4: 0 | AF4: 0
A5: NOx (g) | B5: 0 | C5: 0 | D5: 0 | E5: 0 | F5: 0 | G5: 0 | H5: 0 | I5: 0 | J5: 0 | K5: 0 | L5: 0 | M5: 0 | N5: 0 | O5: 0 | P5: 0 | Q5: 0 | R5: 0 | S5: 0 | T5: 0 | U5: 0 | V5: 0 | W5: 0 | X5: 0 | Y5: 0 | Z5: 0 | AA5: 0 | AB5: 0 | AC5: 0 | AD5: 0 | AE5: 0 | AF5: 0
A6: PM10 (g) | B6: 0 | C6: 0 | D6: 0 | E6: 0 | F6: 0 | G6: 0 | H6: 0 | I6: 0 | J6: 0 | K6: 0 | L6: 0 | M6: 0 | N6: 0 | O6: 0 | P6: 0 | Q6: 0 | R6: 0 | S6: 0 | T6: 0 | U6: 0 | V6: 0 | W6: 0 | X6: 0 | Y6: 0 | Z6: 0 | AA6: 0 | AB6: 0 | AC6: 0 | AD6: 0 | AE6: 0 | AF6: 0
A7: PM25 (g) | B7: 0 | C7: 0 | D7: 0 | E7: 0 | F7: 0 | G7: 0 | H7: 0 | I7: 0 | J7: 0 | K7: 0 | L7: 0 | M7: 0 | N7: 0 | O7: 0 | P7: 0 | Q7: 0 | R7: 0 | S7: 0 | T7: 0 | U7: 0 | V7: 0 | W7: 0 | X7: 0 | Y7: 0 | Z7: 0 | AA7: 0 | AB7: 0 | AC7: 0 | AD7: 0 | AE7: 0 | AF7: 0
A8: SOx (g) | B8: 0 | C8: 0 | D8: 0 | E8: 0 | F8: 0 | G8: 0 | H8: 0 | I8: 0 | J8: 0 | K8: 0 | L8: 0 | M8: 0 | N8: 0 | O8: 0 | P8: 0 | Q8: 0 | R8: 0 | S8: 0 | T8: 0 | U8: 0 | V8: 0 | W8: 0 | X8: 0 | Y8: 0 | Z8: 0 | AA8: 0 | AB8: 0 | AC8: 0 | AD8: 0 | AE8: 0 | AF8: 0
A9: BC (g) | B9: 0 | C9: 0 | D9: 0 | E9: 0 | F9: 0 | G9: 0 | H9: 0 | I9: 0 | J9: 0 | K9: 0 | L9: 0 | M9: 0 | N9: 0 | O9: 0 | P9: 0 | Q9: 0 | R9: 0 | S9: 0 | T9: 0 | U9: 0 | V9: 0 | W9: 0 | X9: 0 | Y9: 0 | Z9: 0 | AA9: 0 | AB9: 0 | AC9: 0 | AD9: 0 | AE9: 0 | AF9: 0
A10: OC (g) | B10: 0 | C10: 0 | D10: 0 | E10: 0 | F10: 0 | G10: 0 | H10: 0 | I10: 0 | J10: 0 | K10: 0 | L10: 0 | M10: 0 | N10: 0 | O10: 0 | P10: 0 | Q10: 0 | R10: 0 | S10: 0 | T10: 0 | U10: 0 | V10: 0 | W10: 0 | X10: 0 | Y10: 0 | Z10: 0 | AA10: 0 | AB10: 0 | AC10: 0 | AD10: 0 | AE10: 0 | AF10: 0
A11: CH4 (g) | B11: ='Emissions by Pollutants'!B18 -> 1.0318475e+11 | C11: ='Emissions by Pollutants'!C18 -> 1.1330306e+11 | D11: ='Emissions by Pollutants'!D18 -> 1.1681207e+11 | E11: ='Emissions by Pollutants'!E18 -> 1.1931644e+11 | F11: ='Emissions by Pollutants'!F18 -> 1.2111756e+11 | G11: ='Emissions by Pollutants'!G18 -> 1.2242641e+11 | H11: ='Emissions by Pollutants'!H18 -> 1.2343155e+11 | I11: ='Emissions by Pollutants'!I18 -> 1.2422409e+11 | ... AF11: ='Emissions by Pollutants'!AF18 -> 1.3671818e+11
A12: N2O (g) | B12: ='Emissions by Pollutants'!B19 -> 3.3364096e+08 | C12: ='Emissions by Pollutants'!C19 -> 3.6635783e+08 | D12: ='Emissions by Pollutants'!D19 -> 3.7770397e+08 | E12: ='Emissions by Pollutants'!E19 -> 3.8580168e+08 | F12: ='Emissions by Pollutants'!F19 -> 3.9162548e+08 | G12: ='Emissions by Pollutants'!G19 -> 3.9585755e+08 | H12: ='Emissions by Pollutants'!H19 -> 3.991076e+08 | I12: ='Emissions by Pollutants'!I19 -> 4.0167024e+08 | ... AF12: ='Emissions by Pollutants'!AF19 -> 4.4206905e+08
A13: F gases (g CO2e) | B13: 0 | C13: 0 | D13: 0 | E13: 0 | F13: 0 | G13: 0 | H13: 0 | I13: 0 | J13: 0 | K13: 0 | L13: 0 | M13: 0 | N13: 0 | O13: 0 | P13: 0 | Q13: 0 | R13: 0 | S13: 0 | T13: 0 | U13: 0 | V13: 0 | W13: 0 | X13: 0 | Y13: 0 | Z13: 0 | AA13: 0 | AB13: 0 | AC13: 0 | AD13: 0 | AE13: 0 | AF13: 0
