Workbook
Name gal_per_barrel: About!$A$122
Name toe_to_BTU: About!$A$123

Sheet About
A1: BIFUbC BAU Industrial Fuel Use before CCS
A3: Sources: | B3: National Energy Balance - BEN 2023
B4: Empresa de Pesquisa Energética - official Energy Research Office
B5: all fuels
B6: 2023 edition with data up to 2022
B7: https://www.epe.gov.br/pt/publicacoes-dados-abertos/publicacoes/balanco-energetico-nacional-2023
B8: Area: Brazil, Period: Annual 2023
B10: All Subscripts
B11: Opções de mitigação de emissões de gases de efeito estufa em setores-chave do Brasil
B12: 2017
B13: Ministério da Ciência, Tecnologia, Inovações e Comunicações, ONU Meio Ambiente
B14: http://www.mctic.gov.br/mctic/opencms/ciencia/SEPED/clima/opcoes_mitigacao/Opcoes_de_Mitigacao_de_Emissoes_de_Gases_de_Efeito_Estufa_GEE_em_SetoresChave_do_Brasil.html
B16: BNEF
B17: 2020-2050
B18: https://about.bnef.com/insights/clean-energy/new-energy-outlook/
B20: IEA
B21: 2000-2050
B22: https://www.iea.org/countries/brazil/oil
B24: Ministério de Minas e Energia (MME)
B25: Empresa de Pesquisa Energética (EPE)
B26: Demand Scenarios for the National Energy Plan 2050
B27: 2020-2050
B28: https://www.gov.br/mme/pt-br/assuntos/secretarias/sntep/publicacoes/estudos-do-pne-2050/02-relatorios-epe/06-relatorio-parcial-2-cenarios-de-demanda.pdf
A31: Note:
A32: The words "before CCS" in this variable name indicate that this is the fuel use by industry, excluding
A33: any fuel used to power the energy-intensive process of carbon capture and sequestration. If any CCS
A34: is performed by Industry in the BAU case, this is handled in CCS sector input variables, not here.
A36: BEN and MOP Data Source and Adjustments
A37: Brazil sectorial data is not broke down as EPS requires.
A38: The following table provides how BEN sectors are mapped in to EPS Industry Categories:
B40: BEN sector | C40: EPS Industry Category
B41: REFINARIAS DE PETRÓLEO | C41: refined petroleum and coke 19
B42: PLANTAS DE GÁS NATURAL | C42: refined petroleum and coke 19
B43: COQUERIAS | C43: refined petroleum and coke 19
B44: AGRICULTURE AND LIVESTOCK | C44: agriculture and forestry 01T03
B45: CEMENT | C45: cement and other nonmetallic minerals 239
B46: PIG-IRON AND STEEL | C46: iron and steel 241
B47: IRON-ALLOYS | C47: iron and steel 241
B48: MINING/PELLETIZATION | C48: other mining and quarrying 07T08
B49: NON-FERROUS/ OTHER METALLURGICAL | C49: cement and other nonmetallic minerals 239
B50: CHEMICAL | C50: chemicals 20
B51: FOODS AND BEVERAGES | C51: food beverage and tobacco 10T12
... B54: CERAMICS | C54: cement and other nonmetallic minerals 239
A56: The following EPS categories are part of the BEN sectors.
A57: There is no secure method to separate the BEN sectors and allocate them according to EPS.
B59: EPS Industry Category | C59: BEN sector
B60: coal mining 05 | C60: ENERGY SECTOR
B61: oil and gas extraction 06 | C61: ENERGY SECTOR
B62: wood products 16 | C62: OTHERS
B63: rubber and plastic products 22 | C63: OTHERS
B64: glass and glass products 231 | C64: OTHERS
B65: other metals 242 | C65: IRON-ALLOYS
B66: metal products except machinery and vehicles 25 | C66: IRON-ALLOYS
B67: computers and electronics 26 | C67: OTHERS
B68: appliances and electrical equipment 27 | C68: OTHERS
B69: other machinery 28 | C69: OTHERS
B70: road vehicles 29 | C70: OTHERS
... B75: construction 41T43 | C75: OTHERS
A77: This Variable Excludes All On-Site Energy Carrier Generation (Electricity, Heat, Hydrogen)
A78: This variable is for energy purchased and consumed by the Industry sector.
A79: Secondary energy, including electricity, heat, or hydrogen that is generated on-site and also consumed on-site
A80: (e.g. entirely within an industrial facility) should not be included in this variable.
A81: Any energy carrier (electricity, heat, hydrogen) demand entered here will be
A82: supplied by the electricity, district heat, or hydrogen supply sectors respectively.
A84: The biomass fuel rows in the Brazilian source data are included expcept when used for on-site generation
A85: because that total is used to calculate demand for electricity from the Electricity Supply sector (and therefore should exclude on-site generation).
A86: Biomass is the sum of firewood, charcoal and sugar cane byproducts (typically bagasse and other subproducts from the sugar and ethanol sector)
A88: There is no district heating in Brazil. We assume this usage in industry is zero.
A90: Petroleum-Related Notes
A91: BEN tables has separate lines for oil refinareis and ethanol destilaries, so no extra processing is necessary
A93: Petroleum Fuels Mapping (based on closest BTU Content)
B94: Fuel Used in BEN (portuguese term) | C94: Corresponding EPS Fuel
B95: Petróleo | C95: Crude Oil
B96: Gás Natural | C96: Natural Gas
B97: Carvão Vapor | C97: Coal
B98: Carvão Metalúrgico | C98: Coal
B99: Urânio U3O8 | C99: other
B100: Energia Hidráulica | C100: Electricity
B101: Lenha | C101: Biomass
B102: Produtos da Cana | C102: Biomass
B103: Outras Fontes Primárias | C103: other
B104: Biodiesel | C104: Biomass
B105: Óleo Diesel | C105: Petroleum Diesel
... B119: Alcatrão | C119: Heavy or Residual Oil
A121: Conversion Factor
A122: 42 | B122: gal_per_barrel
A123: 39680000 | B123: toe_to_BTU
A125: BEN table lines
A126: 23 | B126: REFINARIAS DE PETRÓLEO
A127: 24 | B127: PLANTAS DE GÁS NATURAL
A128: 26 | B128: COQUERIAS
A129: 41 | B129: AGRICULTURE AND LIVESTOCK
A130: 48 | B130: CEMENT
A131: 49 | B131: PIG-IRON AND STEEL
A132: 50 | B132: IRON-ALLOYS
A133: 51 | B133: MINING/PELLETIZATION
A134: 52 | B134: NON-FERROUS/ OTHER METALLURGICAL
A135: 53 | B135: CHEMICAL
A136: 54 | B136: FOODS AND BEVERAGES
A137: 55 | B137: TEXTILES
...

Sheet BEN sectors
B2: Brazlian Energy Balance 2023 (data up to 2022)
B3: Table 1.5.a – Final Energy Consumption by Sector
B5: IDENTIFICAÇÃO | C5: 2013 | D5: 2014 | E5: 2015 | F5: 2016 | G5: 2017 | H5: 2018 | I5: 2019 | J5: 2020 | K5: 2021 | L5: 2022 | M5: IDENTIFICATION
B6: CONSUMO FINAL | C6: 259166 | D6: 264703 | E6: 260221 | F6: 254784 | G6: 258830 | H6: 257468 | I6: 259042 | J6: 253785 | K6: 263799 | L6: 271317 | M6: FINAL CONSUMPTION
B7: CONSUMO FINAL NÃO-ENERGÉTICO | C7: 16329 | D7: 16009 | E7: 15110 | F7: 14771 | G7: 15048 | H7: 14130 | I7: 14253 | J7: 12563 | K7: 13785 | L7: 15942 | M7: FINAL NON-ENERGY CONSUMPTION
B8: CONSUMO FINAL ENERGÉTICO | C8: 242837 | D8: 248694 | E8: 245110 | F8: 240013 | G8: 243782 | H8: 243338 | I8: 244789 | J8: 241222 | K8: 250014 | L8: 255375 | M8: FINAL ENERGY CONSUMPTION
B9: SETOR ENERGÉTICO | C9: 25079 | D9: 26540 | E9: 26919 | F9: 25419 | G9: 24983 | H9: 27660 | I9: 27718 | J9: 26317 | K9: 24863 | L9: 23496 | M9: ENERGY SECTOR
B10: RESIDENCIAL | C10: 24125 | D10: 25256 | E10: 25438 | F10: 25393 | G10: 26001 | H10: 27063 | I10: 27354 | J10: 28298 | K10: 28577 | L10: 28963 | M10: RESIDENTIAL
B11: COMERCIAL | C11: 8135 | D11: 8714 | E11: 8681 | F11: 8480 | G11: 8564 | H11: 8630 | I11: 8996 | J11: 8061 | K11: 8659 | L11: 9330 | M11: COMMERCIAL
B12: PÚBLICO | C12: 3872 | D12: 3997 | E12: 4048 | F12: 4032 | G12: 4035 | H12: 4204 | I12: 4268 | J12: 3976 | K12: 3968 | L12: 4128 | M12: PUBLIC
B13: AGROPECUÁRIO | C13: 10614 | D13: 11174 | E13: 11452 | F13: 11244 | G13: 12292 | H13: 12348 | I13: 12631 | J13: 13012 | K13: 13143 | L13: 13082 | M13: AGRICULTURE AND LIVESTOCK
B14: TRANSPORTES -TOTAL | C14: 83022 | D14: 86027 | E14: 84203 | F14: 81987 | G14: 82890 | H14: 82189 | I14: 84685 | J14: 79375 | K14: 85187 | L14: 89426 | M14: TRANSPORTATION - TOTAL
B15: RODOVIÁRIO | C15: 76880 | D15: 79798 | E15: 78095 | F15: 76325 | G15: 77109 | H15: 76158 | I15: 78946 | J15: 75086 | K15: 80291 | L15: 83940 | M15: HIGHWAYS
B16: FERROVIÁRIO | C16: 1178 | D16: 1172 | E16: 1143 | F16: 1120 | G16: 1204 | H16: 1317 | I16: 1219 | J16: 1225 | K16: 1213 | L16: 1224 | M16: RAILROADS
... B31: CONSUMO NÃO-IDENTIFICADO | C31: 0 | D31: 0 | E31: 0 | F31: 0 | G31: 0 | H31: 0 | I31: 0 | J31: 0 | K31: 0 | L31: 0 | M31: UNIDENTIFIED CONSUMPTION

Sheet BEN2020
B10: BALANÇO ENERGÉTICO NACIONAL - CONSOLIDADO
B11: 2020 - 10³ tep | C11: 10^3 toe
C12: 3 | D12: =1+C12 -> 4 | E12: =1+D12 -> 5 | F12: =1+E12 -> 6 | G12: =1+F12 -> 7 | H12: =1+G12 -> 8 | I12: =1+H12 -> 9 | J12: =1+I12 -> 10 | K12: =1+J12 -> 11 | ... AB12: =1+AA12 -> 28
B13: CONTA | C13: PETRÓLEO | D13: GÁS NATURAL | E13: CARVÃO VAPOR | F13: CARVÃO METALÚRGICO | G13: URÂNIO U3O8 | H13: ENERGIA HIDRÁULICA | I13: LENHA | J13: PRODUTOS DA CANA | K13: OUTRAS FONTES PRIMÁRIAS | L13: ENERGIA PRIMÁRIA TOTAL | M13: BIODIESEL | N13: ÓLEO DIESEL | O13: ÓLEO COMBUSTÍVEL | P13: GASOLINA | Q13: GLP | R13: NAFTA | S13: QUEROSENE | T13: GÁS DE CIDADE E DE COQUERIA | U13: COQUE DE CARVÃO MINERAL | V13: URÂNIO CONTIDO NO UO2 | W13: ELETRICIDADE | X13: CARVÃO VEGETAL | Y13: ÁLCOOL ETÍLICO ANIDRO E HIDRATADO | Z13: OUTRAS SECUNDÁRIAS DE PETRÓLEO | AA13: PRODUTOS NÃO ENERGÉTICOS DE PETRÓLEO | AB13: ALCATRÃO | AC13: ENERGIA SECUNDÁRIA TOTAL | AD13: TOTAL
B14: PRODUÇÃO | C14: 152634.9 | D14: 46298.913 | E14: 2084.7667 | F14: 0 | G14: 205.82271 | H14: 34088.783 | I14: 26456.694 | J14: 55597.402 | K14: 25171.043 | L14: 342538.33 | M14: 0 | N14: 0 | O14: 0 | P14: 0 | Q14: 0 | R14: 0 | S14: 0 | T14: 0 | U14: 0 | V14: 0 | W14: 0 | X14: 0 | Y14: 0 | Z14: 0 | AA14: 0 | AB14: 0 | AC14: 0 | AD14: 342538.33
B15: IMPORTAÇÃO | C15: 8684.4665 | D15: 8457.8208 | E15: 3897.3721 | F15: 6814.5709 | G15: 4698.8758 | H15: 0 | I15: 0 | J15: 0 | K15: 0 | L15: 32553.106 | M15: 0 | N15: 10171.386 | O15: 37.244526 | P15: 3805.0646 | Q15: 2234.6115 | R15: 2932.03 | S15: 268.53589 | T15: 0 | U15: 936.75256 | V15: 2593.8118 | W15: 2159.7112 | X15: 0 | Y15: 511.4385 | Z15: 2057.1886 | AA15: 1235.5358 | AB15: 0 | AC15: 28943.311 | AD15: 61496.417
B16: VARIAÇÃO DE ESTOQUES | C16: 765.40642 | D16: 0 | E16: 72.400573 | F16: 59.2 | G16: -857.54392 | H16: 0 | I16: 0 | J16: 0 | K16: 0 | L16: 39.463078 | M16: -14.256 | N16: 40.469952 | O16: -65.404251 | P16: 62.726006 | Q16: 14.812473 | R16: -51.984045 | S16: 30.867744 | T16: 0 | U16: 89.834172 | V16: -2914.1532 | W16: 0 | X16: 0 | Y16: -113.12252 | Z16: -50.823302 | AA16: -18.04949 | AB16: 0 | AC16: -2989.0825 | AD16: -2949.6194
B17: OFERTA TOTAL | C17: 162084.78 | D17: 54756.733 | E17: 6054.5394 | F17: 6873.7709 | G17: 4047.1546 | H17: 34088.783 | I17: 26456.694 | J17: 55597.402 | K17: 25171.043 | L17: 375130.9 | M17: -14.256 | N17: 10211.856 | O17: -28.159725 | P17: 3867.7906 | Q17: 2249.424 | R17: 2880.046 | S17: 299.40364 | T17: 0 | U17: 1026.5867 | V17: -320.34137 | W17: 2159.7112 | X17: 0 | Y17: 398.31598 | Z17: 2006.3653 | AA17: 1217.4863 | AB17: 0 | AC17: 25954.229 | AD17: 401085.12
B18: EXPORTAÇÃO | C18: -70885.07 | D18: 0 | E18: 0 | F18: 0 | G18: 0 | H18: 0 | I18: 0 | J18: 0 | K18: 0 | L18: -70885.07 | M18: 0 | N18: -805.92749 | O18: -13883.928 | P18: -1824.3025 | Q18: -0.125255 | R18: -58.902705 | S18: -1135.3571 | T18: 0 | U18: 0 | V18: 0 | W18: -33.98978 | X18: 0 | Y18: -1062.5193 | Z18: -566.65188 | AA18: -381.85078 | AB18: 0 | AC18: -19753.555 | AD18: -90638.625
B19: NÃO-APROVEITADA | C19: 0 | D19: -1224.3687 | E19: 0 | F19: 0 | G19: 0 | H19: 0 | I19: 0 | J19: 0 | K19: 0 | L19: -1224.3687 | M19: 0 | N19: 0 | O19: 0 | P19: 0 | Q19: 0 | R19: 0 | S19: 0 | T19: 0 | U19: 0 | V19: 0 | W19: 0 | X19: 0 | Y19: 0 | Z19: 0 | AA19: 0 | AB19: 0 | AC19: 0 | AD19: -1224.3687
B20: REINJEÇÃO | C20: 0 | D20: -19708.326 | E20: 0 | F20: 0 | G20: 0 | H20: 0 | I20: 0 | J20: 0 | K20: 0 | L20: -19708.326 | M20: 0 | N20: 0 | O20: 0 | P20: 0 | Q20: 0 | R20: 0 | S20: 0 | T20: 0 | U20: 0 | V20: 0 | W20: 0 | X20: 0 | Y20: 0 | Z20: 0 | AA20: 0 | AB20: 0 | AC20: 0 | AD20: -19708.326
B21: OFERTA INTERNA BRUTA | C21: 91199.705 | D21: 33824.039 | E21: 6054.5394 | F21: 6873.7709 | G21: 4047.1546 | H21: 34088.783 | I21: 26456.694 | J21: 55597.402 | K21: 25171.043 | L21: 283313.13 | M21: -14.256 | N21: 9405.9285 | O21: -13912.088 | P21: 2043.4881 | Q21: 2249.2987 | R21: 2821.1433 | S21: -835.95345 | T21: 0 | U21: 1026.5867 | V21: -320.34137 | W21: 2125.7214 | X21: 0 | Y21: -664.20332 | Z21: 1439.7134 | AA21: 835.63551 | AB21: 0 | AC21: 6200.6738 | AD21: 289513.8
B22: TOTAL TRANSFORMAÇÃO | C22: -91051.077 | D22: -18769.498 | E22: -2818.5074 | F22: -6862.6709 | G22: -4047.1546 | H22: -34088.783 | I22: -8733.6754 | J22: -23481.862 | K22: -15897.938 | L22: -205751.17 | M22: 4975.2681 | N22: 33712.964 | O22: 16263.863 | P22: 18131.358 | Q22: 6056.9133 | R22: 1862.7815 | S22: 2743.8985 | T22: 1210.7658 | U22: 5873.4375 | V22: 320.34137 | W22: 54073.68 | X22: 4413.1203 | Y22: 16875.3 | Z22: 7604.2169 | AA22: 6039.003 | AB22: 211.22933 | AC22: 180368.14 | AD22: -25383.026
B23: REFINARIAS DE PETRÓLEO | C23: -89531.484 | D23: 0 | E23: 0 | F23: 0 | G23: 0 | H23: 0 | I23: 0 | J23: 0 | K23: -5965.6982 | L23: -95497.182 | M23: 0 | N23: 35798.423 | O23: 16763.396 | P23: 16714.79 | Q23: 4496.0722 | R23: 4766.3417 | S23: 2743.8985 | T23: 0 | U23: 0 | V23: 0 | W23: 0 | X23: 0 | Y23: 0 | Z23: 7794.715 | AA23: 5274.8341 | AB23: 0 | AC23: 94352.47 | AD23: -1144.7117
B24: PLANTAS DE GÁS NATURAL | C24: 0 | D24: -3763.7604 | E24: 0 | F24: 0 | G24: 0 | H24: 0 | I24: 0 | J24: 0 | K24: 973.60712 | L24: -2790.1533 | M24: 0 | N24: 0 | O24: 0 | P24: 115.5 | Q24: 1463.6022 | R24: 0 | S24: 0 | T24: 0 | U24: 0 | V24: 0 | W24: 0 | X24: 0 | Y24: 0 | Z24: 0 | AA24: 958.92904 | AB24: 0 | AC24: 2538.0313 | AD24: -252.12198
B25: USINAS DE GASEIFICAÇÃO | C25: 0 | D25: 0 | E25: 0 | F25: 0 | G25: 0 | H25: 0 | I25: 0 | J25: 0 | K25: 0 | L25: 0 | M25: 0 | N25: 0 | O25: 0 | P25: 0 | Q25: 0 | R25: 0 | S25: 0 | T25: 0 | U25: 0 | V25: 0 | W25: 0 | X25: 0 | Y25: 0 | Z25: 0 | AA25: 0 | AB25: 0 | AC25: 0 | AD25: 0
... B60: AJUSTES | C60: -148.62785 | D60: -27.579022 | E60: -12.420024 | F60: 0 | G60: 0 | H60: 0 | I60: -2.2555469e-12 | J60: 0 | K60: 8.1432154e-13 | L60: -188.6269 | M60: 12.761063 | N60: -169.14641 | O60: 33.137141 | P60: -8.6368553 | Q60: 51.223641 | R60: -75.175785 | S60: -8.9075274 | T60: 25.42377 | U60: 0 | V60: 0 | W60: 0 | X60: 0 | Y60: -79.09218 | Z60: -251.73183 | AA60: -6.1708465 | AB60: -2.4300562e-14 | AC60: -476.31582 | AD60: -664.94272

Sheet BEN2021
B10: BALANÇO ENERGÉTICO NACIONAL - CONSOLIDADO
B11: 2021 - 10³ tep | C11: 10^3 toe
C12: FONTES DE ENERGIA PRIMÁRIA | M12: FONTES DE ENERGIA SECUNDÁRIA
B13: CONTA | C13: PETRÓLEO | D13: GÁS NATURAL | E13: CARVÃO VAPOR | F13: CARVÃO METALÚRGICO | G13: URÂNIO U3O8 | H13: ENERGIA HIDRÁULICA | I13: LENHA | J13: PRODUTOS DA CANA | K13: OUTRAS FONTES PRIMÁRIAS | L13: ENERGIA PRIMÁRIA TOTAL | M13: BIODIESEL | N13: ÓLEO DIESEL | O13: ÓLEO COMBUSTÍVEL | P13: GASOLINA | Q13: GLP | R13: NAFTA | S13: QUEROSENE | T13: GÁS DE CIDADE E DE COQUERIA | U13: COQUE DE CARVÃO MINERAL | V13: URÂNIO CONTIDO NO UO2 | W13: ELETRICIDADE | X13: CARVÃO VEGETAL | Y13: ÁLCOOL ETÍLICO ANIDRO E HIDRATADO | Z13: OUTRAS SECUNDÁRIAS DE PETRÓLEO | AA13: PRODUTOS NÃO ENERGÉTICOS DE PETRÓLEO | AB13: ALCATRÃO | AC13: ENERGIA SECUNDÁRIA TOTAL | AD13: TOTAL
B14: PRODUÇÃO | C14: 150386.11 | D14: 48462.373 | E14: 2639.6247 | F14: 0 | G14: 342.64919 | H14: 31202.387 | I14: 27406.732 | J14: 49425.409 | K14: 28436.73 | L14: 338302.02 | M14: 0 | N14: 0 | O14: 0 | P14: 0 | Q14: 0 | R14: 0 | S14: 0 | T14: 0 | U14: 0 | V14: 0 | W14: 0 | X14: 0 | Y14: 0 | Z14: 0 | AA14: 0 | AB14: 0 | AC14: 0 | AD14: 338302.02
B15: IMPORTAÇÃO | C15: 7247.0563 | D15: 14833.016 | E15: 5372.347 | F15: 7893.3912 | G15: 4722.7887 | H15: 0 | I15: 0 | J15: 0 | K15: 0 | L15: 40068.599 | M15: 0 | N15: 12242.283 | O15: 595.08748 | P15: 2121.3223 | Q15: 2454.4701 | R15: 6051.8783 | S15: 307.30059 | T15: 0 | U15: 1153.0173 | V15: 3128.7673 | W15: 1990.6326 | X15: 0 | Y15: 230.688 | Z15: 2898.4257 | AA15: 1710.7362 | AB15: 0 | AC15: 34884.609 | AD15: 74953.208
B16: VARIAÇÃO DE ESTOQUES | C16: -308.26462 | D16: 176 | E16: 41.551514 | F16: 59.2 | G16: -786.51308 | H16: 0 | I16: 0 | J16: 0 | K16: 0 | L16: -818.02618 | M16: -14.256 | N16: -7.457312 | O16: -441.61339 | P16: -200.61696 | Q16: -63.834225 | R16: 107.96368 | S16: -53.777706 | T16: 0 | U16: -214.3914 | V16: -3507.2658 | W16: 0 | X16: 0 | Y16: 755.29728 | Z16: -25.281859 | AA16: -8.193238 | AB16: 0 | AC16: -3673.4269 | AD16: -4491.4531
B17: OFERTA TOTAL | C17: 157324.9 | D17: 63471.389 | E17: 8053.5233 | F17: 7952.5912 | G17: 4278.9248 | H17: 31202.387 | I17: 27406.732 | J17: 49425.409 | K17: 28436.73 | L17: 377552.59 | M17: -14.256 | N17: 12234.825 | O17: 153.47409 | P17: 1920.7053 | Q17: 2390.6359 | R17: 6159.842 | S17: 253.52288 | T17: 0 | U17: 938.62589 | V17: -378.49846 | W17: 1990.6326 | X17: 0 | Y17: 985.98528 | Z17: 2873.1439 | AA17: 1702.543 | AB17: 0 | AC17: 31211.182 | AD17: 408763.77
B18: EXPORTAÇÃO | C18: -64722.453 | D18: 0 | E18: 0 | F18: 0 | G18: 0 | H18: 0 | I18: 0 | J18: 0 | K18: 0 | L18: -64722.453 | M18: 0 | N18: -500.53636 | O18: -12237.573 | P18: -1381.822 | Q18: -0.125255 | R18: -230.63297 | S18: -1088.753 | T18: 0 | U18: 0 | V18: 0 | W18: -3.79905 | X18: 0 | Y18: -967.18264 | Z18: -841.03422 | AA18: -385.39723 | AB18: 0 | AC18: -17636.856 | AD18: -82359.309
B19: NÃO-APROVEITADA | C19: 0 | D19: -1220.896 | E19: 0 | F19: 0 | G19: 0 | H19: 0 | I19: 0 | J19: 0 | K19: 0 | L19: -1220.896 | M19: 0 | N19: 0 | O19: 0 | P19: 0 | Q19: 0 | R19: 0 | S19: 0 | T19: 0 | U19: 0 | V19: 0 | W19: 0 | X19: 0 | Y19: 0 | Z19: 0 | AA19: 0 | AB19: 0 | AC19: 0 | AD19: -1220.896
B20: REINJEÇÃO | C20: 0 | D20: -22025.333 | E20: 0 | F20: 0 | G20: 0 | H20: 0 | I20: 0 | J20: 0 | K20: 0 | L20: -22025.333 | M20: 0 | N20: 0 | O20: 0 | P20: 0 | Q20: 0 | R20: 0 | S20: 0 | T20: 0 | U20: 0 | V20: 0 | W20: 0 | X20: 0 | Y20: 0 | Z20: 0 | AA20: 0 | AB20: 0 | AC20: 0 | AD20: -22025.333
B21: OFERTA INTERNA BRUTA | C21: 92602.452 | D21: 40225.16 | E21: 8053.5233 | F21: 7952.5912 | G21: 4278.9248 | H21: 31202.387 | I21: 27406.732 | J21: 49425.409 | K21: 28436.73 | L21: 289583.91 | M21: -14.256 | N21: 11734.289 | O21: -12084.099 | P21: 538.88334 | Q21: 2390.5106 | R21: 5929.209 | S21: -835.23009 | T21: 0 | U21: 938.62589 | V21: -378.49846 | W21: 1986.8336 | X21: 0 | Y21: 18.802638 | Z21: 2032.1096 | AA21: 1317.1458 | AB21: 0 | AC21: 13574.326 | AD21: 303158.23
B22: TOTAL TRANSFORMAÇÃO | C22: -92548.701 | D22: -23366.316 | E22: -4416.4028 | F22: -7941.4912 | G22: -4278.9248 | H22: -31202.387 | I22: -9118.9396 | J22: -21146.698 | K22: -18557.444 | L22: -212577.3 | M22: 5211.1387 | N22: 34559.175 | O22: 14553.887 | P22: 21636.378 | Q22: 5871.5236 | R22: -230.16867 | S22: 3353.4781 | T22: 1433.6054 | U22: 6945.6675 | V22: 378.49846 | W22: 56425.387 | X22: 4632.4834 | Y22: 15525.213 | Z22: 7185.6154 | AA22: 5392.5708 | AB22: 248.93729 | AC22: 183123.39 | AD22: -29453.913
B23: REFINARIAS DE PETRÓLEO | C23: -91825.434 | D23: 0 | E23: 0 | F23: 0 | G23: 0 | H23: 0 | I23: 0 | J23: 0 | K23: -4539.2889 | L23: -96364.723 | M23: 0 | N23: 36339.327 | O23: 16478.873 | P23: 19602.856 | Q23: 4421.8033 | R23: 3558.2238 | S23: 3353.4781 | T23: 0 | U23: 0 | V23: 0 | W23: 0 | X23: 0 | Y23: 0 | Z23: 7521.1503 | AA23: 4705.9953 | AB23: 0 | AC23: 95981.707 | AD23: -383.01633
B24: PLANTAS DE GÁS NATURAL | C24: 0 | D24: -3480.2547 | E24: 0 | F24: 0 | G24: 0 | H24: 0 | I24: 0 | J24: 0 | K24: 889.24396 | L24: -2591.0108 | M24: 0 | N24: 0 | O24: 0 | P24: 115.5 | Q24: 1321.6541 | R24: 0 | S24: 0 | T24: 0 | U24: 0 | V24: 0 | W24: 0 | X24: 0 | Y24: 0 | Z24: 0 | AA24: 919.6136 | AB24: 0 | AC24: 2356.7677 | AD24: -234.24306
B25: USINAS DE GASEIFICAÇÃO | C25: 0 | D25: 0 | E25: 0 | F25: 0 | G25: 0 | H25: 0 | I25: 0 | J25: 0 | K25: 0 | L25: 0 | M25: 0 | N25: 0 | O25: 0 | P25: 0 | Q25: 0 | R25: 0 | S25: 0 | T25: 0 | U25: 0 | V25: 0 | W25: 0 | X25: 0 | Y25: 0 | Z25: 0 | AA25: 0 | AB25: 0 | AC25: 0 | AD25: 0
... B60: AJUSTES | C60: -53.750288 | D60: 55.651742 | E60: -0.49454757 | F60: 0 | G60: 0 | H60: -5.0058588e-12 | I60: -2.2555469e-12 | J60: 0 | K60: 1.1368684e-13 | L60: 1.406907 | M60: 41.923521 | N60: 6.1041845 | O60: 0.43817909 | P60: -38.517982 | Q60: 35.569852 | R60: -148.65128 | S60: 2.084181 | T60: 19.064517 | U60: -1.2551027e-12 | V60: 0 | W60: 0 | X60: 0 | Y60: 63.33603 | Z60: -223.1568 | AA60: -89.320419 | AB60: 0 | AC60: -331.12602 | AD60: -329.71911

Sheet BEN2022
B10: BALANÇO ENERGÉTICO NACIONAL - CONSOLIDADO
B11: 2022 - 10³ tep | C11: 10^3 toe
C12: FONTES DE ENERGIA PRIMÁRIA | M12: FONTES DE ENERGIA SECUNDÁRIA
B13: CONTA | C13: PETRÓLEO | D13: GÁS NATURAL | E13: CARVÃO VAPOR | F13: CARVÃO METALÚRGICO | G13: URÂNIO U3O8 | H13: ENERGIA HIDRÁULICA | I13: LENHA | J13: PRODUTOS DA CANA | K13: OUTRAS FONTES PRIMÁRIAS | L13: ENERGIA PRIMÁRIA TOTAL | M13: BIODIESEL | N13: ÓLEO DIESEL | O13: ÓLEO COMBUSTÍVEL | P13: GASOLINA | Q13: GLP | R13: NAFTA | S13: QUEROSENE | T13: GÁS DE CIDADE E DE COQUERIA | U13: COQUE DE CARVÃO MINERAL | V13: URÂNIO CONTIDO NO UO2 | W13: ELETRICIDADE | X13: CARVÃO VEGETAL | Y13: ÁLCOOL ETÍLICO ANIDRO E HIDRATADO | Z13: OUTRAS SECUNDÁRIAS DE PETRÓLEO | AA13: PRODUTOS NÃO ENERGÉTICOS DE PETRÓLEO | AB13: ALCATRÃO | AC13: ENERGIA SECUNDÁRIA TOTAL | AD13: TOTAL
B14: PRODUÇÃO | C14: 156397.8 | D14: 49970.612 | E14: 2311.0422 | F14: 0 | G14: 516.23987 | H14: 36731.765 | I14: 27283.262 | J14: 47740.204 | K14: 33597.363 | L14: 354548.29 | M14: 0 | N14: 0 | O14: 0 | P14: 0 | Q14: 0 | R14: 0 | S14: 0 | T14: 0 | U14: 0 | V14: 0 | W14: 0 | X14: 0 | Y14: 0 | Z14: 0 | AA14: 0 | AB14: 0 | AC14: 0 | AD14: 354548.29
B15: IMPORTAÇÃO | C15: 12723.559 | D15: 7721.648 | E15: 3257.3705 | F15: 7404.8992 | G15: 3159.6227 | H15: 0 | I15: 0 | J15: 0 | K15: 0 | L15: 34267.1 | M15: 0 | N15: 12198.195 | O15: 201.92891 | P15: 3192.6472 | Q15: 2143.7943 | R15: 6451.2534 | S15: 1063.9434 | T15: 0 | U15: 1081.6614 | V15: 2780.5657 | W15: 1538.255 | X15: 0 | Y15: 52.79925 | Z15: 2941.2847 | AA15: 1533.4537 | AB15: 0 | AC15: 35179.782 | AD15: 69446.882
B16: VARIAÇÃO DE ESTOQUES | C16: -470.11031 | D16: 0 | E16: 55.416528 | F16: 55.536337 | G16: 534.58131 | H16: 0 | I16: 0 | J16: 0 | K16: 0 | L16: 175.42386 | M16: -14.256 | N16: -506.97595 | O16: -566.89139 | P16: -568.26337 | Q16: -37.610716 | R16: -52.104915 | S16: -148.31017 | T16: 0 | U16: -179.53129 | V16: -3129.6143 | W16: 0 | X16: 0 | Y16: 176.01529 | Z16: 27.567821 | AA16: -60.754524 | AB16: 0 | AC16: -5060.7295 | AD16: -4885.3057
B17: OFERTA TOTAL | C17: 168651.25 | D17: 57692.26 | E17: 5623.8292 | F17: 7460.4356 | G17: 4210.4439 | H17: 36731.765 | I17: 27283.262 | J17: 47740.204 | K17: 33597.363 | L17: 388990.81 | M17: -14.256 | N17: 11691.219 | O17: -364.96248 | P17: 2624.3838 | Q17: 2106.1836 | R17: 6399.1485 | S17: 915.6332 | T17: 0 | U17: 902.13016 | V17: -349.0486 | W17: 1538.255 | X17: 0 | Y17: 228.81454 | Z17: 2968.8525 | AA17: 1472.6992 | AB17: 0 | AC17: 30119.052 | AD17: 419109.87
B18: EXPORTAÇÃO | C18: -69579.633 | D18: 0 | E18: 0 | F18: 0 | G18: 0 | H18: 0 | I18: 0 | J18: 0 | K18: 0 | L18: -69579.633 | M18: 0 | N18: -547.37296 | O18: -14592.464 | P18: -420.42385 | Q18: -0.010998 | R18: -379.1363 | S18: -1772.4408 | T18: 0 | U18: 0 | V18: 0 | W18: -428.17287 | X18: 0 | Y18: -1235.1199 | Z18: -820.43784 | AA18: -282.3412 | AB18: 0 | AC18: -20477.921 | AD18: -90057.553
B19: NÃO-APROVEITADA | C19: 0 | D19: -1253.016 | E19: 0 | F19: 0 | G19: 0 | H19: 0 | I19: 0 | J19: 0 | K19: 0 | L19: -1253.016 | M19: 0 | N19: 0 | O19: 0 | P19: 0 | Q19: 0 | R19: 0 | S19: 0 | T19: 0 | U19: 0 | V19: 0 | W19: 0 | X19: 0 | Y19: 0 | Z19: 0 | AA19: 0 | AB19: 0 | AC19: 0 | AD19: -1253.016
B20: REINJEÇÃO | C20: 0 | D20: -24724.806 | E20: 0 | F20: 0 | G20: 0 | H20: 0 | I20: 0 | J20: 0 | K20: 0 | L20: -24724.806 | M20: 0 | N20: 0 | O20: 0 | P20: 0 | Q20: 0 | R20: 0 | S20: 0 | T20: 0 | U20: 0 | V20: 0 | W20: 0 | X20: 0 | Y20: 0 | Z20: 0 | AA20: 0 | AB20: 0 | AC20: 0 | AD20: -24724.806
B21: OFERTA INTERNA BRUTA | C21: 99071.618 | D21: 31714.438 | E21: 5623.8292 | F21: 7460.4356 | G21: 4210.4439 | H21: 36731.765 | I21: 27283.262 | J21: 47740.204 | K21: 33597.363 | L21: 293433.36 | M21: -14.256 | N21: 11143.846 | O21: -14957.426 | P21: 2203.9599 | Q21: 2106.1726 | R21: 6020.0122 | S21: -856.80759 | T21: 0 | U21: 902.13016 | V21: -349.0486 | W21: 1110.0821 | X21: 0 | Y21: -1006.3054 | Z21: 2148.4146 | AA21: 1190.358 | AB21: 0 | AC21: 9641.1318 | AD21: 303074.49
B22: TOTAL TRANSFORMAÇÃO | C22: -98819.22 | D22: -14847.896 | E22: -2034.585 | F22: -7450.0225 | G22: -4210.4439 | H22: -36731.765 | I22: -8843.0098 | J22: -19722.192 | K22: -22828.822 | L22: -215487.96 | M22: 4870.6069 | N22: 37131.809 | O22: 17449.648 | P22: 22078.368 | Q22: 6125.5506 | R22: 982.19155 | S22: 3997.2167 | T22: 1355.7234 | U22: 6515.8266 | V22: 349.0486 | W22: 58236.881 | X22: 4478.7887 | Y22: 16884.884 | Z22: 6557.3799 | AA22: 6227.3261 | AB22: 236.9795 | AC22: 193478.23 | AD22: -22009.728
B23: REFINARIAS DE PETRÓLEO | C23: -97457.483 | D23: 0 | E23: 0 | F23: 0 | G23: 0 | H23: 0 | I23: 0 | J23: 0 | K23: -5691.5138 | L23: -103149 | M23: 0 | N23: 38608.957 | O23: 17724.09 | P23: 20326.04 | Q23: 4702.1656 | R23: 4465.6623 | S23: 3997.2167 | T23: 0 | U23: 0 | V23: 0 | W23: 0 | X23: 0 | Y23: 0 | Z23: 7660.3697 | AA23: 5378.5193 | AB23: 0 | AC23: 102863.02 | AD23: -285.97609
B24: PLANTAS DE GÁS NATURAL | C24: 0 | D24: -3713.6618 | E24: 0 | F24: 0 | G24: 0 | H24: 0 | I24: 0 | J24: 0 | K24: 1000.7849 | L24: -2712.877 | M24: 0 | N24: 0 | O24: 0 | P24: 0 | Q24: 1304.1844 | R24: 0 | S24: 0 | T24: 0 | U24: 0 | V24: 0 | W24: 0 | X24: 0 | Y24: 0 | Z24: 0 | AA24: 1033.6279 | AB24: 0 | AC24: 2337.8123 | AD24: -375.06473
B25: USINAS DE GASEIFICAÇÃO | C25: 0 | D25: 0 | E25: 0 | F25: 0 | G25: 0 | H25: 0 | I25: 0 | J25: 0 | K25: 0 | L25: 0 | M25: 0 | N25: 0 | O25: 0 | P25: 0 | Q25: 0 | R25: 0 | S25: 0 | T25: 0 | U25: 0 | V25: 0 | W25: 0 | X25: 0 | Y25: 0 | Z25: 0 | AA25: 0 | AB25: 0 | AC25: 0 | AD25: 0
... B60: AJUSTES | C60: -252.39892 | D60: 388.91526 | E60: -4.834647 | F60: 0.68693674 | G60: 0 | H60: 0 | I60: 0 | J60: 0 | K60: 3.9790393e-13 | L60: 132.36863 | M60: 46.750165 | N60: -87.507444 | O60: -61.701538 | P60: -55.325073 | Q60: -20.251962 | R60: -43.164972 | S60: -6.9063503 | T60: 1.5815108 | U60: -4.8034416 | V60: 0 | W60: 0 | X60: 0 | Y60: -0.02856 | Z60: -125.58227 | AA60: -209.8125 | AB60: -1.71 | AC60: -568.46243 | AD60: -436.09381

Sheet Iron and steel
B2: Iron and steel sector
B3: Sectoral modeling of low carbon options for pig iron and steel
B4: Figure 17
A29: 10^6toe | B29: 2010 | C29: 2015 | D29: 2020 | E29: 2025 | F29: 2030 | G29: 2035 | H29: 2040 | I29: 2045 | J29: 2050
B30: 16.293823 | C30: 17.429048 | D30: 19.232053 | E30: 21.691708 | F30: 24.151363 | G30: 26.611018 | H30: 29.070673 | I30: 31.530328 | J30: 33.989983
B31: 14.357262 | C31: 15.225376 | D31: 16.828047 | E31: 18.987201 | F31: 21.146355 | G31: 23.305509 | H31: 25.464663 | I31: 27.623817 | J31: 29.782972
B32: 12.687813 | C32: 13.489149 | D32: 14.824708 | E32: 16.72788 | F32: 18.631052 | G32: 20.534224 | H32: 22.437396 | I32: 24.340568 | J32: 26.24374
B33: 11.686144 | C33: 12.554257 | D33: 13.823038 | E33: 15.592654 | F33: 17.36227 | G33: 19.131886 | H33: 20.901503 | I33: 22.671119 | J33: 24.440735
B34: 11.48581 | C34: 12.287145 | D34: 13.489149 | E34: 15.236505 | F34: 16.983862 | G34: 18.731219 | H34: 20.478575 | I34: 22.225932 | J34: 23.973289
B35: 10.083472 | C35: 10.684474 | D35: 11.819699 | E35: 13.333333 | F35: 14.846967 | G35: 16.360601 | H35: 17.874235 | I35: 19.387869 | J35: 20.901503
B36: 7.1452421 | C36: 7.5459098 | D36: 8.2136895 | E36: 9.3043962 | F36: 10.395103 | G36: 11.48581 | H36: 12.576516 | I36: 13.667223 | J36: 14.75793
A39: 1000 toe | B39: 2010 | C39: 2015 | D39: 2020 | E39: 2025 | F39: 2030 | G39: 2035 | H39: 2040 | I39: 2045 | J39: 2050
A40: coal | B40: =(B30-B31)*1000 -> 1936.5609 | C40: =(C30-C31)*1000 -> 2203.6728 | D40: =(D30-D31)*1000 -> 2404.0067 | E40: =(E30-E31)*1000 -> 2704.5075 | F40: =(F30-F31)*1000 -> 3005.0083 | G40: =(G30-G31)*1000 -> 3305.5092 | H40: =(H30-H31)*1000 -> 3606.01 | I40: =(I30-I31)*1000 -> 3906.5109 | J40: =(J30-J31)*1000 -> 4207.0117
A41: coke oven gas | B41: =(B31-B32)*1000 -> 1669.4491 | C41: =(C31-C32)*1000 -> 1736.227 | D41: =(D31-D32)*1000 -> 2003.3389 | E41: =(E31-E32)*1000 -> 2259.3211 | F41: =(F31-F32)*1000 -> 2515.3033 | G41: =(G31-G32)*1000 -> 2771.2855 | H41: =(H31-H32)*1000 -> 3027.2677 | I41: =(I31-I32)*1000 -> 3283.2499 | J41: =(J31-J32)*1000 -> 3539.2321
A42: natural gas | B42: =(B32-B33)*1000 -> 1001.6694 | C42: =(C32-C33)*1000 -> 934.89149 | D42: =(D32-D33)*1000 -> 1001.6694 | E42: =(E32-E33)*1000 -> 1135.2254 | F42: =(F32-F33)*1000 -> 1268.7813 | G42: =(G32-G33)*1000 -> 1402.3372 | H42: =(H32-H33)*1000 -> 1535.8932 | I42: =(I32-I33)*1000 -> 1669.4491 | J42: =(J32-J33)*1000 -> 1803.005
A43: heavy oil | B43: =(B33-B34)*1000 -> 200.33389 | C43: =(C33-C34)*1000 -> 267.11185 | D43: =(D33-D34)*1000 -> 333.88982 | E43: =(E33-E34)*1000 -> 356.14914 | F43: =(F33-F34)*1000 -> 378.40846 | G43: =(G33-G34)*1000 -> 400.66778 | H43: =(H33-H34)*1000 -> 422.9271 | I43: =(I33-I34)*1000 -> 445.18642 | J43: =(J33-J34)*1000 -> 467.44574
A44: electricity | B44: =(B34-B35)*1000 -> 1402.3372 | C44: =(C34-C35)*1000 -> 1602.6711 | D44: =(D34-D35)*1000 -> 1669.4491 | E44: =(E34-E35)*1000 -> 1903.172 | F44: =(F34-F35)*1000 -> 2136.8948 | G44: =(G34-G35)*1000 -> 2370.6177 | H44: =(H34-H35)*1000 -> 2604.3406 | I44: =(I34-I35)*1000 -> 2838.0634 | J44: =(J34-J35)*1000 -> 3071.7863
A45: charcoal | B45: =(B35-B36)*1000 -> 2938.2304 | C45: =(C35-C36)*1000 -> 3138.5643 | D45: =(D35-D36)*1000 -> 3606.01 | E45: =(E35-E36)*1000 -> 4028.9371 | F45: =(F35-F36)*1000 -> 4451.8642 | G45: =(G35-G36)*1000 -> 4874.7913 | H45: =(H35-H36)*1000 -> 5297.7184 | I45: =(I35-I36)*1000 -> 5720.6455 | J45: =(J35-J36)*1000 -> 6143.5726
A46: coke | B46: =(B36-B37)*1000 -> 7145.2421 | C46: =(C36-C37)*1000 -> 7545.9098 | D46: =(D36-D37)*1000 -> 8213.6895 | E46: =(E36-E37)*1000 -> 9304.3962 | F46: =(F36-F37)*1000 -> 10395.103 | G46: =(G36-G37)*1000 -> 11485.81 | H46: =(H36-H37)*1000 -> 12576.516 | I46: =(I36-I37)*1000 -> 13667.223 | J46: =(J36-J37)*1000 -> 14757.93

Sheet Agriculture
B2: Agriculture
B3: Sectoral modeling of low carbon options for the agriculture, forestry and other land use sector (AFOLU)
B4: Figure 45
L10: 2010 | M10: 2011 | N10: 2012 | O10: 2013 | P10: 2050
L11: 401612.9 | M11: 420967.74 | N11: 417741.94 | O11: 454838.71 | P11: 732258.06
L12: 332258.06 | M12: 345161.29 | N12: 345161.29 | O12: 383870.97 | P12: 600000
L13: 219354.84 | M13: 232258.06 | N13: 229032.26 | O13: 250000 | P13: 329032.26
L14: 0 | M14: 0 | N14: 0 | O14: 0 | P14: 0
A24: TJ | B24: 2010 | C24: 2011 | D24: 2012 | E24: 2013 | F24: 2014 | G24: 2015 | H24: 2016 | I24: 2017 | J24: 2018 | K24: 2019 | L24: 2020 | M24: 2021 | N24: 2022 | O24: 2023 | P24: 2024 | Q24: 2025 | R24: 2026 | S24: 2027 | T24: 2028 | U24: 2029 | V24: 2030 | W24: 2031 | X24: 2032 | Y24: 2033 | Z24: 2034 | AA24: 2035 | AB24: 2036 | AC24: 2037 | AD24: 2038 | AE24: 2039 | AF24: 2040 | AG24: 2041 | AH24: 2042 | AI24: 2043 | AJ24: 2044 | AK24: 2045 | AL24: 2046 | AM24: 2047 | AN24: 2048 | AO24: 2049 | AP24: 2050
A25: electricity | B25: =L11-L12 -> 69354.839 | C25: =M11-M12 -> 75806.452 | D25: =N11-N12 -> 72580.645 | E25: =O11-O12 -> 70967.742 | F25: =$E25+(F24-$E$24)*($AP25-$E25)/($AP$24-$E$24) -> 72624.237 | G25: =$E25+(G24-$E$24)*($AP25-$E25)/($AP$24-$E$24) -> 74280.732 | H25: =$E25+(H24-$E$24)*($AP25-$E25)/($AP$24-$E$24) -> 75937.228 | I25: =$E25+(I24-$E$24)*($AP25-$E25)/($AP$24-$E$24) -> 77593.723 | J25: =$E25+(J24-$E$24)*($AP25-$E25)/($AP$24-$E$24) -> 79250.218 | K25: =$E25+(K24-$E$24)*($AP25-$E25)/($AP$24-$E$24) -> 80906.713 | L25: =$E25+(L24-$E$24)*($AP25-$E25)/($AP$24-$E$24) -> 82563.208 | M25: =$E25+(M24-$E$24)*($AP25-$E25)/($AP$24-$E$24) -> 84219.704 | ... AO25: =$E25+(AO24-$E$24)*($AP25-$E25)/($AP$24-$E$24) -> 130601.57 | AP25: =P11-P12 -> 132258.06
A26: firewood | B26: =L12-L13 -> 112903.23 | C26: =M12-M13 -> 112903.23 | D26: =N12-N13 -> 116129.03 | E26: 133870.97 | F26: =$E26+(F$24-$E$24)*($AP26-$E26)/($AP$24-$E$24) -> 137576.29 | G26: =$E26+(G$24-$E$24)*($AP26-$E26)/($AP$24-$E$24) -> 141281.6 | H26: =$E26+(H$24-$E$24)*($AP26-$E26)/($AP$24-$E$24) -> 144986.92 | I26: =$E26+(I$24-$E$24)*($AP26-$E26)/($AP$24-$E$24) -> 148692.24 | J26: =$E26+(J$24-$E$24)*($AP26-$E26)/($AP$24-$E$24) -> 152397.56 | K26: =$E26+(K$24-$E$24)*($AP26-$E26)/($AP$24-$E$24) -> 156102.88 | L26: =$E26+(L$24-$E$24)*($AP26-$E26)/($AP$24-$E$24) -> 159808.2 | M26: =$E26+(M$24-$E$24)*($AP26-$E26)/($AP$24-$E$24) -> 163513.51 | ... AO26: =$E26+(AO$24-$E$24)*($AP26-$E26)/($AP$24-$E$24) -> 267262.42 | AP26: =P12-P13 -> 270967.74
A27: diesel | B27: =L13-L14 -> 219354.84 | C27: =M13-M14 -> 232258.06 | D27: =N13-N14 -> 229032.26 | E27: 250000 | F27: =$E27+(F$24-$E$24)*($AP27-$E27)/($AP$24-$E$24) -> 252136.01 | G27: =$E27+(G$24-$E$24)*($AP27-$E27)/($AP$24-$E$24) -> 254272.01 | H27: =$E27+(H$24-$E$24)*($AP27-$E27)/($AP$24-$E$24) -> 256408.02 | I27: =$E27+(I$24-$E$24)*($AP27-$E27)/($AP$24-$E$24) -> 258544.03 | J27: =$E27+(J$24-$E$24)*($AP27-$E27)/($AP$24-$E$24) -> 260680.03 | K27: =$E27+(K$24-$E$24)*($AP27-$E27)/($AP$24-$E$24) -> 262816.04 | L27: =$E27+(L$24-$E$24)*($AP27-$E27)/($AP$24-$E$24) -> 264952.05 | M27: =$E27+(M$24-$E$24)*($AP27-$E27)/($AP$24-$E$24) -> 267088.06 | ... AO27: =$E27+(AO$24-$E$24)*($AP27-$E27)/($AP$24-$E$24) -> 326896.25 | AP27: =P13 -> 329032.26
A29: 1000 toe | B29: 2010 | C29: 2011 | D29: 2012 | E29: 2013 | F29: 2014 | G29: 2015 | H29: 2016 | I29: 2017 | J29: 2018 | K29: 2019 | L29: 2020 | M29: 2021 | N29: 2022 | O29: 2023 | P29: 2024 | Q29: 2025 | R29: 2026 | S29: 2027 | T29: 2028 | U29: 2029 | V29: 2030 | W29: 2031 | X29: 2032 | Y29: 2033 | Z29: 2034 | AA29: 2035 | AB29: 2036 | AC29: 2037 | AD29: 2038 | AE29: 2039 | AF29: 2040 | AG29: 2041 | AH29: 2042 | AI29: 2043 | AJ29: 2044 | AK29: 2045 | AL29: 2046 | AM29: 2047 | AN29: 2048 | AO29: 2049 | AP29: 2050
A30: electricity | B30: =B25*$B$34/1000 -> 1656.5403 | C30: =C25*$B$34/1000 -> 1810.6371 | D30: =D25*$B$34/1000 -> 1733.5887 | E30: =E25*$B$34/1000 -> 1695.0645 | F30: =F25*$B$34/1000 -> 1734.6299 | G30: =G25*$B$34/1000 -> 1774.1953 | H30: =H25*$B$34/1000 -> 1813.7607 | I30: =I25*$B$34/1000 -> 1853.3261 | ... AP30: =AP25*$B$34/1000 -> 3158.9839
A31: firewood | B31: =B26*$B$34/1000 -> 2696.6935 | C31: =C26*$B$34/1000 -> 2696.6935 | D31: =D26*$B$34/1000 -> 2773.7419 | E31: =E26*$B$34/1000 -> 3197.5081 | F31: =F26*$B$34/1000 -> 3286.0096 | G31: =G26*$B$34/1000 -> 3374.5111 | H31: =H26*$B$34/1000 -> 3463.0126 | I31: =I26*$B$34/1000 -> 3551.5142 | ... AP31: =AP26*$B$34/1000 -> 6472.0645
A32: diesel | B32: =B27*$B$34/1000 -> 5239.2903 | C32: =C27*$B$34/1000 -> 5547.4839 | D32: =D27*$B$34/1000 -> 5470.4355 | E32: =E27*$B$34/1000 -> 5971.25 | F32: =F27*$B$34/1000 -> 6022.2685 | G32: =G27*$B$34/1000 -> 6073.2871 | H32: =H27*$B$34/1000 -> 6124.3056 | I32: =I27*$B$34/1000 -> 6175.3241 | ... AP32: =AP27*$B$34/1000 -> 7858.9355
A34: TJ to toe= | B34: 23.885

Sheet Chemicals
B2: Chemicals
B3: SIRENE | D3: Mitigation Options of Greenhouse Gas Emissions in Key Sectors in Brazil (MOP) | N3: https://sirene.mctic.gov.br/portal/opencms/paineis/2018/08/24/Opcoes_de_Mitigacao_de_Emissoes_de_Gases_de_Efeito_Estufa.html
A5: ktoe | D5: 2015; | E5: 2020; | F5: 2025; | G5: 2030; | H5: 2035; | I5: 2040; | J5: 2045; | K5: 2050;
A6: Total | B6: ktoe | C6: BAU | D6: 9800 | E6: 10700 | F6: 12200 | G6: 14200 | H6: 16200 | I6: 17700 | J6: 19100 | K6: 19900
A7: Electricity | B7: ktoe | C7: BAU | D7: 1700 | E7: 1800 | F7: 1900 | G7: 2300 | H7: 2600 | I7: 2800 | J7: 3000 | K7: 3300
A8: Natural Gas | B8: ktoe | C8: BAU | D8: 3900 | E8: 4900 | F8: 5800 | G8: 6700 | H8: 7400 | I8: 8300 | J8: 8700 | K8: 8900
A9: LPG | B9: ktoe | C9: BAU | D9: 0 | E9: 0 | F9: 0 | G9: 0 | H9: 0 | I9: 0 | J9: 0 | K9: 0
A10: Fuel Oil | B10: ktoe | C10: BAU | D10: 800 | E10: 1100 | F10: 1200 | G10: 1300 | H10: 1400 | I10: 1400 | J10: 1400 | K10: 1300
A11: Diesel | B11: ktoe | C11: BAU | D11: 0 | E11: 0 | F11: 0 | G11: 0 | H11: 0 | I11: 0 | J11: 0 | K11: 0
A12: Coke | B12: ktoe | C12: BAU | D12: 3100 | E12: 2700 | F12: 3000 | G12: 3500 | H12: 4200 | I12: 4800 | J12: 5400 | K12: 5700
A13: Charcoal | B13: ktoe | C13: BAU | D13: 0 | E13: 0 | F13: 0 | G13: 0 | H13: 0 | I13: 0 | J13: 0 | K13: 0
A14: Coal | B14: ktoe | C14: BAU | D14: 0 | E14: 0 | F14: 0 | G14: 0 | H14: 0 | I14: 0 | J14: 0 | K14: 0
A15: Biomass | B15: ktoe | C15: BAU | D15: 300 | E15: 300 | F15: 400 | G15: 400 | H15: 500 | I15: 500 | J15: 500 | K15: 700
A17: INDUSTRIAL SECTOR - CHEMICAL | F17: 10³ tep(toe)
A18: SOURCES | B18: 2015 | C18: 2016 | D18: 2017 | E18: 2018 | F18: 2019
A19: NATURAL GAS | B19: 2222.3101 | C19: 2197.9106 | D19: 2162.6602 | E19: 2422.2817 | F19: 1941.0024
A20: STEAM COAL | B20: 171.92038 | C20: 125.76592 | D20: 149.10934 | E20: 190.32746 | F20: 137.5116
A21: FIREWOOD | B21: 47.85687 | C21: 42.966 | D21: 46.891728 | E21: 46.148436 | F21: 44.145416
A22: SUGAR CANE BAGASSE AND OTHER WASTES | B22: 84.55 | C22: 80.75 | D22: 80.933864 | E22: 79.650962 | F22: 76.193803
A23: DIESEL OIL | B23: 16.834623 | C23: 15.15679 | D23: 16.774557 | E23: 16.096842 | F23: 15.061172
A24: BIODIESEL | B24: 1.1834442 | C24: 1.0654956 | D24: 1.3204166 | E24: 1.6155606 | F24: 1.6219787
A25: FUEL OIL | B25: 206.60502 | C25: 325.97885 | D25: 132.99855 | E25: 90.851907 | F25: 87.105657
A26: LIQUEFIED PETROLEUM GAS | B26: 214.73128 | C26: 184.91954 | D26: 210.78633 | E26: 202.50523 | F26: 191.11229
A27: NAPHTHA | B27: 0 | C27: 0 | D27: 0 | E27: 0 | F27: 0
A28: KEROSENE | B28: 0 | C28: 0 | D28: 0 | E28: 0 | F28: 0
A29: GASWORKS GAS | B29: 0 | C29: 0 | D29: 0 | E29: 0 | F29: 0
... A33: TOTAL | B33: 6874.0795 | C33: 6742.6419 | D33: 7018.0585 | E33: 6909.3598 | F33: 6669.4033
A35: Electricity | B35: =B30 -> 1939.5773 | C35: =C30 -> 1900.0065 | D35: =D30 -> 1904.3328
A36: Coal | B36: =B20 -> 171.92038 | C36: =C20 -> 125.76592 | D36: =D20 -> 149.10934
A37: Natural Gas | B37: =B19 -> 2222.3101 | C37: =C19 -> 2197.9106 | D37: =D19 -> 2162.6602
A38: Biomass | B38: =B21+B24+B22+B31 -> 151.85919 | C38: =C21+C24+C22+C31 -> 141.60334 | D38: =D21+D24+D22+D31 -> 146.00615
A39: Petroleum Diesel | B39: =B32+B23 -> 1967.0762 | C39: =C32+C23 -> 1866.4571 | D39: =D32+D23 -> 2312.1652
A40: Heat | B40: 0 | C40: 0 | D40: 0
A41: Crude Oil | B41: 0 | C41: 0 | D41: 0
A42: Heavy or residual oil | B42: =B25 -> 206.60502 | C42: =C25 -> 325.97885 | D42: =D25 -> 132.99855
A43: LPG propane or butane | B43: =B26 -> 214.73128 | C43: =C26 -> 184.91954 | D43: =D26 -> 210.78633
A44: hydrogen | B44: 0 | C44: 0 | D44: 0
B45: =SUM(B35:B44) -> 6874.0795 | C45: =SUM(C35:C44) -> 6742.6419 | D45: =SUM(D35:D44) -> 7018.0585

Sheet O&G systems
B2: O&G systems
B3: Sectoral modeling of low carbon options for the oil and natural gas sector
A4: E&P
B6: Emission factor natural gas(tCO2/TJ)= | E6: 56.1
B7: TJ to toe= | E7: 23.8846
A9: post salt | B9: emissions (MtCO2) | C9: 2010 | D9: 2015 | E9: 2020 | F9: 2025 | G9: 2030 | H9: 2035 | I9: 2040 | J9: 2045 | K9: 2050
B10: self-consumption | C10: 9.4213569 | D10: 9.6136294 | E10: 13.343718 | F10: 15.227989 | G10: 15.074171 | H10: 12.959172 | I10: 9.8828111 | J10: 6.8449042 | K10: 4.4222695 | M10: Table 14
B11: exploration | C11: 7.3716155 | D11: 7.5220566 | E11: 10.440615 | F11: 11.914938 | G11: 11.794585 | H11: 10.139732 | I11: 7.7326742 | J11: 5.3557043 | K11: 3.460146 | M11: Model assumptions on %CO2 for each stage
B13: natural gas (1000toe) | C13: =SUM(C10:C11)*10^3*$E$7/$E$6 -> 7149.6154 | D13: =SUM(D10:D11)*10^3*$E$7/$E$6 -> 7295.526 | E13: =SUM(E10:E11)*10^3*$E$7/$E$6 -> 10126.19 | F13: =SUM(F10:F11)*10^3*$E$7/$E$6 -> 11556.113 | G13: =SUM(G10:G11)*10^3*$E$7/$E$6 -> 11439.385 | H13: =SUM(H10:H11)*10^3*$E$7/$E$6 -> 9834.369 | I13: =SUM(I10:I11)*10^3*$E$7/$E$6 -> 7499.8007 | J13: =SUM(J10:J11)*10^3*$E$7/$E$6 -> 5194.4145 | K13: =SUM(K10:K11)*10^3*$E$7/$E$6 -> 3355.9419
A17: pre salt | B17: emissions (MtCO2) | C17: 2010 | D17: 2015 | E17: 2020 | F17: 2025 | G17: 2030 | H17: 2035 | I17: 2040 | J17: 2045 | K17: 2050 | M17: Table 14
A18: 10% mol CO2 | B18: self-consumption | C18: 0.19333129 | D18: 2.3586418 | E18: 4.0212909 | F18: 6.3412664 | G18: 9.5118997 | H18: 13.146528 | I18: 16.239829 | J18: 17.554481 | K18: 16.43316 | M18: Model assumptions on %CO2 for each stage
B19: exploration | C19: 0.1512695 | D19: 1.8454879 | E19: 3.1464056 | F19: 4.9616396 | G19: 7.4424595 | H19: 10.286326 | I19: 12.706638 | J19: 13.735271 | K19: 12.857908
B21: natural gas (1000toe) | C21: =SUM(C18:C19)*10^3*$E$7/$E$6 -> 146.71394 | D21: =SUM(D18:D19)*10^3*$E$7/$E$6 -> 1789.9101 | E21: =SUM(E18:E19)*10^3*$E$7/$E$6 -> 3051.65 | F21: =SUM(F18:F19)*10^3*$E$7/$E$6 -> 4812.2173 | G21: =SUM(G18:G19)*10^3*$E$7/$E$6 -> 7218.326 | H21: =SUM(H18:H19)*10^3*$E$7/$E$6 -> 9976.5481 | I21: =SUM(I18:I19)*10^3*$E$7/$E$6 -> 12323.971 | J21: =SUM(J18:J19)*10^3*$E$7/$E$6 -> 13321.626 | K21: =SUM(K18:K19)*10^3*$E$7/$E$6 -> 12470.685
A23: 45% mol CO2 | B23: self-consumption | C23: 0.19713038 | D23: 2.4049906 | E23: 4.1003119 | F23: 6.4658765 | G23: 9.6988147 | H23: 13.404866 | I23: 16.558952 | J23: 17.899439 | K23: 16.756082
B24: exploration | C24: 0.15424205 | D24: 1.881753 | E24: 3.2082346 | F24: 5.0591391 | G24: 7.5887087 | H24: 10.488459 | I24: 12.956332 | J24: 14.005178 | K24: 13.110574
B26: natural gas (1000toe) | C26: =SUM(C23:C24)*10^3*$E$7/$E$6 -> 149.59697 | D26: =SUM(D23:D24)*10^3*$E$7/$E$6 -> 1825.083 | E26: =SUM(E23:E24)*10^3*$E$7/$E$6 -> 3111.6169 | F26: =SUM(F23:F24)*10^3*$E$7/$E$6 -> 4906.7805 | G26: =SUM(G23:G24)*10^3*$E$7/$E$6 -> 7360.1708 | H26: =SUM(H23:H24)*10^3*$E$7/$E$6 -> 10172.594 | I26: =SUM(I23:I24)*10^3*$E$7/$E$6 -> 12566.145 | J26: =SUM(J23:J24)*10^3*$E$7/$E$6 -> 13583.405 | K26: =SUM(K23:K24)*10^3*$E$7/$E$6 -> 12715.742 | P26: =9000000*23.88/56.1/1000 -> 3831.016
A28: Average | B28: natural gas (1000toe) | C28: =(C21+C26)/2 -> 148.15545 | D28: =(D21+D26)/2 -> 1807.4965 | E28: =(E21+E26)/2 -> 3081.6335 | F28: =(F21+F26)/2 -> 4859.4989 | G28: =(G21+G26)/2 -> 7289.2484 | H28: =(H21+H26)/2 -> 10074.571 | I28: =(I21+I26)/2 -> 12445.058 | J28: =(J21+J26)/2 -> 13452.515 | K28: =(K21+K26)/2 -> 12593.214
A32: shale and natural gas
B33: emissions (MtCO2) | C33: 2010 | D33: 2015 | E33: 2020 | F33: 2025 | G33: 2030 | H33: 2035 | I33: 2040 | J33: 2045 | K33: 2050 | M33: Table 14
B34: self-consumption | C34: 0 | D34: 0 | E34: 0 | F34: 0.13892617 | G34: 0.64832215 | H34: 0.64832215 | I34: 0.64832215 | J34: 0.64832215 | K34: 0.64832215 | M34: Model assumptions on %CO2 for each stage
B36: natural gas (1000toe) | C36: =C34*10^3*$E$7/$E$6 -> 0 | D36: =D34*10^3*$E$7/$E$6 -> 0 | E36: =E34*10^3*$E$7/$E$6 -> 0 | F36: =F34*10^3*$E$7/$E$6 -> 59.147881 | G36: =G34*10^3*$E$7/$E$6 -> 276.02344 | H36: =H34*10^3*$E$7/$E$6 -> 276.02344 | I36: =I34*10^3*$E$7/$E$6 -> 276.02344 | J36: =J34*10^3*$E$7/$E$6 -> 276.02344 | K36: =K34*10^3*$E$7/$E$6 -> 276.02344
B38: total E&P
B39: natural gas (1000toe) | C39: =SUM(C13,C28,C36) -> 7297.7709 | D39: =SUM(D13,D28,D36) -> 9103.0225 | E39: =SUM(E13,E28,E36) -> 13207.823 | F39: =SUM(F13,F28,F36) -> 16474.76 | G39: =SUM(G13,G28,G36) -> 19004.657 | H39: =SUM(H13,H28,H36) -> 20184.963 | I39: =SUM(I13,I28,I36) -> 20220.882 | J39: =SUM(J13,J28,J36) -> 18922.953 | K39: =SUM(K13,K28,K36) -> 16225.179
A41: Refineries
G44: 2010 | H44: 2015 | I44: 2020 | J44: 2025 | K44: 2030 | L44: 2035 | M44: 2040 | N44: 2045 | O44: 2050
B45: natural gas
B46: total consumption | E46: Mm3 | G46: 2944 | H46: 7123.5 | I46: 11303 | J46: 12825.65 | K46: 14348.3 | L46: 15615.25 | M46: 16882.2 | N46: 16868.85 | O46: 16855.5 | P46: (Table 78)
B47: h2 production consumption | E47: Mm3 | G47: 502.3 | H47: 818 | I47: 1133.7 | J47: 1224.7 | K47: 1315.7 | L47: 1663 | M47: 2010.3 | N47: 2010.3 | O47: 2010.3 | P47: (Table 76)
B48: consumption for energy purpose | E48: Mm3 | G48: =G46-G47 -> 2441.7 | H48: =H46-H47 -> 6305.5 | I48: =I46-I47 -> 10169.3 | J48: =J46-J47 -> 11600.95 | K48: =K46-K47 -> 13032.6 | L48: =L46-L47 -> 13952.25 | M48: =M46-M47 -> 14871.9 | N48: =N46-N47 -> 14858.55 | O48: =O46-O47 -> 14845.2
B50: Heavy or residual oil | E50: PJ | G50: 47.7 | H50: 23.85 | I50: 0 | J50: 0 | K50: 0 | L50: 0 | M50: 0 | N50: 0 | O50: 0
B51: LPG propane or butane | E51: PJ | G51: 89.3 | H51: 101.65 | I51: 114 | J51: 128.35 | K51: 142.7 | L51: 146.85 | M51: 151 | N51: 150.7 | O51: 150.4
B53: electricity* | E53: GWh | G53: 0 | H53: 153.5 | I53: 307 | J53: 1218.25 | K53: 2129.5 | L53: 2344.15 | M53: 2558.8 | N53: 2555.45 | O53: 2552.1
B54: *grid consumption | D54: 1000 | E54: toe | G54: =G53*$D$60/1000 -> 0 | H54: =H53*$D$60/1000 -> 13.198621 | I54: =I53*$D$60/1000 -> 26.397241 | J54: =J53*$D$60/1000 -> 104.75062 | K54: =K53*$D$60/1000 -> 183.10399 | L54: =L53*$D$60/1000 -> 201.56057 | M54: =M53*$D$60/1000 -> 220.01714 | N54: =N53*$D$60/1000 -> 219.72909 | O54: =O53*$D$60/1000 -> 219.44104
B59: Conversion factors
B60: GWh to toe= | D60: 85.9845
B61: Mm3 (NG) to toe= | D61: =10^6/1110 -> 900.9009
B62: PJ to toe= | D62: 23884.6
A65: Total O&G
B66: 1000 toe | C66: 2010 | D66: 2015 | E66: 2020 | F66: 2025 | G66: 2030 | H66: 2035 | I66: 2040 | J66: 2045 | K66: 2050
B67: natural gas | C67: =C39+G46*$D$61/1000 -> 9950.0232 | D67: =D39+H46*$D$61/1000 -> 15520.59 | E67: =E39+I46*$D$61/1000 -> 23390.706 | F67: =F39+J46*$D$61/1000 -> 28029.4 | G67: =G39+K46*$D$61/1000 -> 31931.053 | H67: =H39+L46*$D$61/1000 -> 34252.756 | I67: =I39+M46*$D$61/1000 -> 35430.072 | J67: =J39+N46*$D$61/1000 -> 34120.115 | K67: =K39+O46*$D$61/1000 -> 31410.314
B68: heavy or residual oil | C68: =G50*$D$62/1000 -> 1139.2954 | D68: =H50*$D$62/1000 -> 569.64771 | E68: =I50*$D$62/1000 -> 0 | F68: =J50*$D$62/1000 -> 0 | G68: =K50*$D$62/1000 -> 0 | H68: =L50*$D$62/1000 -> 0 | I68: =M50*$D$62/1000 -> 0 | J68: =N50*$D$62/1000 -> 0 | K68: =O50*$D$62/1000 -> 0
B69: LPG propane or butane | C69: =G51*$D$62/1000 -> 2132.8948 | D69: =H51*$D$62/1000 -> 2427.8696 | E69: =I51*$D$62/1000 -> 2722.8444 | F69: =J51*$D$62/1000 -> 3065.5884 | G69: =K51*$D$62/1000 -> 3408.3324 | H69: =L51*$D$62/1000 -> 3507.4535 | I69: =M51*$D$62/1000 -> 3606.5746 | J69: =N51*$D$62/1000 -> 3599.4092 | K69: =O51*$D$62/1000 -> 3592.2438
B70: electricity | C70: =G54/1000 -> 0 | D70: =H54 -> 13.198621 | E70: =I54 -> 26.397241 | F70: =J54 -> 104.75062 | G70: =K54 -> 183.10399 | H70: =L54 -> 201.56057 | I70: =M54 -> 220.01714 | J70: =N54 -> 219.72909 | K70: =O54 -> 219.44104

Sheet Non-ferrous metallurgy
B2: Non-ferrous metallurgy
B3: Sectoral modeling of low carbon options for the non-ferrous metallurgy sector
B4: Table 28
B5: 2010 | C5: 2015 | D5: 2020 | E5: 2025 | F5: 2030 | G5: 2035 | H5: 2040 | I5: 2045 | J5: 2050
A6: 1000 toe | B6: 6381 | C6: 5536 | D6: 5756 | E6: 6221 | F6: 6696 | G6: 7163 | H6: 7620 | I6: 8062 | J6: 8486
B8: Fuel shares (collected directly from the model)
B9: 2010 | C9: 2015 | D9: 2020 | E9: 2025 | F9: 2030 | G9: 2035 | H9: 2040 | I9: 2045 | J9: 2050
A10: Elect | B10: 0.50921584 | C10: 0.49133343 | D10: 0.56718822 | E10: 0.80192507 | F10: 0.80100488 | G10: 0.79928544 | H10: 0.79676311 | I10: 0.79188982 | J10: 0.71700042
A11: Gas | B11: 0.15495363 | C11: 0.16061014 | D11: 0.097730797 | E11: 0 | F11: 0 | G11: 0 | H11: 0 | I11: 0 | J11: 0.052037945
A12: LPG | B12: 0.0058786388 | C12: 0.0060817889 | D12: 0.00734866 | E12: 0.010697646 | F12: 0.010794722 | G12: 0.010859517 | H12: 0.011000316 | I12: 0.011274851 | J12: 0.010764037
A13: FuelOil | B13: 0.24036933 | C13: 0.2491219 | D13: 0.27123169 | E13: 0.18737729 | F13: 0.1882004 | G13: 0.18985504 | H13: 0.19223657 | I13: 0.19683533 | J13: 0.19011316
A14: Diesel | B14: 0 | C14: 0 | D14: 0 | E14: 0 | F14: 0 | G14: 0 | H14: 0 | I14: 0 | J14: 0
A15: Coke | B15: 0 | C15: 0 | D15: 0 | E15: 0 | F15: 0 | G15: 0 | H15: 0 | I15: 0 | J15: 0
A16: Charcoal | B16: 0.0096846017 | C16: 0.010038133 | D16: 0.0061081753 | E16: 0 | F16: 0 | G16: 0 | H16: 0 | I16: 0 | J16: 0.0032523716
A17: NCoal | B17: 0.079897959 | C17: 0.082814597 | D17: 0.05039245 | E17: 0 | F17: 0 | G17: 0 | H17: 0 | I17: 0 | J17: 0.026832063
A18: ICoal | B18: 0 | C18: 0 | D18: 0 | E18: 0 | F18: 0 | G18: 0 | H18: 0 | I18: 0 | J18: 0
A19: Biomass | B19: 0 | C19: 0 | D19: 0 | E19: 0 | F19: 0 | G19: 0 | H19: 0 | I19: 0 | J19: 0
A24: 1000 toe | B24: 2010 | C24: 2015 | D24: 2020 | E24: 2025 | F24: 2030 | G24: 2035 | H24: 2040 | I24: 2045 | J24: 2050
A25: Elect | B25: =B$6*B10 -> 3249.3063 | C25: =C$6*C10 -> 2720.0219 | D25: =D$6*D10 -> 3264.7354 | E25: =E$6*E10 -> 4988.7758 | F25: =F$6*F10 -> 5363.5287 | G25: =G$6*G10 -> 5725.2816 | H25: =H$6*H10 -> 6071.3349 | I25: =I$6*I10 -> 6384.2157 | J25: =J$6*J10 -> 6084.4656
A26: Gas | B26: =B$6*B11 -> 988.75909 | C26: =C$6*C11 -> 889.13774 | D26: =D$6*D11 -> 562.53847 | E26: =E$6*E11 -> 0 | F26: =F$6*F11 -> 0 | G26: =G$6*G11 -> 0 | H26: =H$6*H11 -> 0 | I26: =I$6*I11 -> 0 | J26: =J$6*J11 -> 441.594
A27: LPG | B27: =B$6*B12 -> 37.511594 | C27: =C$6*C12 -> 33.668783 | D27: =D$6*D12 -> 42.298887 | E27: =E$6*E12 -> 66.550059 | F27: =F$6*F12 -> 72.281459 | G27: =G$6*G12 -> 77.786721 | H27: =H$6*H12 -> 83.822411 | I27: =I$6*I12 -> 90.897848 | J27: =J$6*J12 -> 91.343617
A28: FuelOil | B28: =B$6*B13 -> 1533.7967 | C28: =C$6*C13 -> 1379.1389 | D28: =D$6*D13 -> 1561.2096 | E28: =E$6*E13 -> 1165.6741 | F28: =F$6*F13 -> 1260.1899 | G28: =G$6*G13 -> 1359.9317 | H28: =H$6*H13 -> 1464.8427 | I28: =I$6*I13 -> 1586.8865 | J28: =J$6*J13 -> 1613.3003
A29: Diesel | B29: =B$6*B14 -> 0 | C29: =C$6*C14 -> 0 | D29: =D$6*D14 -> 0 | E29: =E$6*E14 -> 0 | F29: =F$6*F14 -> 0 | G29: =G$6*G14 -> 0 | H29: =H$6*H14 -> 0 | I29: =I$6*I14 -> 0 | J29: =J$6*J14 -> 0
A30: Coke | B30: =B$6*B15 -> 0 | C30: =C$6*C15 -> 0 | D30: =D$6*D15 -> 0 | E30: =E$6*E15 -> 0 | F30: =F$6*F15 -> 0 | G30: =G$6*G15 -> 0 | H30: =H$6*H15 -> 0 | I30: =I$6*I15 -> 0 | J30: =J$6*J15 -> 0
A31: Charcoal | B31: =B$6*B16 -> 61.797443 | C31: =C$6*C16 -> 55.571105 | D31: =D$6*D16 -> 35.158657 | E31: =E$6*E16 -> 0 | F31: =F$6*F16 -> 0 | G31: =G$6*G16 -> 0 | H31: =H$6*H16 -> 0 | I31: =I$6*I16 -> 0 | J31: =J$6*J16 -> 27.599625
A32: NCoal | B32: =B$6*B17 -> 509.82888 | C32: =C$6*C17 -> 458.46161 | D32: =D$6*D17 -> 290.05894 | E32: =E$6*E17 -> 0 | F32: =F$6*F17 -> 0 | G32: =G$6*G17 -> 0 | H32: =H$6*H17 -> 0 | I32: =I$6*I17 -> 0 | J32: =J$6*J17 -> 227.69689
A33: ICoal | B33: =B$6*B18 -> 0 | C33: =C$6*C18 -> 0 | D33: =D$6*D18 -> 0 | E33: =E$6*E18 -> 0 | F33: =F$6*F18 -> 0 | G33: =G$6*G18 -> 0 | H33: =H$6*H18 -> 0 | I33: =I$6*I18 -> 0 | J33: =J$6*J18 -> 0
A34: Biomass | B34: =B$6*B19 -> 0 | C34: =C$6*C19 -> 0 | D34: =D$6*D19 -> 0 | E34: =E$6*E19 -> 0 | F34: =F$6*F19 -> 0 | G34: =G$6*G19 -> 0 | H34: =H$6*H19 -> 0 | I34: =I$6*I19 -> 0 | J34: =J$6*J19 -> 0

Sheet mop
A1: ktoe/yr | B1: 2010 | C1: 2011 | D1: 2012 | E1: 2013 | F1: 2014 | G1: 2015 | H1: 2016 | I1: 2017 | J1: 2018 | K1: 2019 | L1: 2020 | M1: 2021 | N1: 2022 | O1: 2023 | P1: 2024 | Q1: 2025 | R1: 2026 | S1: 2027 | T1: 2028 | U1: 2029 | V1: 2030 | W1: 2031 | X1: 2032 | Y1: 2033 | Z1: 2034 | AA1: 2035 | AB1: 2036 | AC1: 2037 | AD1: 2038 | AE1: 2039 | AF1: 2040 | AG1: 2041 | AH1: 2042 | AI1: 2043 | AJ1: 2044 | AK1: 2045 | AL1: 2046 | AM1: 2047 | AN1: 2048 | AO1: 2049 | AP1: 2050
A2: Cement and other carbonate use
A3: Cement | J3: =(J4-I4)/I4 -> 0.013970626 | K3: =(K4-J4)/J4 -> 0.013778137 | L3: =(L4-K4)/K4 -> 0.01359088 | M3: =(M4-L4)/L4 -> 0.016159136 | N3: =(N4-M4)/M4 -> 0.01590217 | O3: =(O4-N4)/N4 -> 0.01565325 | P3: =(P4-O4)/O4 -> 0.015412002 | Q3: =(Q4-P4)/P4 -> 0.015178077 | ... AP3: =(AP4-AO4)/AO4 -> 0.0064969645
A4: Electricity | B4: 553 | C4: =$B4+((C$1-$B$1)*($G4-$B4)/($G$1-$B$1)) -> 518.38 | D4: =$B4+((D$1-$B$1)*($G4-$B4)/($G$1-$B$1)) -> 483.76 | E4: =$B4+((E$1-$B$1)*($G4-$B4)/($G$1-$B$1)) -> 449.14 | F4: =$B4+((F$1-$B$1)*($G4-$B4)/($G$1-$B$1)) -> 414.52 | G4: 379.9 | H4: =$G4+((H$1-$G$1)*($L4-$G4)/($L$1-$G$1)) -> 385.36 | I4: =$G4+((I$1-$G$1)*($L4-$G4)/($L$1-$G$1)) -> 390.82 | J4: =$G4+((J$1-$G$1)*($L4-$G4)/($L$1-$G$1)) -> 396.28 | K4: =$G4+((K$1-$G$1)*($L4-$G4)/($L$1-$G$1)) -> 401.74 | L4: 407.2 | M4: =$L4+((M$1-$L$1)*($Q4-$L4)/($Q$1-$L$1)) -> 413.78 | N4: =$L4+((N$1-$L$1)*($Q4-$L4)/($Q$1-$L$1)) -> 420.36 | O4: =$L4+((O$1-$L$1)*($Q4-$L4)/($Q$1-$L$1)) -> 426.94 | P4: =$L4+((P$1-$L$1)*($Q4-$L4)/($Q$1-$L$1)) -> 433.52 | Q4: 440.1 | R4: =$Q4+((R$1-$Q$1)*($V4-$Q4)/($V$1-$Q$1)) -> 446.3 | S4: =$Q4+((S$1-$Q$1)*($V4-$Q4)/($V$1-$Q$1)) -> 452.5 | T4: =$Q4+((T$1-$Q$1)*($V4-$Q4)/($V$1-$Q$1)) -> 458.7 | U4: =$Q4+((U$1-$Q$1)*($V4-$Q4)/($V$1-$Q$1)) -> 464.9 | V4: 471.1 | W4: =$V4+((W$1-$V$1)*($AA4-$V4)/($AA$1-$V$1)) -> 476.92 | X4: =$V4+((X$1-$V$1)*($AA4-$V4)/($AA$1-$V$1)) -> 482.74 | Y4: =$V4+((Y$1-$V$1)*($AA4-$V4)/($AA$1-$V$1)) -> 488.56 | Z4: =$V4+((Z$1-$V$1)*($AA4-$V4)/($AA$1-$V$1)) -> 494.38 | AA4: 500.2 | AB4: =$AA4+((AB$1-$AA$1)*($AF4-$AA4)/($AF$1-$AA$1)) -> 505.42 | AC4: =$AA4+((AC$1-$AA$1)*($AF4-$AA4)/($AF$1-$AA$1)) -> 510.64 | AD4: =$AA4+((AD$1-$AA$1)*($AF4-$AA4)/($AF$1-$AA$1)) -> 515.86 | AE4: =$AA4+((AE$1-$AA$1)*($AF4-$AA4)/($AF$1-$AA$1)) -> 521.08 | AF4: 526.3 | AG4: =$AF4+((AG$1-$AF$1)*($AK4-$AF4)/($AK$1-$AF$1)) -> 530.78 | AH4: =$AF4+((AH$1-$AF$1)*($AK4-$AF4)/($AK$1-$AF$1)) -> 535.26 | AI4: =$AF4+((AI$1-$AF$1)*($AK4-$AF4)/($AK$1-$AF$1)) -> 539.74 | AJ4: =$AF4+((AJ$1-$AF$1)*($AK4-$AF4)/($AK$1-$AF$1)) -> 544.22 | AK4: 548.7 | AL4: =$AK4+((AL$1-$AK$1)*($AP4-$AK4)/($AP$1-$AK$1)) -> 552.36 | AM4: =$AK4+((AM$1-$AK$1)*($AP4-$AK4)/($AP$1-$AK$1)) -> 556.02 | AN4: =$AK4+((AN$1-$AK$1)*($AP4-$AK4)/($AP$1-$AK$1)) -> 559.68 | AO4: =$AK4+((AO$1-$AK$1)*($AP4-$AK4)/($AP$1-$AK$1)) -> 563.34 | AP4: 567
A5: Coal | B5: 52 | C5: =$B5+((C$1-$B$1)*($G5-$B5)/($G$1-$B$1)) -> 55.8 | D5: =$B5+((D$1-$B$1)*($G5-$B5)/($G$1-$B$1)) -> 59.6 | E5: =$B5+((E$1-$B$1)*($G5-$B5)/($G$1-$B$1)) -> 63.4 | F5: =$B5+((F$1-$B$1)*($G5-$B5)/($G$1-$B$1)) -> 67.2 | G5: 71 | H5: =$G5+((H$1-$G$1)*($L5-$G5)/($L$1-$G$1)) -> 68.22 | I5: =$G5+((I$1-$G$1)*($L5-$G5)/($L$1-$G$1)) -> 65.44 | J5: =$G5+((J$1-$G$1)*($L5-$G5)/($L$1-$G$1)) -> 62.66 | K5: =$G5+((K$1-$G$1)*($L5-$G5)/($L$1-$G$1)) -> 59.88 | L5: 57.1 | M5: =$L5+((M$1-$L$1)*($Q5-$L5)/($Q$1-$L$1)) -> 50.62 | N5: =$L5+((N$1-$L$1)*($Q5-$L5)/($Q$1-$L$1)) -> 44.14 | O5: =$L5+((O$1-$L$1)*($Q5-$L5)/($Q$1-$L$1)) -> 37.66 | P5: =$L5+((P$1-$L$1)*($Q5-$L5)/($Q$1-$L$1)) -> 31.18 | Q5: 24.7 | R5: =$Q5+((R$1-$Q$1)*($V5-$Q5)/($V$1-$Q$1)) -> 28.56 | S5: =$Q5+((S$1-$Q$1)*($V5-$Q5)/($V$1-$Q$1)) -> 32.42 | T5: =$Q5+((T$1-$Q$1)*($V5-$Q5)/($V$1-$Q$1)) -> 36.28 | U5: =$Q5+((U$1-$Q$1)*($V5-$Q5)/($V$1-$Q$1)) -> 40.14 | V5: 44 | W5: =$V5+((W$1-$V$1)*($AA5-$V5)/($AA$1-$V$1)) -> 46.42 | X5: =$V5+((X$1-$V$1)*($AA5-$V5)/($AA$1-$V$1)) -> 48.84 | Y5: =$V5+((Y$1-$V$1)*($AA5-$V5)/($AA$1-$V$1)) -> 51.26 | Z5: =$V5+((Z$1-$V$1)*($AA5-$V5)/($AA$1-$V$1)) -> 53.68 | AA5: 56.1 | AB5: =$AA5+((AB$1-$AA$1)*($AF5-$AA5)/($AF$1-$AA$1)) -> 64.56 | AC5: =$AA5+((AC$1-$AA$1)*($AF5-$AA5)/($AF$1-$AA$1)) -> 73.02 | AD5: =$AA5+((AD$1-$AA$1)*($AF5-$AA5)/($AF$1-$AA$1)) -> 81.48 | AE5: =$AA5+((AE$1-$AA$1)*($AF5-$AA5)/($AF$1-$AA$1)) -> 89.94 | AF5: 98.4 | AG5: =$AF5+((AG$1-$AF$1)*($AK5-$AF5)/($AK$1-$AF$1)) -> 104.36 | AH5: =$AF5+((AH$1-$AF$1)*($AK5-$AF5)/($AK$1-$AF$1)) -> 110.32 | AI5: =$AF5+((AI$1-$AF$1)*($AK5-$AF5)/($AK$1-$AF$1)) -> 116.28 | AJ5: =$AF5+((AJ$1-$AF$1)*($AK5-$AF5)/($AK$1-$AF$1)) -> 122.24 | AK5: 128.2 | AL5: =$AK5+((AL$1-$AK$1)*($AP5-$AK5)/($AP$1-$AK$1)) -> 132.24 | AM5: =$AK5+((AM$1-$AK$1)*($AP5-$AK5)/($AP$1-$AK$1)) -> 136.28 | AN5: =$AK5+((AN$1-$AK$1)*($AP5-$AK5)/($AP$1-$AK$1)) -> 140.32 | AO5: =$AK5+((AO$1-$AK$1)*($AP5-$AK5)/($AP$1-$AK$1)) -> 144.36 | AP5: 148.4
A6: Natural Gas | B6: 23 | C6: =$B6+((C$1-$B$1)*($G6-$B6)/($G$1-$B$1)) -> 23.38 | D6: =$B6+((D$1-$B$1)*($G6-$B6)/($G$1-$B$1)) -> 23.76 | E6: =$B6+((E$1-$B$1)*($G6-$B6)/($G$1-$B$1)) -> 24.14 | F6: =$B6+((F$1-$B$1)*($G6-$B6)/($G$1-$B$1)) -> 24.52 | G6: 24.9 | H6: =$G6+((H$1-$G$1)*($L6-$G6)/($L$1-$G$1)) -> 24.86 | I6: =$G6+((I$1-$G$1)*($L6-$G6)/($L$1-$G$1)) -> 24.82 | J6: =$G6+((J$1-$G$1)*($L6-$G6)/($L$1-$G$1)) -> 24.78 | K6: =$G6+((K$1-$G$1)*($L6-$G6)/($L$1-$G$1)) -> 24.74 | L6: 24.7 | M6: =$L6+((M$1-$L$1)*($Q6-$L6)/($Q$1-$L$1)) -> 27.98 | N6: =$L6+((N$1-$L$1)*($Q6-$L6)/($Q$1-$L$1)) -> 31.26 | O6: =$L6+((O$1-$L$1)*($Q6-$L6)/($Q$1-$L$1)) -> 34.54 | P6: =$L6+((P$1-$L$1)*($Q6-$L6)/($Q$1-$L$1)) -> 37.82 | Q6: 41.1 | R6: =$Q6+((R$1-$Q$1)*($V6-$Q6)/($V$1-$Q$1)) -> 50.5 | S6: =$Q6+((S$1-$Q$1)*($V6-$Q6)/($V$1-$Q$1)) -> 59.9 | T6: =$Q6+((T$1-$Q$1)*($V6-$Q6)/($V$1-$Q$1)) -> 69.3 | U6: =$Q6+((U$1-$Q$1)*($V6-$Q6)/($V$1-$Q$1)) -> 78.7 | V6: 88.1 | W6: =$V6+((W$1-$V$1)*($AA6-$V6)/($AA$1-$V$1)) -> 98.54 | X6: =$V6+((X$1-$V$1)*($AA6-$V6)/($AA$1-$V$1)) -> 108.98 | Y6: =$V6+((Y$1-$V$1)*($AA6-$V6)/($AA$1-$V$1)) -> 119.42 | Z6: =$V6+((Z$1-$V$1)*($AA6-$V6)/($AA$1-$V$1)) -> 129.86 | AA6: 140.3 | AB6: =$AA6+((AB$1-$AA$1)*($AF6-$AA6)/($AF$1-$AA$1)) -> 146.68 | AC6: =$AA6+((AC$1-$AA$1)*($AF6-$AA6)/($AF$1-$AA$1)) -> 153.06 | AD6: =$AA6+((AD$1-$AA$1)*($AF6-$AA6)/($AF$1-$AA$1)) -> 159.44 | AE6: =$AA6+((AE$1-$AA$1)*($AF6-$AA6)/($AF$1-$AA$1)) -> 165.82 | AF6: 172.2 | AG6: =$AF6+((AG$1-$AF$1)*($AK6-$AF6)/($AK$1-$AF$1)) -> 183.92 | AH6: =$AF6+((AH$1-$AF$1)*($AK6-$AF6)/($AK$1-$AF$1)) -> 195.64 | AI6: =$AF6+((AI$1-$AF$1)*($AK6-$AF6)/($AK$1-$AF$1)) -> 207.36 | AJ6: =$AF6+((AJ$1-$AF$1)*($AK6-$AF6)/($AK$1-$AF$1)) -> 219.08 | AK6: 230.8 | AL6: =$AK6+((AL$1-$AK$1)*($AP6-$AK6)/($AP$1-$AK$1)) -> 242.94 | AM6: =$AK6+((AM$1-$AK$1)*($AP6-$AK6)/($AP$1-$AK$1)) -> 255.08 | AN6: =$AK6+((AN$1-$AK$1)*($AP6-$AK6)/($AP$1-$AK$1)) -> 267.22 | AO6: =$AK6+((AO$1-$AK$1)*($AP6-$AK6)/($AP$1-$AK$1)) -> 279.36 | AP6: 291.5
A7: (biofuel heat and coproducts) Biomass | B7: =B8+B9 -> 413 | C7: =$B7+((C$1-$B$1)*($G7-$B7)/($G$1-$B$1)) -> 428.38 | D7: =$B7+((D$1-$B$1)*($G7-$B7)/($G$1-$B$1)) -> 443.76 | E7: =$B7+((E$1-$B$1)*($G7-$B7)/($G$1-$B$1)) -> 459.14 | F7: =$B7+((F$1-$B$1)*($G7-$B7)/($G$1-$B$1)) -> 474.52 | G7: =G8+G9 -> 489.9 | H7: =$G7+((H$1-$G$1)*($L7-$G7)/($L$1-$G$1)) -> 496.98 | I7: =$G7+((I$1-$G$1)*($L7-$G7)/($L$1-$G$1)) -> 504.06 | J7: =$G7+((J$1-$G$1)*($L7-$G7)/($L$1-$G$1)) -> 511.14 | K7: =$G7+((K$1-$G$1)*($L7-$G7)/($L$1-$G$1)) -> 518.22 | L7: =L8+L9 -> 525.3 | M7: =$L7+((M$1-$L$1)*($Q7-$L7)/($Q$1-$L$1)) -> 543.64 | N7: =$L7+((N$1-$L$1)*($Q7-$L7)/($Q$1-$L$1)) -> 561.98 | O7: =$L7+((O$1-$L$1)*($Q7-$L7)/($Q$1-$L$1)) -> 580.32 | P7: =$L7+((P$1-$L$1)*($Q7-$L7)/($Q$1-$L$1)) -> 598.66 | Q7: =Q8+Q9 -> 617 | R7: =$Q7+((R$1-$Q$1)*($V7-$Q7)/($V$1-$Q$1)) -> 646.69033 | S7: =$Q7+((S$1-$Q$1)*($V7-$Q7)/($V$1-$Q$1)) -> 676.38066 | T7: =$Q7+((T$1-$Q$1)*($V7-$Q7)/($V$1-$Q$1)) -> 706.07098 | U7: =$Q7+((U$1-$Q$1)*($V7-$Q7)/($V$1-$Q$1)) -> 735.76131 | V7: =V8+V9 -> 765.45164 | W7: =$V7+((W$1-$V$1)*($AA7-$V7)/($AA$1-$V$1)) -> 783.9377 | X7: =$V7+((X$1-$V$1)*($AA7-$V7)/($AA$1-$V$1)) -> 802.42377 | Y7: =$V7+((Y$1-$V$1)*($AA7-$V7)/($AA$1-$V$1)) -> 820.90984 | Z7: =$V7+((Z$1-$V$1)*($AA7-$V7)/($AA$1-$V$1)) -> 839.3959 | AA7: =AA8+AA9 -> 857.88197 | AB7: =$AA7+((AB$1-$AA$1)*($AF7-$AA7)/($AF$1-$AA$1)) -> 861.57918 | AC7: =$AA7+((AC$1-$AA$1)*($AF7-$AA7)/($AF$1-$AA$1)) -> 865.27639 | AD7: =$AA7+((AD$1-$AA$1)*($AF7-$AA7)/($AF$1-$AA$1)) -> 868.97361 | AE7: =$AA7+((AE$1-$AA$1)*($AF7-$AA7)/($AF$1-$AA$1)) -> 872.67082 | AF7: =AF8+AF9 -> 876.36803 | AG7: =$AF7+((AG$1-$AF$1)*($AK7-$AF7)/($AK$1-$AF$1)) -> 894.8541 | AH7: =$AF7+((AH$1-$AF$1)*($AK7-$AF7)/($AK$1-$AF$1)) -> 913.34016 | AI7: =$AF7+((AI$1-$AF$1)*($AK7-$AF7)/($AK$1-$AF$1)) -> 931.82623 | AJ7: =$AF7+((AJ$1-$AF$1)*($AK7-$AF7)/($AK$1-$AF$1)) -> 950.3123 | AK7: =AK8+AK9 -> 968.79836 | AL7: =$AK7+((AL$1-$AK$1)*($AP7-$AK7)/($AP$1-$AK$1)) -> 991.81869 | AM7: =$AK7+((AM$1-$AK$1)*($AP7-$AK7)/($AP$1-$AK$1)) -> 1014.839 | AN7: =$AK7+((AN$1-$AK$1)*($AP7-$AK7)/($AP$1-$AK$1)) -> 1037.8593 | AO7: =$AK7+((AO$1-$AK$1)*($AP7-$AK7)/($AP$1-$AK$1)) -> 1060.8797 | AP7: =AP8+AP9 -> 1083.9
A8: carvão vegetal | B8: 63 | C8: =$B8+((C$1-$B$1)*($G8-$B8)/($G$1-$B$1)) -> 63.18 | D8: =$B8+((D$1-$B$1)*($G8-$B8)/($G$1-$B$1)) -> 63.36 | E8: =$B8+((E$1-$B$1)*($G8-$B8)/($G$1-$B$1)) -> 63.54 | F8: =$B8+((F$1-$B$1)*($G8-$B8)/($G$1-$B$1)) -> 63.72 | G8: 63.9 | H8: =$G8+((H$1-$G$1)*($L8-$G8)/($L$1-$G$1)) -> 63.3 | I8: =$G8+((I$1-$G$1)*($L8-$G8)/($L$1-$G$1)) -> 62.7 | J8: =$G8+((J$1-$G$1)*($L8-$G8)/($L$1-$G$1)) -> 62.1 | K8: =$G8+((K$1-$G$1)*($L8-$G8)/($L$1-$G$1)) -> 61.5 | L8: 60.9 | M8: =$L8+((M$1-$L$1)*($Q8-$L8)/($Q$1-$L$1)) -> 65.18 | N8: =$L8+((N$1-$L$1)*($Q8-$L8)/($Q$1-$L$1)) -> 69.46 | O8: =$L8+((O$1-$L$1)*($Q8-$L8)/($Q$1-$L$1)) -> 73.74 | P8: =$L8+((P$1-$L$1)*($Q8-$L8)/($Q$1-$L$1)) -> 78.02 | Q8: 82.3 | R8: =$Q8+((R$1-$Q$1)*($V8-$Q8)/($V$1-$Q$1)) -> 108.0377 | S8: =$Q8+((S$1-$Q$1)*($V8-$Q8)/($V$1-$Q$1)) -> 133.77541 | T8: =$Q8+((T$1-$Q$1)*($V8-$Q8)/($V$1-$Q$1)) -> 159.51311 | U8: =$Q8+((U$1-$Q$1)*($V8-$Q8)/($V$1-$Q$1)) -> 185.25082 | V8: 210.98852 | W8: =$V8+((W$1-$V$1)*($AA8-$V8)/($AA$1-$V$1)) -> 217.13607 | X8: =$V8+((X$1-$V$1)*($AA8-$V8)/($AA$1-$V$1)) -> 223.28361 | Y8: =$V8+((Y$1-$V$1)*($AA8-$V8)/($AA$1-$V$1)) -> 229.43115 | Z8: =$V8+((Z$1-$V$1)*($AA8-$V8)/($AA$1-$V$1)) -> 235.57869 | AA8: 241.72623 | AB8: =$AA8+((AB$1-$AA$1)*($AF8-$AA8)/($AF$1-$AA$1)) -> 242.95574 | AC8: =$AA8+((AC$1-$AA$1)*($AF8-$AA8)/($AF$1-$AA$1)) -> 244.18525 | AD8: =$AA8+((AD$1-$AA$1)*($AF8-$AA8)/($AF$1-$AA$1)) -> 245.41475 | AE8: =$AA8+((AE$1-$AA$1)*($AF8-$AA8)/($AF$1-$AA$1)) -> 246.64426 | AF8: 247.87377 | AG8: =$AF8+((AG$1-$AF$1)*($AK8-$AF8)/($AK$1-$AF$1)) -> 254.02131 | AH8: =$AF8+((AH$1-$AF$1)*($AK8-$AF8)/($AK$1-$AF$1)) -> 260.16885 | AI8: =$AF8+((AI$1-$AF$1)*($AK8-$AF8)/($AK$1-$AF$1)) -> 266.31639 | AJ8: =$AF8+((AJ$1-$AF$1)*($AK8-$AF8)/($AK$1-$AF$1)) -> 272.46393 | AK8: 278.61148 | AL8: =$AK8+((AL$1-$AK$1)*($AP8-$AK8)/($AP$1-$AK$1)) -> 280.68918 | AM8: =$AK8+((AM$1-$AK$1)*($AP8-$AK8)/($AP$1-$AK$1)) -> 282.76689 | AN8: =$AK8+((AN$1-$AK$1)*($AP8-$AK8)/($AP$1-$AK$1)) -> 284.84459 | AO8: =$AK8+((AO$1-$AK$1)*($AP8-$AK8)/($AP$1-$AK$1)) -> 286.9223 | AP8: 289
A9: outras | B9: 350 | C9: =$B9+((C$1-$B$1)*($G9-$B9)/($G$1-$B$1)) -> 365.2 | D9: =$B9+((D$1-$B$1)*($G9-$B9)/($G$1-$B$1)) -> 380.4 | E9: =$B9+((E$1-$B$1)*($G9-$B9)/($G$1-$B$1)) -> 395.6 | F9: =$B9+((F$1-$B$1)*($G9-$B9)/($G$1-$B$1)) -> 410.8 | G9: 426 | H9: =$G9+((H$1-$G$1)*($L9-$G9)/($L$1-$G$1)) -> 433.68 | I9: =$G9+((I$1-$G$1)*($L9-$G9)/($L$1-$G$1)) -> 441.36 | J9: =$G9+((J$1-$G$1)*($L9-$G9)/($L$1-$G$1)) -> 449.04 | K9: =$G9+((K$1-$G$1)*($L9-$G9)/($L$1-$G$1)) -> 456.72 | L9: 464.4 | M9: =$L9+((M$1-$L$1)*($Q9-$L9)/($Q$1-$L$1)) -> 478.46 | N9: =$L9+((N$1-$L$1)*($Q9-$L9)/($Q$1-$L$1)) -> 492.52 | O9: =$L9+((O$1-$L$1)*($Q9-$L9)/($Q$1-$L$1)) -> 506.58 | P9: =$L9+((P$1-$L$1)*($Q9-$L9)/($Q$1-$L$1)) -> 520.64 | Q9: 534.7 | R9: =$Q9+((R$1-$Q$1)*($V9-$Q9)/($V$1-$Q$1)) -> 538.65262 | S9: =$Q9+((S$1-$Q$1)*($V9-$Q9)/($V$1-$Q$1)) -> 542.60525 | T9: =$Q9+((T$1-$Q$1)*($V9-$Q9)/($V$1-$Q$1)) -> 546.55787 | U9: =$Q9+((U$1-$Q$1)*($V9-$Q9)/($V$1-$Q$1)) -> 550.51049 | V9: 554.46311 | W9: =$V9+((W$1-$V$1)*($AA9-$V9)/($AA$1-$V$1)) -> 566.80164 | X9: =$V9+((X$1-$V$1)*($AA9-$V9)/($AA$1-$V$1)) -> 579.14016 | Y9: =$V9+((Y$1-$V$1)*($AA9-$V9)/($AA$1-$V$1)) -> 591.47869 | Z9: =$V9+((Z$1-$V$1)*($AA9-$V9)/($AA$1-$V$1)) -> 603.81721 | AA9: 616.15574 | AB9: =$AA9+((AB$1-$AA$1)*($AF9-$AA9)/($AF$1-$AA$1)) -> 618.62344 | AC9: =$AA9+((AC$1-$AA$1)*($AF9-$AA9)/($AF$1-$AA$1)) -> 621.09115 | AD9: =$AA9+((AD$1-$AA$1)*($AF9-$AA9)/($AF$1-$AA$1)) -> 623.55885 | AE9: =$AA9+((AE$1-$AA$1)*($AF9-$AA9)/($AF$1-$AA$1)) -> 626.02656 | AF9: 628.49426 | AG9: =$AF9+((AG$1-$AF$1)*($AK9-$AF9)/($AK$1-$AF$1)) -> 640.83279 | AH9: =$AF9+((AH$1-$AF$1)*($AK9-$AF9)/($AK$1-$AF$1)) -> 653.17131 | AI9: =$AF9+((AI$1-$AF$1)*($AK9-$AF9)/($AK$1-$AF$1)) -> 665.50984 | AJ9: =$AF9+((AJ$1-$AF$1)*($AK9-$AF9)/($AK$1-$AF$1)) -> 677.84836 | AK9: 690.18689 | AL9: =$AK9+((AL$1-$AK$1)*($AP9-$AK9)/($AP$1-$AK$1)) -> 711.12951 | AM9: =$AK9+((AM$1-$AK$1)*($AP9-$AK9)/($AP$1-$AK$1)) -> 732.07213 | AN9: =$AK9+((AN$1-$AK$1)*($AP9-$AK9)/($AP$1-$AK$1)) -> 753.01475 | AO9: =$AK9+((AO$1-$AK$1)*($AP9-$AK9)/($AP$1-$AK$1)) -> 773.95738 | AP9: 794.9
A10: Petroleum Diesel | B10: =B11+B12 -> 3206 | C10: =$B10+((C$1-$B$1)*($G10-$B10)/($G$1-$B$1)) -> 3095.22 | D10: =$B10+((D$1-$B$1)*($G10-$B10)/($G$1-$B$1)) -> 2984.44 | E10: =$B10+((E$1-$B$1)*($G10-$B10)/($G$1-$B$1)) -> 2873.66 | F10: =$B10+((F$1-$B$1)*($G10-$B10)/($G$1-$B$1)) -> 2762.88 | G10: =G11+G12 -> 2652.1 | H10: =$G10+((H$1-$G$1)*($L10-$G10)/($L$1-$G$1)) -> 2681.24 | I10: =$G10+((I$1-$G$1)*($L10-$G10)/($L$1-$G$1)) -> 2710.38 | J10: =$G10+((J$1-$G$1)*($L10-$G10)/($L$1-$G$1)) -> 2739.52 | K10: =$G10+((K$1-$G$1)*($L10-$G10)/($L$1-$G$1)) -> 2768.66 | L10: =L11+L12 -> 2797.8 | M10: =$L10+((M$1-$L$1)*($Q10-$L10)/($Q$1-$L$1)) -> 2830.56 | N10: =$L10+((N$1-$L$1)*($Q10-$L10)/($Q$1-$L$1)) -> 2863.32 | O10: =$L10+((O$1-$L$1)*($Q10-$L10)/($Q$1-$L$1)) -> 2896.08 | P10: =$L10+((P$1-$L$1)*($Q10-$L10)/($Q$1-$L$1)) -> 2928.84 | Q10: =Q11+Q12 -> 2961.6 | R10: =$Q10+((R$1-$Q$1)*($V10-$Q10)/($V$1-$Q$1)) -> 2977 | S10: =$Q10+((S$1-$Q$1)*($V10-$Q10)/($V$1-$Q$1)) -> 2992.4 | T10: =$Q10+((T$1-$Q$1)*($V10-$Q10)/($V$1-$Q$1)) -> 3007.8 | U10: =$Q10+((U$1-$Q$1)*($V10-$Q10)/($V$1-$Q$1)) -> 3023.2 | V10: =V11+V12 -> 3038.6 | W10: =$V10+((W$1-$V$1)*($AA10-$V10)/($AA$1-$V$1)) -> 3038.66 | X10: =$V10+((X$1-$V$1)*($AA10-$V10)/($AA$1-$V$1)) -> 3038.72 | Y10: =$V10+((Y$1-$V$1)*($AA10-$V10)/($AA$1-$V$1)) -> 3038.78 | Z10: =$V10+((Z$1-$V$1)*($AA10-$V10)/($AA$1-$V$1)) -> 3038.84 | AA10: =AA11+AA12 -> 3038.9 | AB10: =$AA10+((AB$1-$AA$1)*($AF10-$AA10)/($AF$1-$AA$1)) -> 3060.84 | AC10: =$AA10+((AC$1-$AA$1)*($AF10-$AA10)/($AF$1-$AA$1)) -> 3082.78 | AD10: =$AA10+((AD$1-$AA$1)*($AF10-$AA10)/($AF$1-$AA$1)) -> 3104.72 | AE10: =$AA10+((AE$1-$AA$1)*($AF10-$AA10)/($AF$1-$AA$1)) -> 3126.66 | AF10: =AF11+AF12 -> 3148.6 | AG10: =$AF10+((AG$1-$AF$1)*($AK10-$AF10)/($AK$1-$AF$1)) -> 3165.06 | AH10: =$AF10+((AH$1-$AF$1)*($AK10-$AF10)/($AK$1-$AF$1)) -> 3181.52 | AI10: =$AF10+((AI$1-$AF$1)*($AK10-$AF10)/($AK$1-$AF$1)) -> 3197.98 | AJ10: =$AF10+((AJ$1-$AF$1)*($AK10-$AF10)/($AK$1-$AF$1)) -> 3214.44 | AK10: =AK11+AK12 -> 3230.9 | AL10: =$AK10+((AL$1-$AK$1)*($AP10-$AK10)/($AP$1-$AK$1)) -> 3220.66 | AM10: =$AK10+((AM$1-$AK$1)*($AP10-$AK10)/($AP$1-$AK$1)) -> 3210.42 | AN10: =$AK10+((AN$1-$AK$1)*($AP10-$AK10)/($AP$1-$AK$1)) -> 3200.18 | AO10: =$AK10+((AO$1-$AK$1)*($AP10-$AK10)/($AP$1-$AK$1)) -> 3189.94 | AP10: =AP11+AP12 -> 3179.7
A11: óleo diesel | B11: 45 | C11: =$B11+((C$1-$B$1)*($G11-$B11)/($G$1-$B$1)) -> 48 | D11: =$B11+((D$1-$B$1)*($G11-$B11)/($G$1-$B$1)) -> 51 | E11: =$B11+((E$1-$B$1)*($G11-$B11)/($G$1-$B$1)) -> 54 | F11: =$B11+((F$1-$B$1)*($G11-$B11)/($G$1-$B$1)) -> 57 | G11: 60 | H11: =$G11+((H$1-$G$1)*($L11-$G11)/($L$1-$G$1)) -> 48 | I11: =$G11+((I$1-$G$1)*($L11-$G11)/($L$1-$G$1)) -> 36 | J11: =$G11+((J$1-$G$1)*($L11-$G11)/($L$1-$G$1)) -> 24 | K11: =$G11+((K$1-$G$1)*($L11-$G11)/($L$1-$G$1)) -> 12 | L11: 0 | M11: =$L11+((M$1-$L$1)*($Q11-$L11)/($Q$1-$L$1)) -> 0 | N11: =$L11+((N$1-$L$1)*($Q11-$L11)/($Q$1-$L$1)) -> 0 | O11: =$L11+((O$1-$L$1)*($Q11-$L11)/($Q$1-$L$1)) -> 0 | P11: =$L11+((P$1-$L$1)*($Q11-$L11)/($Q$1-$L$1)) -> 0 | Q11: 0 | R11: =$Q11+((R$1-$Q$1)*($V11-$Q11)/($V$1-$Q$1)) -> 0 | S11: =$Q11+((S$1-$Q$1)*($V11-$Q11)/($V$1-$Q$1)) -> 0 | T11: =$Q11+((T$1-$Q$1)*($V11-$Q11)/($V$1-$Q$1)) -> 0 | U11: =$Q11+((U$1-$Q$1)*($V11-$Q11)/($V$1-$Q$1)) -> 0 | V11: 0 | W11: =$V11+((W$1-$V$1)*($AA11-$V11)/($AA$1-$V$1)) -> 0 | X11: =$V11+((X$1-$V$1)*($AA11-$V11)/($AA$1-$V$1)) -> 0 | Y11: =$V11+((Y$1-$V$1)*($AA11-$V11)/($AA$1-$V$1)) -> 0 | Z11: =$V11+((Z$1-$V$1)*($AA11-$V11)/($AA$1-$V$1)) -> 0 | AA11: 0 | AB11: =$AA11+((AB$1-$AA$1)*($AF11-$AA11)/($AF$1-$AA$1)) -> 0 | AC11: =$AA11+((AC$1-$AA$1)*($AF11-$AA11)/($AF$1-$AA$1)) -> 0 | AD11: =$AA11+((AD$1-$AA$1)*($AF11-$AA11)/($AF$1-$AA$1)) -> 0 | AE11: =$AA11+((AE$1-$AA$1)*($AF11-$AA11)/($AF$1-$AA$1)) -> 0 | AF11: 0 | AG11: =$AF11+((AG$1-$AF$1)*($AK11-$AF11)/($AK$1-$AF$1)) -> 0 | AH11: =$AF11+((AH$1-$AF$1)*($AK11-$AF11)/($AK$1-$AF$1)) -> 0 | AI11: =$AF11+((AI$1-$AF$1)*($AK11-$AF11)/($AK$1-$AF$1)) -> 0 | AJ11: =$AF11+((AJ$1-$AF$1)*($AK11-$AF11)/($AK$1-$AF$1)) -> 0 | AK11: 0 | AL11: =$AK11+((AL$1-$AK$1)*($AP11-$AK11)/($AP$1-$AK$1)) -> 0 | AM11: =$AK11+((AM$1-$AK$1)*($AP11-$AK11)/($AP$1-$AK$1)) -> 0 | AN11: =$AK11+((AN$1-$AK$1)*($AP11-$AK11)/($AP$1-$AK$1)) -> 0 | AO11: =$AK11+((AO$1-$AK$1)*($AP11-$AK11)/($AP$1-$AK$1)) -> 0 | AP11: 0
A12: coque de petróleo | B12: 3161 | C12: =$B12+((C$1-$B$1)*($G12-$B12)/($G$1-$B$1)) -> 3047.22 | D12: =$B12+((D$1-$B$1)*($G12-$B12)/($G$1-$B$1)) -> 2933.44 | E12: =$B12+((E$1-$B$1)*($G12-$B12)/($G$1-$B$1)) -> 2819.66 | F12: =$B12+((F$1-$B$1)*($G12-$B12)/($G$1-$B$1)) -> 2705.88 | G12: 2592.1 | H12: =$G12+((H$1-$G$1)*($L12-$G12)/($L$1-$G$1)) -> 2633.24 | I12: =$G12+((I$1-$G$1)*($L12-$G12)/($L$1-$G$1)) -> 2674.38 | J12: =$G12+((J$1-$G$1)*($L12-$G12)/($L$1-$G$1)) -> 2715.52 | K12: =$G12+((K$1-$G$1)*($L12-$G12)/($L$1-$G$1)) -> 2756.66 | L12: 2797.8 | M12: =$L12+((M$1-$L$1)*($Q12-$L12)/($Q$1-$L$1)) -> 2830.56 | N12: =$L12+((N$1-$L$1)*($Q12-$L12)/($Q$1-$L$1)) -> 2863.32 | O12: =$L12+((O$1-$L$1)*($Q12-$L12)/($Q$1-$L$1)) -> 2896.08 | P12: =$L12+((P$1-$L$1)*($Q12-$L12)/($Q$1-$L$1)) -> 2928.84 | Q12: 2961.6 | R12: =$Q12+((R$1-$Q$1)*($V12-$Q12)/($V$1-$Q$1)) -> 2977 | S12: =$Q12+((S$1-$Q$1)*($V12-$Q12)/($V$1-$Q$1)) -> 2992.4 | T12: =$Q12+((T$1-$Q$1)*($V12-$Q12)/($V$1-$Q$1)) -> 3007.8 | U12: =$Q12+((U$1-$Q$1)*($V12-$Q12)/($V$1-$Q$1)) -> 3023.2 | V12: 3038.6 | W12: =$V12+((W$1-$V$1)*($AA12-$V12)/($AA$1-$V$1)) -> 3038.66 | X12: =$V12+((X$1-$V$1)*($AA12-$V12)/($AA$1-$V$1)) -> 3038.72 | Y12: =$V12+((Y$1-$V$1)*($AA12-$V12)/($AA$1-$V$1)) -> 3038.78 | Z12: =$V12+((Z$1-$V$1)*($AA12-$V12)/($AA$1-$V$1)) -> 3038.84 | AA12: 3038.9 | AB12: =$AA12+((AB$1-$AA$1)*($AF12-$AA12)/($AF$1-$AA$1)) -> 3060.84 | AC12: =$AA12+((AC$1-$AA$1)*($AF12-$AA12)/($AF$1-$AA$1)) -> 3082.78 | AD12: =$AA12+((AD$1-$AA$1)*($AF12-$AA12)/($AF$1-$AA$1)) -> 3104.72 | AE12: =$AA12+((AE$1-$AA$1)*($AF12-$AA12)/($AF$1-$AA$1)) -> 3126.66 | AF12: 3148.6 | AG12: =$AF12+((AG$1-$AF$1)*($AK12-$AF12)/($AK$1-$AF$1)) -> 3165.06 | AH12: =$AF12+((AH$1-$AF$1)*($AK12-$AF12)/($AK$1-$AF$1)) -> 3181.52 | AI12: =$AF12+((AI$1-$AF$1)*($AK12-$AF12)/($AK$1-$AF$1)) -> 3197.98 | AJ12: =$AF12+((AJ$1-$AF$1)*($AK12-$AF12)/($AK$1-$AF$1)) -> 3214.44 | AK12: 3230.9 | AL12: =$AK12+((AL$1-$AK$1)*($AP12-$AK12)/($AP$1-$AK$1)) -> 3220.66 | AM12: =$AK12+((AM$1-$AK$1)*($AP12-$AK12)/($AP$1-$AK$1)) -> 3210.42 | AN12: =$AK12+((AN$1-$AK$1)*($AP12-$AK12)/($AP$1-$AK$1)) -> 3200.18 | AO12: =$AK12+((AO$1-$AK$1)*($AP12-$AK12)/($AP$1-$AK$1)) -> 3189.94 | AP12: 3179.7
A13: Heat | B13: 0 | C13: =$B13+((C$1-$B$1)*($G13-$B13)/($G$1-$B$1)) -> 0 | D13: =$B13+((D$1-$B$1)*($G13-$B13)/($G$1-$B$1)) -> 0 | E13: =$B13+((E$1-$B$1)*($G13-$B13)/($G$1-$B$1)) -> 0 | F13: =$B13+((F$1-$B$1)*($G13-$B13)/($G$1-$B$1)) -> 0 | G13: 0 | H13: =$G13+((H$1-$G$1)*($L13-$G13)/($L$1-$G$1)) -> 0 | I13: =$G13+((I$1-$G$1)*($L13-$G13)/($L$1-$G$1)) -> 0 | J13: =$G13+((J$1-$G$1)*($L13-$G13)/($L$1-$G$1)) -> 0 | K13: =$G13+((K$1-$G$1)*($L13-$G13)/($L$1-$G$1)) -> 0 | L13: 0 | M13: =$L13+((M$1-$L$1)*($Q13-$L13)/($Q$1-$L$1)) -> 0 | N13: =$L13+((N$1-$L$1)*($Q13-$L13)/($Q$1-$L$1)) -> 0 | O13: =$L13+((O$1-$L$1)*($Q13-$L13)/($Q$1-$L$1)) -> 0 | P13: =$L13+((P$1-$L$1)*($Q13-$L13)/($Q$1-$L$1)) -> 0 | Q13: 0 | R13: =$Q13+((R$1-$Q$1)*($V13-$Q13)/($V$1-$Q$1)) -> 0 | S13: =$Q13+((S$1-$Q$1)*($V13-$Q13)/($V$1-$Q$1)) -> 0 | T13: =$Q13+((T$1-$Q$1)*($V13-$Q13)/($V$1-$Q$1)) -> 0 | U13: =$Q13+((U$1-$Q$1)*($V13-$Q13)/($V$1-$Q$1)) -> 0 | V13: 0 | W13: =$V13+((W$1-$V$1)*($AA13-$V13)/($AA$1-$V$1)) -> 0 | X13: =$V13+((X$1-$V$1)*($AA13-$V13)/($AA$1-$V$1)) -> 0 | Y13: =$V13+((Y$1-$V$1)*($AA13-$V13)/($AA$1-$V$1)) -> 0 | Z13: =$V13+((Z$1-$V$1)*($AA13-$V13)/($AA$1-$V$1)) -> 0 | AA13: 0 | AB13: =$AA13+((AB$1-$AA$1)*($AF13-$AA13)/($AF$1-$AA$1)) -> 0 | AC13: =$AA13+((AC$1-$AA$1)*($AF13-$AA13)/($AF$1-$AA$1)) -> 0 | AD13: =$AA13+((AD$1-$AA$1)*($AF13-$AA13)/($AF$1-$AA$1)) -> 0 | AE13: =$AA13+((AE$1-$AA$1)*($AF13-$AA13)/($AF$1-$AA$1)) -> 0 | AF13: 0 | AG13: =$AF13+((AG$1-$AF$1)*($AK13-$AF13)/($AK$1-$AF$1)) -> 0 | AH13: =$AF13+((AH$1-$AF$1)*($AK13-$AF13)/($AK$1-$AF$1)) -> 0 | AI13: =$AF13+((AI$1-$AF$1)*($AK13-$AF13)/($AK$1-$AF$1)) -> 0 | AJ13: =$AF13+((AJ$1-$AF$1)*($AK13-$AF13)/($AK$1-$AF$1)) -> 0 | AK13: 0 | AL13: =$AK13+((AL$1-$AK$1)*($AP13-$AK13)/($AP$1-$AK$1)) -> 0 | AM13: =$AK13+((AM$1-$AK$1)*($AP13-$AK13)/($AP$1-$AK$1)) -> 0 | AN13: =$AK13+((AN$1-$AK$1)*($AP13-$AK13)/($AP$1-$AK$1)) -> 0 | AO13: =$AK13+((AO$1-$AK$1)*($AP13-$AK13)/($AP$1-$AK$1)) -> 0 | AP13: 0
A14: Crude Oil | B14: 0 | C14: =$B14+((C$1-$B$1)*($G14-$B14)/($G$1-$B$1)) -> 0 | D14: =$B14+((D$1-$B$1)*($G14-$B14)/($G$1-$B$1)) -> 0 | E14: =$B14+((E$1-$B$1)*($G14-$B14)/($G$1-$B$1)) -> 0 | F14: =$B14+((F$1-$B$1)*($G14-$B14)/($G$1-$B$1)) -> 0 | G14: 0 | H14: =$G14+((H$1-$G$1)*($L14-$G14)/($L$1-$G$1)) -> 0 | I14: =$G14+((I$1-$G$1)*($L14-$G14)/($L$1-$G$1)) -> 0 | J14: =$G14+((J$1-$G$1)*($L14-$G14)/($L$1-$G$1)) -> 0 | K14: =$G14+((K$1-$G$1)*($L14-$G14)/($L$1-$G$1)) -> 0 | L14: 0 | M14: =$L14+((M$1-$L$1)*($Q14-$L14)/($Q$1-$L$1)) -> 0 | N14: =$L14+((N$1-$L$1)*($Q14-$L14)/($Q$1-$L$1)) -> 0 | O14: =$L14+((O$1-$L$1)*($Q14-$L14)/($Q$1-$L$1)) -> 0 | P14: =$L14+((P$1-$L$1)*($Q14-$L14)/($Q$1-$L$1)) -> 0 | Q14: 0 | R14: =$Q14+((R$1-$Q$1)*($V14-$Q14)/($V$1-$Q$1)) -> 0 | S14: =$Q14+((S$1-$Q$1)*($V14-$Q14)/($V$1-$Q$1)) -> 0 | T14: =$Q14+((T$1-$Q$1)*($V14-$Q14)/($V$1-$Q$1)) -> 0 | U14: =$Q14+((U$1-$Q$1)*($V14-$Q14)/($V$1-$Q$1)) -> 0 | V14: 0 | W14: =$V14+((W$1-$V$1)*($AA14-$V14)/($AA$1-$V$1)) -> 0 | X14: =$V14+((X$1-$V$1)*($AA14-$V14)/($AA$1-$V$1)) -> 0 | Y14: =$V14+((Y$1-$V$1)*($AA14-$V14)/($AA$1-$V$1)) -> 0 | Z14: =$V14+((Z$1-$V$1)*($AA14-$V14)/($AA$1-$V$1)) -> 0 | AA14: 0 | AB14: =$AA14+((AB$1-$AA$1)*($AF14-$AA14)/($AF$1-$AA$1)) -> 0 | AC14: =$AA14+((AC$1-$AA$1)*($AF14-$AA14)/($AF$1-$AA$1)) -> 0 | AD14: =$AA14+((AD$1-$AA$1)*($AF14-$AA14)/($AF$1-$AA$1)) -> 0 | AE14: =$AA14+((AE$1-$AA$1)*($AF14-$AA14)/($AF$1-$AA$1)) -> 0 | AF14: 0 | AG14: =$AF14+((AG$1-$AF$1)*($AK14-$AF14)/($AK$1-$AF$1)) -> 0 | AH14: =$AF14+((AH$1-$AF$1)*($AK14-$AF14)/($AK$1-$AF$1)) -> 0 | AI14: =$AF14+((AI$1-$AF$1)*($AK14-$AF14)/($AK$1-$AF$1)) -> 0 | AJ14: =$AF14+((AJ$1-$AF$1)*($AK14-$AF14)/($AK$1-$AF$1)) -> 0 | AK14: 0 | AL14: =$AK14+((AL$1-$AK$1)*($AP14-$AK14)/($AP$1-$AK$1)) -> 0 | AM14: =$AK14+((AM$1-$AK$1)*($AP14-$AK14)/($AP$1-$AK$1)) -> 0 | AN14: =$AK14+((AN$1-$AK$1)*($AP14-$AK14)/($AP$1-$AK$1)) -> 0 | AO14: =$AK14+((AO$1-$AK$1)*($AP14-$AK14)/($AP$1-$AK$1)) -> 0 | AP14: 0
A15: Heavy or residual oil | B15: 8 | C15: =$B15+((C$1-$B$1)*($G15-$B15)/($G$1-$B$1)) -> 8.64 | D15: =$B15+((D$1-$B$1)*($G15-$B15)/($G$1-$B$1)) -> 9.28 | E15: =$B15+((E$1-$B$1)*($G15-$B15)/($G$1-$B$1)) -> 9.92 | F15: =$B15+((F$1-$B$1)*($G15-$B15)/($G$1-$B$1)) -> 10.56 | G15: 11.2 | H15: =$G15+((H$1-$G$1)*($L15-$G15)/($L$1-$G$1)) -> 12 | I15: =$G15+((I$1-$G$1)*($L15-$G15)/($L$1-$G$1)) -> 12.8 | J15: =$G15+((J$1-$G$1)*($L15-$G15)/($L$1-$G$1)) -> 13.6 | K15: =$G15+((K$1-$G$1)*($L15-$G15)/($L$1-$G$1)) -> 14.4 | L15: 15.2 | M15: =$L15+((M$1-$L$1)*($Q15-$L15)/($Q$1-$L$1)) -> 18.74 | N15: =$L15+((N$1-$L$1)*($Q15-$L15)/($Q$1-$L$1)) -> 22.28 | O15: =$L15+((O$1-$L$1)*($Q15-$L15)/($Q$1-$L$1)) -> 25.82 | P15: =$L15+((P$1-$L$1)*($Q15-$L15)/($Q$1-$L$1)) -> 29.36 | Q15: 32.9 | R15: =$Q15+((R$1-$Q$1)*($V15-$Q15)/($V$1-$Q$1)) -> 36.88 | S15: =$Q15+((S$1-$Q$1)*($V15-$Q15)/($V$1-$Q$1)) -> 40.86 | T15: =$Q15+((T$1-$Q$1)*($V15-$Q15)/($V$1-$Q$1)) -> 44.84 | U15: =$Q15+((U$1-$Q$1)*($V15-$Q15)/($V$1-$Q$1)) -> 48.82 | V15: 52.8 | W15: =$V15+((W$1-$V$1)*($AA15-$V15)/($AA$1-$V$1)) -> 49.72 | X15: =$V15+((X$1-$V$1)*($AA15-$V15)/($AA$1-$V$1)) -> 46.64 | Y15: =$V15+((Y$1-$V$1)*($AA15-$V15)/($AA$1-$V$1)) -> 43.56 | Z15: =$V15+((Z$1-$V$1)*($AA15-$V15)/($AA$1-$V$1)) -> 40.48 | AA15: 37.4 | AB15: =$AA15+((AB$1-$AA$1)*($AF15-$AA15)/($AF$1-$AA$1)) -> 35.82 | AC15: =$AA15+((AC$1-$AA$1)*($AF15-$AA15)/($AF$1-$AA$1)) -> 34.24 | AD15: =$AA15+((AD$1-$AA$1)*($AF15-$AA15)/($AF$1-$AA$1)) -> 32.66 | AE15: =$AA15+((AE$1-$AA$1)*($AF15-$AA15)/($AF$1-$AA$1)) -> 31.08 | AF15: 29.5 | AG15: =$AF15+((AG$1-$AF$1)*($AK15-$AF15)/($AK$1-$AF$1)) -> 27.7 | AH15: =$AF15+((AH$1-$AF$1)*($AK15-$AF15)/($AK$1-$AF$1)) -> 25.9 | AI15: =$AF15+((AI$1-$AF$1)*($AK15-$AF15)/($AK$1-$AF$1)) -> 24.1 | AJ15: =$AF15+((AJ$1-$AF$1)*($AK15-$AF15)/($AK$1-$AF$1)) -> 22.3 | AK15: 20.5 | AL15: =$AK15+((AL$1-$AK$1)*($AP15-$AK15)/($AP$1-$AK$1)) -> 18.52 | AM15: =$AK15+((AM$1-$AK$1)*($AP15-$AK15)/($AP$1-$AK$1)) -> 16.54 | AN15: =$AK15+((AN$1-$AK$1)*($AP15-$AK15)/($AP$1-$AK$1)) -> 14.56 | AO15: =$AK15+((AO$1-$AK$1)*($AP15-$AK15)/($AP$1-$AK$1)) -> 12.58 | AP15: 10.6
A16: LPG propane or butane | B16: 0 | C16: =$B16+((C$1-$B$1)*($G16-$B16)/($G$1-$B$1)) -> 0 | D16: =$B16+((D$1-$B$1)*($G16-$B16)/($G$1-$B$1)) -> 0 | E16: =$B16+((E$1-$B$1)*($G16-$B16)/($G$1-$B$1)) -> 0 | F16: =$B16+((F$1-$B$1)*($G16-$B16)/($G$1-$B$1)) -> 0 | G16: 0 | H16: =$G16+((H$1-$G$1)*($L16-$G16)/($L$1-$G$1)) -> 0 | I16: =$G16+((I$1-$G$1)*($L16-$G16)/($L$1-$G$1)) -> 0 | J16: =$G16+((J$1-$G$1)*($L16-$G16)/($L$1-$G$1)) -> 0 | K16: =$G16+((K$1-$G$1)*($L16-$G16)/($L$1-$G$1)) -> 0 | L16: 0 | M16: =$L16+((M$1-$L$1)*($Q16-$L16)/($Q$1-$L$1)) -> 0 | N16: =$L16+((N$1-$L$1)*($Q16-$L16)/($Q$1-$L$1)) -> 0 | O16: =$L16+((O$1-$L$1)*($Q16-$L16)/($Q$1-$L$1)) -> 0 | P16: =$L16+((P$1-$L$1)*($Q16-$L16)/($Q$1-$L$1)) -> 0 | Q16: 0 | R16: =$Q16+((R$1-$Q$1)*($V16-$Q16)/($V$1-$Q$1)) -> 0 | S16: =$Q16+((S$1-$Q$1)*($V16-$Q16)/($V$1-$Q$1)) -> 0 | T16: =$Q16+((T$1-$Q$1)*($V16-$Q16)/($V$1-$Q$1)) -> 0 | U16: =$Q16+((U$1-$Q$1)*($V16-$Q16)/($V$1-$Q$1)) -> 0 | V16: 0 | W16: =$V16+((W$1-$V$1)*($AA16-$V16)/($AA$1-$V$1)) -> 0 | X16: =$V16+((X$1-$V$1)*($AA16-$V16)/($AA$1-$V$1)) -> 0 | Y16: =$V16+((Y$1-$V$1)*($AA16-$V16)/($AA$1-$V$1)) -> 0 | Z16: =$V16+((Z$1-$V$1)*($AA16-$V16)/($AA$1-$V$1)) -> 0 | AA16: 0 | AB16: =$AA16+((AB$1-$AA$1)*($AF16-$AA16)/($AF$1-$AA$1)) -> 0 | AC16: =$AA16+((AC$1-$AA$1)*($AF16-$AA16)/($AF$1-$AA$1)) -> 0 | AD16: =$AA16+((AD$1-$AA$1)*($AF16-$AA16)/($AF$1-$AA$1)) -> 0 | AE16: =$AA16+((AE$1-$AA$1)*($AF16-$AA16)/($AF$1-$AA$1)) -> 0 | AF16: 0 | AG16: =$AF16+((AG$1-$AF$1)*($AK16-$AF16)/($AK$1-$AF$1)) -> 0 | AH16: =$AF16+((AH$1-$AF$1)*($AK16-$AF16)/($AK$1-$AF$1)) -> 0 | AI16: =$AF16+((AI$1-$AF$1)*($AK16-$AF16)/($AK$1-$AF$1)) -> 0 | AJ16: =$AF16+((AJ$1-$AF$1)*($AK16-$AF16)/($AK$1-$AF$1)) -> 0 | AK16: 0 | AL16: =$AK16+((AL$1-$AK$1)*($AP16-$AK16)/($AP$1-$AK$1)) -> 0 | AM16: =$AK16+((AM$1-$AK$1)*($AP16-$AK16)/($AP$1-$AK$1)) -> 0 | AN16: =$AK16+((AN$1-$AK$1)*($AP16-$AK16)/($AP$1-$AK$1)) -> 0 | AO16: =$AK16+((AO$1-$AK$1)*($AP16-$AK16)/($AP$1-$AK$1)) -> 0 | AP16: 0
A17: hydrogen | B17: 0 | C17: =$B17+((C$1-$B$1)*($G17-$B17)/($G$1-$B$1)) -> 0 | D17: =$B17+((D$1-$B$1)*($G17-$B17)/($G$1-$B$1)) -> 0 | E17: =$B17+((E$1-$B$1)*($G17-$B17)/($G$1-$B$1)) -> 0 | F17: =$B17+((F$1-$B$1)*($G17-$B17)/($G$1-$B$1)) -> 0 | G17: 0 | H17: =$G17+((H$1-$G$1)*($L17-$G17)/($L$1-$G$1)) -> 0 | I17: =$G17+((I$1-$G$1)*($L17-$G17)/($L$1-$G$1)) -> 0 | J17: =$G17+((J$1-$G$1)*($L17-$G17)/($L$1-$G$1)) -> 0 | K17: =$G17+((K$1-$G$1)*($L17-$G17)/($L$1-$G$1)) -> 0 | L17: 0 | M17: =$L17+((M$1-$L$1)*($Q17-$L17)/($Q$1-$L$1)) -> 0 | N17: =$L17+((N$1-$L$1)*($Q17-$L17)/($Q$1-$L$1)) -> 0 | O17: =$L17+((O$1-$L$1)*($Q17-$L17)/($Q$1-$L$1)) -> 0 | P17: =$L17+((P$1-$L$1)*($Q17-$L17)/($Q$1-$L$1)) -> 0 | Q17: 0 | R17: =$Q17+((R$1-$Q$1)*($V17-$Q17)/($V$1-$Q$1)) -> 0 | S17: =$Q17+((S$1-$Q$1)*($V17-$Q17)/($V$1-$Q$1)) -> 0 | T17: =$Q17+((T$1-$Q$1)*($V17-$Q17)/($V$1-$Q$1)) -> 0 | U17: =$Q17+((U$1-$Q$1)*($V17-$Q17)/($V$1-$Q$1)) -> 0 | V17: 0 | W17: =$V17+((W$1-$V$1)*($AA17-$V17)/($AA$1-$V$1)) -> 0 | X17: =$V17+((X$1-$V$1)*($AA17-$V17)/($AA$1-$V$1)) -> 0 | Y17: =$V17+((Y$1-$V$1)*($AA17-$V17)/($AA$1-$V$1)) -> 0 | Z17: =$V17+((Z$1-$V$1)*($AA17-$V17)/($AA$1-$V$1)) -> 0 | AA17: 0 | AB17: =$AA17+((AB$1-$AA$1)*($AF17-$AA17)/($AF$1-$AA$1)) -> 0 | AC17: =$AA17+((AC$1-$AA$1)*($AF17-$AA17)/($AF$1-$AA$1)) -> 0 | AD17: =$AA17+((AD$1-$AA$1)*($AF17-$AA17)/($AF$1-$AA$1)) -> 0 | AE17: =$AA17+((AE$1-$AA$1)*($AF17-$AA17)/($AF$1-$AA$1)) -> 0 | AF17: 0 | AG17: =$AF17+((AG$1-$AF$1)*($AK17-$AF17)/($AK$1-$AF$1)) -> 0 | AH17: =$AF17+((AH$1-$AF$1)*($AK17-$AF17)/($AK$1-$AF$1)) -> 0 | AI17: =$AF17+((AI$1-$AF$1)*($AK17-$AF17)/($AK$1-$AF$1)) -> 0 | AJ17: =$AF17+((AJ$1-$AF$1)*($AK17-$AF17)/($AK$1-$AF$1)) -> 0 | AK17: 0 | AL17: =$AK17+((AL$1-$AK$1)*($AP17-$AK17)/($AP$1-$AK$1)) -> 0 | AM17: =$AK17+((AM$1-$AK$1)*($AP17-$AK17)/($AP$1-$AK$1)) -> 0 | AN17: =$AK17+((AN$1-$AK$1)*($AP17-$AK17)/($AP$1-$AK$1)) -> 0 | AO17: =$AK17+((AO$1-$AK$1)*($AP17-$AK17)/($AP$1-$AK$1)) -> 0 | AP17: 0
A20: Natural gas and petroleum systems
A21: Electricity | B21: ='O&G systems'!C70 -> 0 | C21: =$B21+((C$1-$B$1)*($G21-$B21)/($G$1-$B$1)) -> 2.6397242 | D21: =$B21+((D$1-$B$1)*($G21-$B21)/($G$1-$B$1)) -> 5.2794483 | E21: =$B21+((E$1-$B$1)*($G21-$B21)/($G$1-$B$1)) -> 7.9191724 | F21: =$B21+((F$1-$B$1)*($G21-$B21)/($G$1-$B$1)) -> 10.558897 | G21: ='O&G systems'!D70 -> 13.198621 | H21: =$G21+((H$1-$G$1)*($L21-$G21)/($L$1-$G$1)) -> 15.838345 | I21: =$G21+((I$1-$G$1)*($L21-$G21)/($L$1-$G$1)) -> 18.478069 | J21: =$G21+((J$1-$G$1)*($L21-$G21)/($L$1-$G$1)) -> 21.117793 | K21: =$G21+((K$1-$G$1)*($L21-$G21)/($L$1-$G$1)) -> 23.757517 | L21: ='O&G systems'!E70 -> 26.397241 | M21: =$L21+((M$1-$L$1)*($Q21-$L21)/($Q$1-$L$1)) -> 42.067917 | N21: =$L21+((N$1-$L$1)*($Q21-$L21)/($Q$1-$L$1)) -> 57.738592 | O21: =$L21+((O$1-$L$1)*($Q21-$L21)/($Q$1-$L$1)) -> 73.409267 | P21: =$L21+((P$1-$L$1)*($Q21-$L21)/($Q$1-$L$1)) -> 89.079942 | Q21: ='O&G systems'!F70 -> 104.75062 | R21: =$Q21+((R$1-$Q$1)*($V21-$Q21)/($V$1-$Q$1)) -> 120.42129 | S21: =$Q21+((S$1-$Q$1)*($V21-$Q21)/($V$1-$Q$1)) -> 136.09197 | T21: =$Q21+((T$1-$Q$1)*($V21-$Q21)/($V$1-$Q$1)) -> 151.76264 | U21: =$Q21+((U$1-$Q$1)*($V21-$Q21)/($V$1-$Q$1)) -> 167.43332 | V21: ='O&G systems'!G70 -> 183.10399 | W21: =$V21+((W$1-$V$1)*($AA21-$V21)/($AA$1-$V$1)) -> 186.79531 | X21: =$V21+((X$1-$V$1)*($AA21-$V21)/($AA$1-$V$1)) -> 190.48662 | Y21: =$V21+((Y$1-$V$1)*($AA21-$V21)/($AA$1-$V$1)) -> 194.17794 | Z21: =$V21+((Z$1-$V$1)*($AA21-$V21)/($AA$1-$V$1)) -> 197.86925 | AA21: ='O&G systems'!H70 -> 201.56057 | AB21: =$AA21+((AB$1-$AA$1)*($AF21-$AA21)/($AF$1-$AA$1)) -> 205.25188 | AC21: =$AA21+((AC$1-$AA$1)*($AF21-$AA21)/($AF$1-$AA$1)) -> 208.94319 | AD21: =$AA21+((AD$1-$AA$1)*($AF21-$AA21)/($AF$1-$AA$1)) -> 212.63451 | AE21: =$AA21+((AE$1-$AA$1)*($AF21-$AA21)/($AF$1-$AA$1)) -> 216.32582 | AF21: ='O&G systems'!I70 -> 220.01714 | AG21: =$AF21+((AG$1-$AF$1)*($AK21-$AF21)/($AK$1-$AF$1)) -> 219.95953 | AH21: =$AF21+((AH$1-$AF$1)*($AK21-$AF21)/($AK$1-$AF$1)) -> 219.90192 | AI21: =$AF21+((AI$1-$AF$1)*($AK21-$AF21)/($AK$1-$AF$1)) -> 219.84431 | AJ21: =$AF21+((AJ$1-$AF$1)*($AK21-$AF21)/($AK$1-$AF$1)) -> 219.7867 | AK21: ='O&G systems'!J70 -> 219.72909 | AL21: =$AK21+((AL$1-$AK$1)*($AP21-$AK21)/($AP$1-$AK$1)) -> 219.67148 | AM21: =$AK21+((AM$1-$AK$1)*($AP21-$AK21)/($AP$1-$AK$1)) -> 219.61387 | AN21: =$AK21+((AN$1-$AK$1)*($AP21-$AK21)/($AP$1-$AK$1)) -> 219.55626 | AO21: =$AK21+((AO$1-$AK$1)*($AP21-$AK21)/($AP$1-$AK$1)) -> 219.49865 | AP21: ='O&G systems'!K70 -> 219.44104
A22: Coal | B22: 0 | C22: =$B22+((C$1-$B$1)*($G22-$B22)/($G$1-$B$1)) -> 0 | D22: =$B22+((D$1-$B$1)*($G22-$B22)/($G$1-$B$1)) -> 0 | E22: =$B22+((E$1-$B$1)*($G22-$B22)/($G$1-$B$1)) -> 0 | F22: =$B22+((F$1-$B$1)*($G22-$B22)/($G$1-$B$1)) -> 0 | G22: 0 | H22: =$G22+((H$1-$G$1)*($L22-$G22)/($L$1-$G$1)) -> 0 | I22: =$G22+((I$1-$G$1)*($L22-$G22)/($L$1-$G$1)) -> 0 | J22: =$G22+((J$1-$G$1)*($L22-$G22)/($L$1-$G$1)) -> 0 | K22: =$G22+((K$1-$G$1)*($L22-$G22)/($L$1-$G$1)) -> 0 | L22: 0 | M22: =$L22+((M$1-$L$1)*($Q22-$L22)/($Q$1-$L$1)) -> 0 | N22: =$L22+((N$1-$L$1)*($Q22-$L22)/($Q$1-$L$1)) -> 0 | O22: =$L22+((O$1-$L$1)*($Q22-$L22)/($Q$1-$L$1)) -> 0 | P22: =$L22+((P$1-$L$1)*($Q22-$L22)/($Q$1-$L$1)) -> 0 | Q22: 0 | R22: =$Q22+((R$1-$Q$1)*($V22-$Q22)/($V$1-$Q$1)) -> 0 | S22: =$Q22+((S$1-$Q$1)*($V22-$Q22)/($V$1-$Q$1)) -> 0 | T22: =$Q22+((T$1-$Q$1)*($V22-$Q22)/($V$1-$Q$1)) -> 0 | U22: =$Q22+((U$1-$Q$1)*($V22-$Q22)/($V$1-$Q$1)) -> 0 | V22: 0 | W22: =$V22+((W$1-$V$1)*($AA22-$V22)/($AA$1-$V$1)) -> 0 | X22: =$V22+((X$1-$V$1)*($AA22-$V22)/($AA$1-$V$1)) -> 0 | Y22: =$V22+((Y$1-$V$1)*($AA22-$V22)/($AA$1-$V$1)) -> 0 | Z22: =$V22+((Z$1-$V$1)*($AA22-$V22)/($AA$1-$V$1)) -> 0 | AA22: 0 | AB22: =$AA22+((AB$1-$AA$1)*($AF22-$AA22)/($AF$1-$AA$1)) -> 0 | AC22: =$AA22+((AC$1-$AA$1)*($AF22-$AA22)/($AF$1-$AA$1)) -> 0 | AD22: =$AA22+((AD$1-$AA$1)*($AF22-$AA22)/($AF$1-$AA$1)) -> 0 | AE22: =$AA22+((AE$1-$AA$1)*($AF22-$AA22)/($AF$1-$AA$1)) -> 0 | AF22: 0 | AG22: =$AF22+((AG$1-$AF$1)*($AK22-$AF22)/($AK$1-$AF$1)) -> 0 | AH22: =$AF22+((AH$1-$AF$1)*($AK22-$AF22)/($AK$1-$AF$1)) -> 0 | AI22: =$AF22+((AI$1-$AF$1)*($AK22-$AF22)/($AK$1-$AF$1)) -> 0 | AJ22: =$AF22+((AJ$1-$AF$1)*($AK22-$AF22)/($AK$1-$AF$1)) -> 0 | AK22: 0 | AL22: =$AK22+((AL$1-$AK$1)*($AP22-$AK22)/($AP$1-$AK$1)) -> 0 | AM22: =$AK22+((AM$1-$AK$1)*($AP22-$AK22)/($AP$1-$AK$1)) -> 0 | AN22: =$AK22+((AN$1-$AK$1)*($AP22-$AK22)/($AP$1-$AK$1)) -> 0 | AO22: =$AK22+((AO$1-$AK$1)*($AP22-$AK22)/($AP$1-$AK$1)) -> 0 | AP22: 0
A23: Natural Gas | B23: ='O&G systems'!C67 -> 9950.0232 | C23: =$B23+((C$1-$B$1)*($G23-$B23)/($G$1-$B$1)) -> 11064.137 | D23: =$B23+((D$1-$B$1)*($G23-$B23)/($G$1-$B$1)) -> 12178.25 | E23: =$B23+((E$1-$B$1)*($G23-$B23)/($G$1-$B$1)) -> 13292.363 | F23: =$B23+((F$1-$B$1)*($G23-$B23)/($G$1-$B$1)) -> 14406.477 | G23: ='O&G systems'!D67 -> 15520.59 | H23: =$G23+((H$1-$G$1)*($L23-$G23)/($L$1-$G$1)) -> 17094.613 | I23: =$G23+((I$1-$G$1)*($L23-$G23)/($L$1-$G$1)) -> 18668.637 | J23: =$G23+((J$1-$G$1)*($L23-$G23)/($L$1-$G$1)) -> 20242.66 | K23: =$G23+((K$1-$G$1)*($L23-$G23)/($L$1-$G$1)) -> 21816.683 | L23: ='O&G systems'!E67 -> 23390.706 | M23: =$L23+((M$1-$L$1)*($Q23-$L23)/($Q$1-$L$1)) -> 24318.445 | N23: =$L23+((N$1-$L$1)*($Q23-$L23)/($Q$1-$L$1)) -> 25246.184 | O23: =$L23+((O$1-$L$1)*($Q23-$L23)/($Q$1-$L$1)) -> 26173.922 | P23: =$L23+((P$1-$L$1)*($Q23-$L23)/($Q$1-$L$1)) -> 27101.661 | Q23: ='O&G systems'!F67 -> 28029.4 | R23: =$Q23+((R$1-$Q$1)*($V23-$Q23)/($V$1-$Q$1)) -> 28809.73 | S23: =$Q23+((S$1-$Q$1)*($V23-$Q23)/($V$1-$Q$1)) -> 29590.061 | T23: =$Q23+((T$1-$Q$1)*($V23-$Q23)/($V$1-$Q$1)) -> 30370.392 | U23: =$Q23+((U$1-$Q$1)*($V23-$Q23)/($V$1-$Q$1)) -> 31150.722 | V23: ='O&G systems'!G67 -> 31931.053 | W23: =$V23+((W$1-$V$1)*($AA23-$V23)/($AA$1-$V$1)) -> 32395.394 | X23: =$V23+((X$1-$V$1)*($AA23-$V23)/($AA$1-$V$1)) -> 32859.734 | Y23: =$V23+((Y$1-$V$1)*($AA23-$V23)/($AA$1-$V$1)) -> 33324.075 | Z23: =$V23+((Z$1-$V$1)*($AA23-$V23)/($AA$1-$V$1)) -> 33788.416 | AA23: ='O&G systems'!H67 -> 34252.756 | AB23: =$AA23+((AB$1-$AA$1)*($AF23-$AA23)/($AF$1-$AA$1)) -> 34488.219 | AC23: =$AA23+((AC$1-$AA$1)*($AF23-$AA23)/($AF$1-$AA$1)) -> 34723.682 | AD23: =$AA23+((AD$1-$AA$1)*($AF23-$AA23)/($AF$1-$AA$1)) -> 34959.145 | AE23: =$AA23+((AE$1-$AA$1)*($AF23-$AA23)/($AF$1-$AA$1)) -> 35194.608 | AF23: ='O&G systems'!I67 -> 35430.072 | AG23: =$AF23+((AG$1-$AF$1)*($AK23-$AF23)/($AK$1-$AF$1)) -> 35168.08 | AH23: =$AF23+((AH$1-$AF$1)*($AK23-$AF23)/($AK$1-$AF$1)) -> 34906.089 | AI23: =$AF23+((AI$1-$AF$1)*($AK23-$AF23)/($AK$1-$AF$1)) -> 34644.098 | AJ23: =$AF23+((AJ$1-$AF$1)*($AK23-$AF23)/($AK$1-$AF$1)) -> 34382.107 | AK23: ='O&G systems'!J67 -> 34120.115 | AL23: =$AK23+((AL$1-$AK$1)*($AP23-$AK23)/($AP$1-$AK$1)) -> 33578.155 | AM23: =$AK23+((AM$1-$AK$1)*($AP23-$AK23)/($AP$1-$AK$1)) -> 33036.195 | AN23: =$AK23+((AN$1-$AK$1)*($AP23-$AK23)/($AP$1-$AK$1)) -> 32494.235 | AO23: =$AK23+((AO$1-$AK$1)*($AP23-$AK23)/($AP$1-$AK$1)) -> 31952.274 | AP23: ='O&G systems'!K67 -> 31410.314
A24: Biomass | B24: 0 | C24: =$B24+((C$1-$B$1)*($G24-$B24)/($G$1-$B$1)) -> 0 | D24: =$B24+((D$1-$B$1)*($G24-$B24)/($G$1-$B$1)) -> 0 | E24: =$B24+((E$1-$B$1)*($G24-$B24)/($G$1-$B$1)) -> 0 | F24: =$B24+((F$1-$B$1)*($G24-$B24)/($G$1-$B$1)) -> 0 | G24: 0 | H24: =$G24+((H$1-$G$1)*($L24-$G24)/($L$1-$G$1)) -> 0 | I24: =$G24+((I$1-$G$1)*($L24-$G24)/($L$1-$G$1)) -> 0 | J24: =$G24+((J$1-$G$1)*($L24-$G24)/($L$1-$G$1)) -> 0 | K24: =$G24+((K$1-$G$1)*($L24-$G24)/($L$1-$G$1)) -> 0 | L24: 0 | M24: =$L24+((M$1-$L$1)*($Q24-$L24)/($Q$1-$L$1)) -> 0 | N24: =$L24+((N$1-$L$1)*($Q24-$L24)/($Q$1-$L$1)) -> 0 | O24: =$L24+((O$1-$L$1)*($Q24-$L24)/($Q$1-$L$1)) -> 0 | P24: =$L24+((P$1-$L$1)*($Q24-$L24)/($Q$1-$L$1)) -> 0 | Q24: 0 | R24: =$Q24+((R$1-$Q$1)*($V24-$Q24)/($V$1-$Q$1)) -> 0 | S24: =$Q24+((S$1-$Q$1)*($V24-$Q24)/($V$1-$Q$1)) -> 0 | T24: =$Q24+((T$1-$Q$1)*($V24-$Q24)/($V$1-$Q$1)) -> 0 | U24: =$Q24+((U$1-$Q$1)*($V24-$Q24)/($V$1-$Q$1)) -> 0 | V24: 0 | W24: =$V24+((W$1-$V$1)*($AA24-$V24)/($AA$1-$V$1)) -> 0 | X24: =$V24+((X$1-$V$1)*($AA24-$V24)/($AA$1-$V$1)) -> 0 | Y24: =$V24+((Y$1-$V$1)*($AA24-$V24)/($AA$1-$V$1)) -> 0 | Z24: =$V24+((Z$1-$V$1)*($AA24-$V24)/($AA$1-$V$1)) -> 0 | AA24: 0 | AB24: =$AA24+((AB$1-$AA$1)*($AF24-$AA24)/($AF$1-$AA$1)) -> 0 | AC24: =$AA24+((AC$1-$AA$1)*($AF24-$AA24)/($AF$1-$AA$1)) -> 0 | AD24: =$AA24+((AD$1-$AA$1)*($AF24-$AA24)/($AF$1-$AA$1)) -> 0 | AE24: =$AA24+((AE$1-$AA$1)*($AF24-$AA24)/($AF$1-$AA$1)) -> 0 | AF24: 0 | AG24: =$AF24+((AG$1-$AF$1)*($AK24-$AF24)/($AK$1-$AF$1)) -> 0 | AH24: =$AF24+((AH$1-$AF$1)*($AK24-$AF24)/($AK$1-$AF$1)) -> 0 | AI24: =$AF24+((AI$1-$AF$1)*($AK24-$AF24)/($AK$1-$AF$1)) -> 0 | AJ24: =$AF24+((AJ$1-$AF$1)*($AK24-$AF24)/($AK$1-$AF$1)) -> 0 | AK24: 0 | AL24: =$AK24+((AL$1-$AK$1)*($AP24-$AK24)/($AP$1-$AK$1)) -> 0 | AM24: =$AK24+((AM$1-$AK$1)*($AP24-$AK24)/($AP$1-$AK$1)) -> 0 | AN24: =$AK24+((AN$1-$AK$1)*($AP24-$AK24)/($AP$1-$AK$1)) -> 0 | AO24: =$AK24+((AO$1-$AK$1)*($AP24-$AK24)/($AP$1-$AK$1)) -> 0 | AP24: 0
A25: Petroleum Diesel | B25: 0 | C25: =$B25+((C$1-$B$1)*($G25-$B25)/($G$1-$B$1)) -> 0 | D25: =$B25+((D$1-$B$1)*($G25-$B25)/($G$1-$B$1)) -> 0 | E25: =$B25+((E$1-$B$1)*($G25-$B25)/($G$1-$B$1)) -> 0 | F25: =$B25+((F$1-$B$1)*($G25-$B25)/($G$1-$B$1)) -> 0 | G25: 0 | H25: =$G25+((H$1-$G$1)*($L25-$G25)/($L$1-$G$1)) -> 0 | I25: =$G25+((I$1-$G$1)*($L25-$G25)/($L$1-$G$1)) -> 0 | J25: =$G25+((J$1-$G$1)*($L25-$G25)/($L$1-$G$1)) -> 0 | K25: =$G25+((K$1-$G$1)*($L25-$G25)/($L$1-$G$1)) -> 0 | L25: 0 | M25: =$L25+((M$1-$L$1)*($Q25-$L25)/($Q$1-$L$1)) -> 0 | N25: =$L25+((N$1-$L$1)*($Q25-$L25)/($Q$1-$L$1)) -> 0 | O25: =$L25+((O$1-$L$1)*($Q25-$L25)/($Q$1-$L$1)) -> 0 | P25: =$L25+((P$1-$L$1)*($Q25-$L25)/($Q$1-$L$1)) -> 0 | Q25: 0 | R25: =$Q25+((R$1-$Q$1)*($V25-$Q25)/($V$1-$Q$1)) -> 0 | S25: =$Q25+((S$1-$Q$1)*($V25-$Q25)/($V$1-$Q$1)) -> 0 | T25: =$Q25+((T$1-$Q$1)*($V25-$Q25)/($V$1-$Q$1)) -> 0 | U25: =$Q25+((U$1-$Q$1)*($V25-$Q25)/($V$1-$Q$1)) -> 0 | V25: 0 | W25: =$V25+((W$1-$V$1)*($AA25-$V25)/($AA$1-$V$1)) -> 0 | X25: =$V25+((X$1-$V$1)*($AA25-$V25)/($AA$1-$V$1)) -> 0 | Y25: =$V25+((Y$1-$V$1)*($AA25-$V25)/($AA$1-$V$1)) -> 0 | Z25: =$V25+((Z$1-$V$1)*($AA25-$V25)/($AA$1-$V$1)) -> 0 | AA25: 0 | AB25: =$AA25+((AB$1-$AA$1)*($AF25-$AA25)/($AF$1-$AA$1)) -> 0 | AC25: =$AA25+((AC$1-$AA$1)*($AF25-$AA25)/($AF$1-$AA$1)) -> 0 | AD25: =$AA25+((AD$1-$AA$1)*($AF25-$AA25)/($AF$1-$AA$1)) -> 0 | AE25: =$AA25+((AE$1-$AA$1)*($AF25-$AA25)/($AF$1-$AA$1)) -> 0 | AF25: 0 | AG25: =$AF25+((AG$1-$AF$1)*($AK25-$AF25)/($AK$1-$AF$1)) -> 0 | AH25: =$AF25+((AH$1-$AF$1)*($AK25-$AF25)/($AK$1-$AF$1)) -> 0 | AI25: =$AF25+((AI$1-$AF$1)*($AK25-$AF25)/($AK$1-$AF$1)) -> 0 | AJ25: =$AF25+((AJ$1-$AF$1)*($AK25-$AF25)/($AK$1-$AF$1)) -> 0 | AK25: 0 | AL25: =$AK25+((AL$1-$AK$1)*($AP25-$AK25)/($AP$1-$AK$1)) -> 0 | AM25: =$AK25+((AM$1-$AK$1)*($AP25-$AK25)/($AP$1-$AK$1)) -> 0 | AN25: =$AK25+((AN$1-$AK$1)*($AP25-$AK25)/($AP$1-$AK$1)) -> 0 | AO25: =$AK25+((AO$1-$AK$1)*($AP25-$AK25)/($AP$1-$AK$1)) -> 0 | AP25: 0
A26: Heat | B26: 0 | C26: =$B26+((C$1-$B$1)*($G26-$B26)/($G$1-$B$1)) -> 0 | D26: =$B26+((D$1-$B$1)*($G26-$B26)/($G$1-$B$1)) -> 0 | E26: =$B26+((E$1-$B$1)*($G26-$B26)/($G$1-$B$1)) -> 0 | F26: =$B26+((F$1-$B$1)*($G26-$B26)/($G$1-$B$1)) -> 0 | G26: 0 | H26: =$G26+((H$1-$G$1)*($L26-$G26)/($L$1-$G$1)) -> 0 | I26: =$G26+((I$1-$G$1)*($L26-$G26)/($L$1-$G$1)) -> 0 | J26: =$G26+((J$1-$G$1)*($L26-$G26)/($L$1-$G$1)) -> 0 | K26: =$G26+((K$1-$G$1)*($L26-$G26)/($L$1-$G$1)) -> 0 | L26: 0 | M26: =$L26+((M$1-$L$1)*($Q26-$L26)/($Q$1-$L$1)) -> 0 | N26: =$L26+((N$1-$L$1)*($Q26-$L26)/($Q$1-$L$1)) -> 0 | O26: =$L26+((O$1-$L$1)*($Q26-$L26)/($Q$1-$L$1)) -> 0 | P26: =$L26+((P$1-$L$1)*($Q26-$L26)/($Q$1-$L$1)) -> 0 | Q26: 0 | R26: =$Q26+((R$1-$Q$1)*($V26-$Q26)/($V$1-$Q$1)) -> 0 | S26: =$Q26+((S$1-$Q$1)*($V26-$Q26)/($V$1-$Q$1)) -> 0 | T26: =$Q26+((T$1-$Q$1)*($V26-$Q26)/($V$1-$Q$1)) -> 0 | U26: =$Q26+((U$1-$Q$1)*($V26-$Q26)/($V$1-$Q$1)) -> 0 | V26: 0 | W26: =$V26+((W$1-$V$1)*($AA26-$V26)/($AA$1-$V$1)) -> 0 | X26: =$V26+((X$1-$V$1)*($AA26-$V26)/($AA$1-$V$1)) -> 0 | Y26: =$V26+((Y$1-$V$1)*($AA26-$V26)/($AA$1-$V$1)) -> 0 | Z26: =$V26+((Z$1-$V$1)*($AA26-$V26)/($AA$1-$V$1)) -> 0 | AA26: 0 | AB26: =$AA26+((AB$1-$AA$1)*($AF26-$AA26)/($AF$1-$AA$1)) -> 0 | AC26: =$AA26+((AC$1-$AA$1)*($AF26-$AA26)/($AF$1-$AA$1)) -> 0 | AD26: =$AA26+((AD$1-$AA$1)*($AF26-$AA26)/($AF$1-$AA$1)) -> 0 | AE26: =$AA26+((AE$1-$AA$1)*($AF26-$AA26)/($AF$1-$AA$1)) -> 0 | AF26: 0 | AG26: =$AF26+((AG$1-$AF$1)*($AK26-$AF26)/($AK$1-$AF$1)) -> 0 | AH26: =$AF26+((AH$1-$AF$1)*($AK26-$AF26)/($AK$1-$AF$1)) -> 0 | AI26: =$AF26+((AI$1-$AF$1)*($AK26-$AF26)/($AK$1-$AF$1)) -> 0 | AJ26: =$AF26+((AJ$1-$AF$1)*($AK26-$AF26)/($AK$1-$AF$1)) -> 0 | AK26: 0 | AL26: =$AK26+((AL$1-$AK$1)*($AP26-$AK26)/($AP$1-$AK$1)) -> 0 | AM26: =$AK26+((AM$1-$AK$1)*($AP26-$AK26)/($AP$1-$AK$1)) -> 0 | AN26: =$AK26+((AN$1-$AK$1)*($AP26-$AK26)/($AP$1-$AK$1)) -> 0 | AO26: =$AK26+((AO$1-$AK$1)*($AP26-$AK26)/($AP$1-$AK$1)) -> 0 | AP26: 0
A27: Crude Oil | B27: 0 | C27: =$B27+((C$1-$B$1)*($G27-$B27)/($G$1-$B$1)) -> 0 | D27: =$B27+((D$1-$B$1)*($G27-$B27)/($G$1-$B$1)) -> 0 | E27: =$B27+((E$1-$B$1)*($G27-$B27)/($G$1-$B$1)) -> 0 | F27: =$B27+((F$1-$B$1)*($G27-$B27)/($G$1-$B$1)) -> 0 | G27: 0 | H27: =$G27+((H$1-$G$1)*($L27-$G27)/($L$1-$G$1)) -> 0 | I27: =$G27+((I$1-$G$1)*($L27-$G27)/($L$1-$G$1)) -> 0 | J27: =$G27+((J$1-$G$1)*($L27-$G27)/($L$1-$G$1)) -> 0 | K27: =$G27+((K$1-$G$1)*($L27-$G27)/($L$1-$G$1)) -> 0 | L27: 0 | M27: =$L27+((M$1-$L$1)*($Q27-$L27)/($Q$1-$L$1)) -> 0 | N27: =$L27+((N$1-$L$1)*($Q27-$L27)/($Q$1-$L$1)) -> 0 | O27: =$L27+((O$1-$L$1)*($Q27-$L27)/($Q$1-$L$1)) -> 0 | P27: =$L27+((P$1-$L$1)*($Q27-$L27)/($Q$1-$L$1)) -> 0 | Q27: 0 | R27: =$Q27+((R$1-$Q$1)*($V27-$Q27)/($V$1-$Q$1)) -> 0 | S27: =$Q27+((S$1-$Q$1)*($V27-$Q27)/($V$1-$Q$1)) -> 0 | T27: =$Q27+((T$1-$Q$1)*($V27-$Q27)/($V$1-$Q$1)) -> 0 | U27: =$Q27+((U$1-$Q$1)*($V27-$Q27)/($V$1-$Q$1)) -> 0 | V27: 0 | W27: =$V27+((W$1-$V$1)*($AA27-$V27)/($AA$1-$V$1)) -> 0 | X27: =$V27+((X$1-$V$1)*($AA27-$V27)/($AA$1-$V$1)) -> 0 | Y27: =$V27+((Y$1-$V$1)*($AA27-$V27)/($AA$1-$V$1)) -> 0 | Z27: =$V27+((Z$1-$V$1)*($AA27-$V27)/($AA$1-$V$1)) -> 0 | AA27: 0 | AB27: =$AA27+((AB$1-$AA$1)*($AF27-$AA27)/($AF$1-$AA$1)) -> 0 | AC27: =$AA27+((AC$1-$AA$1)*($AF27-$AA27)/($AF$1-$AA$1)) -> 0 | AD27: =$AA27+((AD$1-$AA$1)*($AF27-$AA27)/($AF$1-$AA$1)) -> 0 | AE27: =$AA27+((AE$1-$AA$1)*($AF27-$AA27)/($AF$1-$AA$1)) -> 0 | AF27: 0 | AG27: =$AF27+((AG$1-$AF$1)*($AK27-$AF27)/($AK$1-$AF$1)) -> 0 | AH27: =$AF27+((AH$1-$AF$1)*($AK27-$AF27)/($AK$1-$AF$1)) -> 0 | AI27: =$AF27+((AI$1-$AF$1)*($AK27-$AF27)/($AK$1-$AF$1)) -> 0 | AJ27: =$AF27+((AJ$1-$AF$1)*($AK27-$AF27)/($AK$1-$AF$1)) -> 0 | AK27: 0 | AL27: =$AK27+((AL$1-$AK$1)*($AP27-$AK27)/($AP$1-$AK$1)) -> 0 | AM27: =$AK27+((AM$1-$AK$1)*($AP27-$AK27)/($AP$1-$AK$1)) -> 0 | AN27: =$AK27+((AN$1-$AK$1)*($AP27-$AK27)/($AP$1-$AK$1)) -> 0 | AO27: =$AK27+((AO$1-$AK$1)*($AP27-$AK27)/($AP$1-$AK$1)) -> 0 | AP27: 0
A28: Heavy or residual oil | B28: ='O&G systems'!C68 -> 1139.2954 | C28: =$B28+((C$1-$B$1)*($G28-$B28)/($G$1-$B$1)) -> 1025.3659 | D28: =$B28+((D$1-$B$1)*($G28-$B28)/($G$1-$B$1)) -> 911.43634 | E28: =$B28+((E$1-$B$1)*($G28-$B28)/($G$1-$B$1)) -> 797.50679 | F28: =$B28+((F$1-$B$1)*($G28-$B28)/($G$1-$B$1)) -> 683.57725 | G28: ='O&G systems'!D68 -> 569.64771 | H28: =$G28+((H$1-$G$1)*($L28-$G28)/($L$1-$G$1)) -> 455.71817 | I28: =$G28+((I$1-$G$1)*($L28-$G28)/($L$1-$G$1)) -> 341.78863 | J28: =$G28+((J$1-$G$1)*($L28-$G28)/($L$1-$G$1)) -> 227.85908 | K28: =$G28+((K$1-$G$1)*($L28-$G28)/($L$1-$G$1)) -> 113.92954 | L28: ='O&G systems'!E68 -> 0 | M28: =$L28+((M$1-$L$1)*($Q28-$L28)/($Q$1-$L$1)) -> 0 | N28: =$L28+((N$1-$L$1)*($Q28-$L28)/($Q$1-$L$1)) -> 0 | O28: =$L28+((O$1-$L$1)*($Q28-$L28)/($Q$1-$L$1)) -> 0 | P28: =$L28+((P$1-$L$1)*($Q28-$L28)/($Q$1-$L$1)) -> 0 | Q28: ='O&G systems'!F68 -> 0 | R28: =$Q28+((R$1-$Q$1)*($V28-$Q28)/($V$1-$Q$1)) -> 0 | S28: =$Q28+((S$1-$Q$1)*($V28-$Q28)/($V$1-$Q$1)) -> 0 | T28: =$Q28+((T$1-$Q$1)*($V28-$Q28)/($V$1-$Q$1)) -> 0 | U28: =$Q28+((U$1-$Q$1)*($V28-$Q28)/($V$1-$Q$1)) -> 0 | V28: ='O&G systems'!G68 -> 0 | W28: =$V28+((W$1-$V$1)*($AA28-$V28)/($AA$1-$V$1)) -> 0 | X28: =$V28+((X$1-$V$1)*($AA28-$V28)/($AA$1-$V$1)) -> 0 | Y28: =$V28+((Y$1-$V$1)*($AA28-$V28)/($AA$1-$V$1)) -> 0 | Z28: =$V28+((Z$1-$V$1)*($AA28-$V28)/($AA$1-$V$1)) -> 0 | AA28: ='O&G systems'!H68 -> 0 | AB28: =$AA28+((AB$1-$AA$1)*($AF28-$AA28)/($AF$1-$AA$1)) -> 0 | AC28: =$AA28+((AC$1-$AA$1)*($AF28-$AA28)/($AF$1-$AA$1)) -> 0 | AD28: =$AA28+((AD$1-$AA$1)*($AF28-$AA28)/($AF$1-$AA$1)) -> 0 | AE28: =$AA28+((AE$1-$AA$1)*($AF28-$AA28)/($AF$1-$AA$1)) -> 0 | AF28: ='O&G systems'!I68 -> 0 | AG28: =$AF28+((AG$1-$AF$1)*($AK28-$AF28)/($AK$1-$AF$1)) -> 0 | AH28: =$AF28+((AH$1-$AF$1)*($AK28-$AF28)/($AK$1-$AF$1)) -> 0 | AI28: =$AF28+((AI$1-$AF$1)*($AK28-$AF28)/($AK$1-$AF$1)) -> 0 | AJ28: =$AF28+((AJ$1-$AF$1)*($AK28-$AF28)/($AK$1-$AF$1)) -> 0 | AK28: ='O&G systems'!J68 -> 0 | AL28: =$AK28+((AL$1-$AK$1)*($AP28-$AK28)/($AP$1-$AK$1)) -> 0 | AM28: =$AK28+((AM$1-$AK$1)*($AP28-$AK28)/($AP$1-$AK$1)) -> 0 | AN28: =$AK28+((AN$1-$AK$1)*($AP28-$AK28)/($AP$1-$AK$1)) -> 0 | AO28: =$AK28+((AO$1-$AK$1)*($AP28-$AK28)/($AP$1-$AK$1)) -> 0 | AP28: ='O&G systems'!K68 -> 0
A29: LPG propane or butane | B29: ='O&G systems'!C69 -> 2132.8948 | C29: =$B29+((C$1-$B$1)*($G29-$B29)/($G$1-$B$1)) -> 2191.8897 | D29: =$B29+((D$1-$B$1)*($G29-$B29)/($G$1-$B$1)) -> 2250.8847 | E29: =$B29+((E$1-$B$1)*($G29-$B29)/($G$1-$B$1)) -> 2309.8797 | F29: =$B29+((F$1-$B$1)*($G29-$B29)/($G$1-$B$1)) -> 2368.8746 | G29: ='O&G systems'!D69 -> 2427.8696 | H29: =$G29+((H$1-$G$1)*($L29-$G29)/($L$1-$G$1)) -> 2486.8646 | I29: =$G29+((I$1-$G$1)*($L29-$G29)/($L$1-$G$1)) -> 2545.8595 | J29: =$G29+((J$1-$G$1)*($L29-$G29)/($L$1-$G$1)) -> 2604.8545 | K29: =$G29+((K$1-$G$1)*($L29-$G29)/($L$1-$G$1)) -> 2663.8494 | L29: ='O&G systems'!E69 -> 2722.8444 | M29: =$L29+((M$1-$L$1)*($Q29-$L29)/($Q$1-$L$1)) -> 2791.3932 | N29: =$L29+((N$1-$L$1)*($Q29-$L29)/($Q$1-$L$1)) -> 2859.942 | O29: =$L29+((O$1-$L$1)*($Q29-$L29)/($Q$1-$L$1)) -> 2928.4908 | P29: =$L29+((P$1-$L$1)*($Q29-$L29)/($Q$1-$L$1)) -> 2997.0396 | Q29: ='O&G systems'!F69 -> 3065.5884 | R29: =$Q29+((R$1-$Q$1)*($V29-$Q29)/($V$1-$Q$1)) -> 3134.1372 | S29: =$Q29+((S$1-$Q$1)*($V29-$Q29)/($V$1-$Q$1)) -> 3202.686 | T29: =$Q29+((T$1-$Q$1)*($V29-$Q29)/($V$1-$Q$1)) -> 3271.2348 | U29: =$Q29+((U$1-$Q$1)*($V29-$Q29)/($V$1-$Q$1)) -> 3339.7836 | V29: ='O&G systems'!G69 -> 3408.3324 | W29: =$V29+((W$1-$V$1)*($AA29-$V29)/($AA$1-$V$1)) -> 3428.1566 | X29: =$V29+((X$1-$V$1)*($AA29-$V29)/($AA$1-$V$1)) -> 3447.9809 | Y29: =$V29+((Y$1-$V$1)*($AA29-$V29)/($AA$1-$V$1)) -> 3467.8051 | Z29: =$V29+((Z$1-$V$1)*($AA29-$V29)/($AA$1-$V$1)) -> 3487.6293 | AA29: ='O&G systems'!H69 -> 3507.4535 | AB29: =$AA29+((AB$1-$AA$1)*($AF29-$AA29)/($AF$1-$AA$1)) -> 3527.2777 | AC29: =$AA29+((AC$1-$AA$1)*($AF29-$AA29)/($AF$1-$AA$1)) -> 3547.1019 | AD29: =$AA29+((AD$1-$AA$1)*($AF29-$AA29)/($AF$1-$AA$1)) -> 3566.9262 | AE29: =$AA29+((AE$1-$AA$1)*($AF29-$AA29)/($AF$1-$AA$1)) -> 3586.7504 | AF29: ='O&G systems'!I69 -> 3606.5746 | AG29: =$AF29+((AG$1-$AF$1)*($AK29-$AF29)/($AK$1-$AF$1)) -> 3605.1415 | AH29: =$AF29+((AH$1-$AF$1)*($AK29-$AF29)/($AK$1-$AF$1)) -> 3603.7084 | AI29: =$AF29+((AI$1-$AF$1)*($AK29-$AF29)/($AK$1-$AF$1)) -> 3602.2754 | AJ29: =$AF29+((AJ$1-$AF$1)*($AK29-$AF29)/($AK$1-$AF$1)) -> 3600.8423 | AK29: ='O&G systems'!J69 -> 3599.4092 | AL29: =$AK29+((AL$1-$AK$1)*($AP29-$AK29)/($AP$1-$AK$1)) -> 3597.9761 | AM29: =$AK29+((AM$1-$AK$1)*($AP29-$AK29)/($AP$1-$AK$1)) -> 3596.5431 | AN29: =$AK29+((AN$1-$AK$1)*($AP29-$AK29)/($AP$1-$AK$1)) -> 3595.11 | AO29: =$AK29+((AO$1-$AK$1)*($AP29-$AK29)/($AP$1-$AK$1)) -> 3593.6769 | AP29: ='O&G systems'!K69 -> 3592.2438
A30: hydrogen | B30: 0 | C30: =$B30+((C$1-$B$1)*($G30-$B30)/($G$1-$B$1)) -> 0 | D30: =$B30+((D$1-$B$1)*($G30-$B30)/($G$1-$B$1)) -> 0 | E30: =$B30+((E$1-$B$1)*($G30-$B30)/($G$1-$B$1)) -> 0 | F30: =$B30+((F$1-$B$1)*($G30-$B30)/($G$1-$B$1)) -> 0 | G30: 0 | H30: =$G30+((H$1-$G$1)*($L30-$G30)/($L$1-$G$1)) -> 0 | I30: =$G30+((I$1-$G$1)*($L30-$G30)/($L$1-$G$1)) -> 0 | J30: =$G30+((J$1-$G$1)*($L30-$G30)/($L$1-$G$1)) -> 0 | K30: =$G30+((K$1-$G$1)*($L30-$G30)/($L$1-$G$1)) -> 0 | L30: 0 | M30: =$L30+((M$1-$L$1)*($Q30-$L30)/($Q$1-$L$1)) -> 0 | N30: =$L30+((N$1-$L$1)*($Q30-$L30)/($Q$1-$L$1)) -> 0 | O30: =$L30+((O$1-$L$1)*($Q30-$L30)/($Q$1-$L$1)) -> 0 | P30: =$L30+((P$1-$L$1)*($Q30-$L30)/($Q$1-$L$1)) -> 0 | Q30: 0 | R30: =$Q30+((R$1-$Q$1)*($V30-$Q30)/($V$1-$Q$1)) -> 0 | S30: =$Q30+((S$1-$Q$1)*($V30-$Q30)/($V$1-$Q$1)) -> 0 | T30: =$Q30+((T$1-$Q$1)*($V30-$Q30)/($V$1-$Q$1)) -> 0 | U30: =$Q30+((U$1-$Q$1)*($V30-$Q30)/($V$1-$Q$1)) -> 0 | V30: 0 | W30: =$V30+((W$1-$V$1)*($AA30-$V30)/($AA$1-$V$1)) -> 0 | X30: =$V30+((X$1-$V$1)*($AA30-$V30)/($AA$1-$V$1)) -> 0 | Y30: =$V30+((Y$1-$V$1)*($AA30-$V30)/($AA$1-$V$1)) -> 0 | Z30: =$V30+((Z$1-$V$1)*($AA30-$V30)/($AA$1-$V$1)) -> 0 | AA30: 0 | AB30: =$AA30+((AB$1-$AA$1)*($AF30-$AA30)/($AF$1-$AA$1)) -> 0 | AC30: =$AA30+((AC$1-$AA$1)*($AF30-$AA30)/($AF$1-$AA$1)) -> 0 | AD30: =$AA30+((AD$1-$AA$1)*($AF30-$AA30)/($AF$1-$AA$1)) -> 0 | AE30: =$AA30+((AE$1-$AA$1)*($AF30-$AA30)/($AF$1-$AA$1)) -> 0 | AF30: 0 | AG30: =$AF30+((AG$1-$AF$1)*($AK30-$AF30)/($AK$1-$AF$1)) -> 0 | AH30: =$AF30+((AH$1-$AF$1)*($AK30-$AF30)/($AK$1-$AF$1)) -> 0 | AI30: =$AF30+((AI$1-$AF$1)*($AK30-$AF30)/($AK$1-$AF$1)) -> 0 | AJ30: =$AF30+((AJ$1-$AF$1)*($AK30-$AF30)/($AK$1-$AF$1)) -> 0 | AK30: 0 | AL30: =$AK30+((AL$1-$AK$1)*($AP30-$AK30)/($AP$1-$AK$1)) -> 0 | AM30: =$AK30+((AM$1-$AK$1)*($AP30-$AK30)/($AP$1-$AK$1)) -> 0 | AN30: =$AK30+((AN$1-$AK$1)*($AP30-$AK30)/($AP$1-$AK$1)) -> 0 | AO30: =$AK30+((AO$1-$AK$1)*($AP30-$AK30)/($AP$1-$AK$1)) -> 0 | AP30: 0
AP31: 0
A32: Iron and Steel
A33: Electricity | B33: ='Iron and steel'!B44 -> 1402.3372 | C33: =$B33+((C$1-$B$1)*($G33-$B33)/($G$1-$B$1)) -> 1442.404 | D33: =$B33+((D$1-$B$1)*($G33-$B33)/($G$1-$B$1)) -> 1482.4708 | E33: =$B33+((E$1-$B$1)*($G33-$B33)/($G$1-$B$1)) -> 1522.5376 | F33: =$B33+((F$1-$B$1)*($G33-$B33)/($G$1-$B$1)) -> 1562.6043 | G33: ='Iron and steel'!C44 -> 1602.6711 | H33: =$G33+((H$1-$G$1)*($L33-$G33)/($L$1-$G$1)) -> 1616.0267 | I33: =$G33+((I$1-$G$1)*($L33-$G33)/($L$1-$G$1)) -> 1629.3823 | J33: =$G33+((J$1-$G$1)*($L33-$G33)/($L$1-$G$1)) -> 1642.7379 | K33: =$G33+((K$1-$G$1)*($L33-$G33)/($L$1-$G$1)) -> 1656.0935 | L33: ='Iron and steel'!D44 -> 1669.4491 | M33: =$L33+((M$1-$L$1)*($Q33-$L33)/($Q$1-$L$1)) -> 1716.1937 | N33: =$L33+((N$1-$L$1)*($Q33-$L33)/($Q$1-$L$1)) -> 1762.9382 | O33: =$L33+((O$1-$L$1)*($Q33-$L33)/($Q$1-$L$1)) -> 1809.6828 | P33: =$L33+((P$1-$L$1)*($Q33-$L33)/($Q$1-$L$1)) -> 1856.4274 | Q33: ='Iron and steel'!E44 -> 1903.172 | R33: =$Q33+((R$1-$Q$1)*($V33-$Q33)/($V$1-$Q$1)) -> 1949.9165 | S33: =$Q33+((S$1-$Q$1)*($V33-$Q33)/($V$1-$Q$1)) -> 1996.6611 | T33: =$Q33+((T$1-$Q$1)*($V33-$Q33)/($V$1-$Q$1)) -> 2043.4057 | U33: =$Q33+((U$1-$Q$1)*($V33-$Q33)/($V$1-$Q$1)) -> 2090.1503 | V33: ='Iron and steel'!F44 -> 2136.8948 | W33: =$V33+((W$1-$V$1)*($AA33-$V33)/($AA$1-$V$1)) -> 2183.6394 | X33: =$V33+((X$1-$V$1)*($AA33-$V33)/($AA$1-$V$1)) -> 2230.384 | Y33: =$V33+((Y$1-$V$1)*($AA33-$V33)/($AA$1-$V$1)) -> 2277.1285 | Z33: =$V33+((Z$1-$V$1)*($AA33-$V33)/($AA$1-$V$1)) -> 2323.8731 | AA33: ='Iron and steel'!G44 -> 2370.6177 | AB33: =$AA33+((AB$1-$AA$1)*($AF33-$AA33)/($AF$1-$AA$1)) -> 2417.3623 | AC33: =$AA33+((AC$1-$AA$1)*($AF33-$AA33)/($AF$1-$AA$1)) -> 2464.1068 | AD33: =$AA33+((AD$1-$AA$1)*($AF33-$AA33)/($AF$1-$AA$1)) -> 2510.8514 | AE33: =$AA33+((AE$1-$AA$1)*($AF33-$AA33)/($AF$1-$AA$1)) -> 2557.596 | AF33: ='Iron and steel'!H44 -> 2604.3406 | AG33: =$AF33+((AG$1-$AF$1)*($AK33-$AF33)/($AK$1-$AF$1)) -> 2651.0851 | AH33: =$AF33+((AH$1-$AF$1)*($AK33-$AF33)/($AK$1-$AF$1)) -> 2697.8297 | AI33: =$AF33+((AI$1-$AF$1)*($AK33-$AF33)/($AK$1-$AF$1)) -> 2744.5743 | AJ33: =$AF33+((AJ$1-$AF$1)*($AK33-$AF33)/($AK$1-$AF$1)) -> 2791.3189 | AK33: ='Iron and steel'!I44 -> 2838.0634 | AL33: =$AK33+((AL$1-$AK$1)*($AP33-$AK33)/($AP$1-$AK$1)) -> 2884.808 | AM33: =$AK33+((AM$1-$AK$1)*($AP33-$AK33)/($AP$1-$AK$1)) -> 2931.5526 | AN33: =$AK33+((AN$1-$AK$1)*($AP33-$AK33)/($AP$1-$AK$1)) -> 2978.2972 | AO33: =$AK33+((AO$1-$AK$1)*($AP33-$AK33)/($AP$1-$AK$1)) -> 3025.0417 | AP33: ='Iron and steel'!J44 -> 3071.7863
A34: Coal | B34: =SUM('Iron and steel'!B40:B41,'Iron and steel'!B46) -> 10751.252 | C34: =$B34+((C$1-$B$1)*($G34-$B34)/($G$1-$B$1)) -> 10898.164 | D34: =$B34+((D$1-$B$1)*($G34-$B34)/($G$1-$B$1)) -> 11045.075 | E34: =$B34+((E$1-$B$1)*($G34-$B34)/($G$1-$B$1)) -> 11191.987 | F34: =$B34+((F$1-$B$1)*($G34-$B34)/($G$1-$B$1)) -> 11338.898 | G34: =SUM('Iron and steel'!C40:C41,'Iron and steel'!C46) -> 11485.81 | H34: =$G34+((H$1-$G$1)*($L34-$G34)/($L$1-$G$1)) -> 11712.855 | I34: =$G34+((I$1-$G$1)*($L34-$G34)/($L$1-$G$1)) -> 11939.9 | J34: =$G34+((J$1-$G$1)*($L34-$G34)/($L$1-$G$1)) -> 12166.945 | K34: =$G34+((K$1-$G$1)*($L34-$G34)/($L$1-$G$1)) -> 12393.99 | L34: =SUM('Iron and steel'!D40:D41,'Iron and steel'!D46) -> 12621.035 | M34: =$L34+((M$1-$L$1)*($Q34-$L34)/($Q$1-$L$1)) -> 12950.473 | N34: =$L34+((N$1-$L$1)*($Q34-$L34)/($Q$1-$L$1)) -> 13279.911 | O34: =$L34+((O$1-$L$1)*($Q34-$L34)/($Q$1-$L$1)) -> 13609.349 | P34: =$L34+((P$1-$L$1)*($Q34-$L34)/($Q$1-$L$1)) -> 13938.787 | Q34: =SUM('Iron and steel'!E40:E41,'Iron and steel'!E46) -> 14268.225 | R34: =$Q34+((R$1-$Q$1)*($V34-$Q34)/($V$1-$Q$1)) -> 14597.663 | S34: =$Q34+((S$1-$Q$1)*($V34-$Q34)/($V$1-$Q$1)) -> 14927.101 | T34: =$Q34+((T$1-$Q$1)*($V34-$Q34)/($V$1-$Q$1)) -> 15256.539 | U34: =$Q34+((U$1-$Q$1)*($V34-$Q34)/($V$1-$Q$1)) -> 15585.977 | V34: =SUM('Iron and steel'!F40:F41,'Iron and steel'!F46) -> 15915.415 | W34: =$V34+((W$1-$V$1)*($AA34-$V34)/($AA$1-$V$1)) -> 16244.853 | X34: =$V34+((X$1-$V$1)*($AA34-$V34)/($AA$1-$V$1)) -> 16574.29 | Y34: =$V34+((Y$1-$V$1)*($AA34-$V34)/($AA$1-$V$1)) -> 16903.728 | Z34: =$V34+((Z$1-$V$1)*($AA34-$V34)/($AA$1-$V$1)) -> 17233.166 | AA34: =SUM('Iron and steel'!G40:G41,'Iron and steel'!G46) -> 17562.604 | AB34: =$AA34+((AB$1-$AA$1)*($AF34-$AA34)/($AF$1-$AA$1)) -> 17892.042 | AC34: =$AA34+((AC$1-$AA$1)*($AF34-$AA34)/($AF$1-$AA$1)) -> 18221.48 | AD34: =$AA34+((AD$1-$AA$1)*($AF34-$AA34)/($AF$1-$AA$1)) -> 18550.918 | AE34: =$AA34+((AE$1-$AA$1)*($AF34-$AA34)/($AF$1-$AA$1)) -> 18880.356 | AF34: =SUM('Iron and steel'!H40:H41,'Iron and steel'!H46) -> 19209.794 | AG34: =$AF34+((AG$1-$AF$1)*($AK34-$AF34)/($AK$1-$AF$1)) -> 19539.232 | AH34: =$AF34+((AH$1-$AF$1)*($AK34-$AF34)/($AK$1-$AF$1)) -> 19868.67 | AI34: =$AF34+((AI$1-$AF$1)*($AK34-$AF34)/($AK$1-$AF$1)) -> 20198.108 | AJ34: =$AF34+((AJ$1-$AF$1)*($AK34-$AF34)/($AK$1-$AF$1)) -> 20527.546 | AK34: =SUM('Iron and steel'!I40:I41,'Iron and steel'!I46) -> 20856.984 | AL34: =$AK34+((AL$1-$AK$1)*($AP34-$AK34)/($AP$1-$AK$1)) -> 21186.422 | AM34: =$AK34+((AM$1-$AK$1)*($AP34-$AK34)/($AP$1-$AK$1)) -> 21515.86 | AN34: =$AK34+((AN$1-$AK$1)*($AP34-$AK34)/($AP$1-$AK$1)) -> 21845.298 | AO34: =$AK34+((AO$1-$AK$1)*($AP34-$AK34)/($AP$1-$AK$1)) -> 22174.736 | AP34: =SUM('Iron and steel'!J40:J41,'Iron and steel'!J46) -> 22504.174
J35: =(J36-I36)/I36 -> 0.013888889 | K35: =(K36-J36)/J36 -> 0.01369863 | L35: =(L36-K36)/K36 -> 0.013513514 | M35: =(M36-L36)/L36 -> 0.026666667 | N35: =(N36-M36)/M36 -> 0.025974026 | O35: =(O36-N36)/N36 -> 0.025316456 | P35: =(P36-O36)/O36 -> 0.024691358 | Q35: =(Q36-P36)/P36 -> 0.024096386 | ... AP35: =(AP36-AO36)/AO36 -> 0.015037594
A36: Natural Gas | B36: ='Iron and steel'!B42 -> 1001.6694 | C36: =$B36+((C$1-$B$1)*($G36-$B36)/($G$1-$B$1)) -> 988.31386 | D36: =$B36+((D$1-$B$1)*($G36-$B36)/($G$1-$B$1)) -> 974.95826 | E36: =$B36+((E$1-$B$1)*($G36-$B36)/($G$1-$B$1)) -> 961.60267 | F36: =$B36+((F$1-$B$1)*($G36-$B36)/($G$1-$B$1)) -> 948.24708 | G36: ='Iron and steel'!C42 -> 934.89149 | H36: =$G36+((H$1-$G$1)*($L36-$G36)/($L$1-$G$1)) -> 948.24708 | I36: =$G36+((I$1-$G$1)*($L36-$G36)/($L$1-$G$1)) -> 961.60267 | J36: =$G36+((J$1-$G$1)*($L36-$G36)/($L$1-$G$1)) -> 974.95826 | K36: =$G36+((K$1-$G$1)*($L36-$G36)/($L$1-$G$1)) -> 988.31386 | L36: ='Iron and steel'!D42 -> 1001.6694 | M36: =$L36+((M$1-$L$1)*($Q36-$L36)/($Q$1-$L$1)) -> 1028.3806 | N36: =$L36+((N$1-$L$1)*($Q36-$L36)/($Q$1-$L$1)) -> 1055.0918 | O36: =$L36+((O$1-$L$1)*($Q36-$L36)/($Q$1-$L$1)) -> 1081.803 | P36: =$L36+((P$1-$L$1)*($Q36-$L36)/($Q$1-$L$1)) -> 1108.5142 | Q36: ='Iron and steel'!E42 -> 1135.2254 | R36: =$Q36+((R$1-$Q$1)*($V36-$Q36)/($V$1-$Q$1)) -> 1161.9366 | S36: =$Q36+((S$1-$Q$1)*($V36-$Q36)/($V$1-$Q$1)) -> 1188.6477 | T36: =$Q36+((T$1-$Q$1)*($V36-$Q36)/($V$1-$Q$1)) -> 1215.3589 | U36: =$Q36+((U$1-$Q$1)*($V36-$Q36)/($V$1-$Q$1)) -> 1242.0701 | V36: ='Iron and steel'!F42 -> 1268.7813 | W36: =$V36+((W$1-$V$1)*($AA36-$V36)/($AA$1-$V$1)) -> 1295.4925 | X36: =$V36+((X$1-$V$1)*($AA36-$V36)/($AA$1-$V$1)) -> 1322.2037 | Y36: =$V36+((Y$1-$V$1)*($AA36-$V36)/($AA$1-$V$1)) -> 1348.9149 | Z36: =$V36+((Z$1-$V$1)*($AA36-$V36)/($AA$1-$V$1)) -> 1375.626 | AA36: ='Iron and steel'!G42 -> 1402.3372 | AB36: =$AA36+((AB$1-$AA$1)*($AF36-$AA36)/($AF$1-$AA$1)) -> 1429.0484 | AC36: =$AA36+((AC$1-$AA$1)*($AF36-$AA36)/($AF$1-$AA$1)) -> 1455.7596 | AD36: =$AA36+((AD$1-$AA$1)*($AF36-$AA36)/($AF$1-$AA$1)) -> 1482.4708 | AE36: =$AA36+((AE$1-$AA$1)*($AF36-$AA36)/($AF$1-$AA$1)) -> 1509.182 | AF36: ='Iron and steel'!H42 -> 1535.8932 | AG36: =$AF36+((AG$1-$AF$1)*($AK36-$AF36)/($AK$1-$AF$1)) -> 1562.6043 | AH36: =$AF36+((AH$1-$AF$1)*($AK36-$AF36)/($AK$1-$AF$1)) -> 1589.3155 | AI36: =$AF36+((AI$1-$AF$1)*($AK36-$AF36)/($AK$1-$AF$1)) -> 1616.0267 | AJ36: =$AF36+((AJ$1-$AF$1)*($AK36-$AF36)/($AK$1-$AF$1)) -> 1642.7379 | AK36: ='Iron and steel'!I42 -> 1669.4491 | AL36: =$AK36+((AL$1-$AK$1)*($AP36-$AK36)/($AP$1-$AK$1)) -> 1696.1603 | AM36: =$AK36+((AM$1-$AK$1)*($AP36-$AK36)/($AP$1-$AK$1)) -> 1722.8715 | AN36: =$AK36+((AN$1-$AK$1)*($AP36-$AK36)/($AP$1-$AK$1)) -> 1749.5826 | AO36: =$AK36+((AO$1-$AK$1)*($AP36-$AK36)/($AP$1-$AK$1)) -> 1776.2938 | AP36: ='Iron and steel'!J42 -> 1803.005
A37: Biomass | B37: ='Iron and steel'!B45 -> 2938.2304 | C37: =$B37+((C$1-$B$1)*($G37-$B37)/($G$1-$B$1)) -> 2978.2972 | D37: =$B37+((D$1-$B$1)*($G37-$B37)/($G$1-$B$1)) -> 3018.3639 | E37: =$B37+((E$1-$B$1)*($G37-$B37)/($G$1-$B$1)) -> 3058.4307 | F37: =$B37+((F$1-$B$1)*($G37-$B37)/($G$1-$B$1)) -> 3098.4975 | G37: ='Iron and steel'!C45 -> 3138.5643 | H37: =$G37+((H$1-$G$1)*($L37-$G37)/($L$1-$G$1)) -> 3232.0534 | I37: =$G37+((I$1-$G$1)*($L37-$G37)/($L$1-$G$1)) -> 3325.5426 | J37: =$G37+((J$1-$G$1)*($L37-$G37)/($L$1-$G$1)) -> 3419.0317 | K37: =$G37+((K$1-$G$1)*($L37-$G37)/($L$1-$G$1)) -> 3512.5209 | L37: ='Iron and steel'!D45 -> 3606.01 | M37: =$L37+((M$1-$L$1)*($Q37-$L37)/($Q$1-$L$1)) -> 3690.5954 | N37: =$L37+((N$1-$L$1)*($Q37-$L37)/($Q$1-$L$1)) -> 3775.1809 | O37: =$L37+((O$1-$L$1)*($Q37-$L37)/($Q$1-$L$1)) -> 3859.7663 | P37: =$L37+((P$1-$L$1)*($Q37-$L37)/($Q$1-$L$1)) -> 3944.3517 | Q37: ='Iron and steel'!E45 -> 4028.9371 | R37: =$Q37+((R$1-$Q$1)*($V37-$Q37)/($V$1-$Q$1)) -> 4113.5225 | S37: =$Q37+((S$1-$Q$1)*($V37-$Q37)/($V$1-$Q$1)) -> 4198.108 | T37: =$Q37+((T$1-$Q$1)*($V37-$Q37)/($V$1-$Q$1)) -> 4282.6934 | U37: =$Q37+((U$1-$Q$1)*($V37-$Q37)/($V$1-$Q$1)) -> 4367.2788 | V37: ='Iron and steel'!F45 -> 4451.8642 | W37: =$V37+((W$1-$V$1)*($AA37-$V37)/($AA$1-$V$1)) -> 4536.4496 | X37: =$V37+((X$1-$V$1)*($AA37-$V37)/($AA$1-$V$1)) -> 4621.0351 | Y37: =$V37+((Y$1-$V$1)*($AA37-$V37)/($AA$1-$V$1)) -> 4705.6205 | Z37: =$V37+((Z$1-$V$1)*($AA37-$V37)/($AA$1-$V$1)) -> 4790.2059 | AA37: ='Iron and steel'!G45 -> 4874.7913 | AB37: =$AA37+((AB$1-$AA$1)*($AF37-$AA37)/($AF$1-$AA$1)) -> 4959.3767 | AC37: =$AA37+((AC$1-$AA$1)*($AF37-$AA37)/($AF$1-$AA$1)) -> 5043.9622 | AD37: =$AA37+((AD$1-$AA$1)*($AF37-$AA37)/($AF$1-$AA$1)) -> 5128.5476 | AE37: =$AA37+((AE$1-$AA$1)*($AF37-$AA37)/($AF$1-$AA$1)) -> 5213.133 | AF37: ='Iron and steel'!H45 -> 5297.7184 | AG37: =$AF37+((AG$1-$AF$1)*($AK37-$AF37)/($AK$1-$AF$1)) -> 5382.3038 | AH37: =$AF37+((AH$1-$AF$1)*($AK37-$AF37)/($AK$1-$AF$1)) -> 5466.8893 | AI37: =$AF37+((AI$1-$AF$1)*($AK37-$AF37)/($AK$1-$AF$1)) -> 5551.4747 | AJ37: =$AF37+((AJ$1-$AF$1)*($AK37-$AF37)/($AK$1-$AF$1)) -> 5636.0601 | AK37: ='Iron and steel'!I45 -> 5720.6455 | AL37: =$AK37+((AL$1-$AK$1)*($AP37-$AK37)/($AP$1-$AK$1)) -> 5805.2309 | AM37: =$AK37+((AM$1-$AK$1)*($AP37-$AK37)/($AP$1-$AK$1)) -> 5889.8164 | AN37: =$AK37+((AN$1-$AK$1)*($AP37-$AK37)/($AP$1-$AK$1)) -> 5974.4018 | AO37: =$AK37+((AO$1-$AK$1)*($AP37-$AK37)/($AP$1-$AK$1)) -> 6058.9872 | AP37: ='Iron and steel'!J45 -> 6143.5726
A38: Petroleum Diesel | B38: 0 | C38: =$B38+((C$1-$B$1)*($G38-$B38)/($G$1-$B$1)) -> 0 | D38: =$B38+((D$1-$B$1)*($G38-$B38)/($G$1-$B$1)) -> 0 | E38: =$B38+((E$1-$B$1)*($G38-$B38)/($G$1-$B$1)) -> 0 | F38: =$B38+((F$1-$B$1)*($G38-$B38)/($G$1-$B$1)) -> 0 | G38: 0 | H38: =$G38+((H$1-$G$1)*($L38-$G38)/($L$1-$G$1)) -> 0 | I38: =$G38+((I$1-$G$1)*($L38-$G38)/($L$1-$G$1)) -> 0 | J38: =$G38+((J$1-$G$1)*($L38-$G38)/($L$1-$G$1)) -> 0 | K38: =$G38+((K$1-$G$1)*($L38-$G38)/($L$1-$G$1)) -> 0 | L38: 0 | M38: =$L38+((M$1-$L$1)*($Q38-$L38)/($Q$1-$L$1)) -> 0 | N38: =$L38+((N$1-$L$1)*($Q38-$L38)/($Q$1-$L$1)) -> 0 | O38: =$L38+((O$1-$L$1)*($Q38-$L38)/($Q$1-$L$1)) -> 0 | P38: =$L38+((P$1-$L$1)*($Q38-$L38)/($Q$1-$L$1)) -> 0 | Q38: 0 | R38: =$Q38+((R$1-$Q$1)*($V38-$Q38)/($V$1-$Q$1)) -> 0 | S38: =$Q38+((S$1-$Q$1)*($V38-$Q38)/($V$1-$Q$1)) -> 0 | T38: =$Q38+((T$1-$Q$1)*($V38-$Q38)/($V$1-$Q$1)) -> 0 | U38: =$Q38+((U$1-$Q$1)*($V38-$Q38)/($V$1-$Q$1)) -> 0 | V38: 0 | W38: =$V38+((W$1-$V$1)*($AA38-$V38)/($AA$1-$V$1)) -> 0 | X38: =$V38+((X$1-$V$1)*($AA38-$V38)/($AA$1-$V$1)) -> 0 | Y38: =$V38+((Y$1-$V$1)*($AA38-$V38)/($AA$1-$V$1)) -> 0 | Z38: =$V38+((Z$1-$V$1)*($AA38-$V38)/($AA$1-$V$1)) -> 0 | AA38: =0 -> 0 | AB38: =$AA38+((AB$1-$AA$1)*($AF38-$AA38)/($AF$1-$AA$1)) -> 0 | AC38: =$AA38+((AC$1-$AA$1)*($AF38-$AA38)/($AF$1-$AA$1)) -> 0 | AD38: =$AA38+((AD$1-$AA$1)*($AF38-$AA38)/($AF$1-$AA$1)) -> 0 | AE38: =$AA38+((AE$1-$AA$1)*($AF38-$AA38)/($AF$1-$AA$1)) -> 0 | AF38: =0 -> 0 | AG38: =$AF38+((AG$1-$AF$1)*($AK38-$AF38)/($AK$1-$AF$1)) -> 0 | AH38: =$AF38+((AH$1-$AF$1)*($AK38-$AF38)/($AK$1-$AF$1)) -> 0 | AI38: =$AF38+((AI$1-$AF$1)*($AK38-$AF38)/($AK$1-$AF$1)) -> 0 | AJ38: =$AF38+((AJ$1-$AF$1)*($AK38-$AF38)/($AK$1-$AF$1)) -> 0 | AK38: =0 -> 0 | AL38: =$AK38+((AL$1-$AK$1)*($AP38-$AK38)/($AP$1-$AK$1)) -> 0 | AM38: =$AK38+((AM$1-$AK$1)*($AP38-$AK38)/($AP$1-$AK$1)) -> 0 | AN38: =$AK38+((AN$1-$AK$1)*($AP38-$AK38)/($AP$1-$AK$1)) -> 0 | AO38: =$AK38+((AO$1-$AK$1)*($AP38-$AK38)/($AP$1-$AK$1)) -> 0 | AP38: =0 -> 0
A39: Heat | B39: 0 | C39: =$B39+((C$1-$B$1)*($G39-$B39)/($G$1-$B$1)) -> 0 | D39: =$B39+((D$1-$B$1)*($G39-$B39)/($G$1-$B$1)) -> 0 | E39: =$B39+((E$1-$B$1)*($G39-$B39)/($G$1-$B$1)) -> 0 | F39: =$B39+((F$1-$B$1)*($G39-$B39)/($G$1-$B$1)) -> 0 | G39: 0 | H39: =$G39+((H$1-$G$1)*($L39-$G39)/($L$1-$G$1)) -> 0 | I39: =$G39+((I$1-$G$1)*($L39-$G39)/($L$1-$G$1)) -> 0 | J39: =$G39+((J$1-$G$1)*($L39-$G39)/($L$1-$G$1)) -> 0 | K39: =$G39+((K$1-$G$1)*($L39-$G39)/($L$1-$G$1)) -> 0 | L39: 0 | M39: =$L39+((M$1-$L$1)*($Q39-$L39)/($Q$1-$L$1)) -> 0 | N39: =$L39+((N$1-$L$1)*($Q39-$L39)/($Q$1-$L$1)) -> 0 | O39: =$L39+((O$1-$L$1)*($Q39-$L39)/($Q$1-$L$1)) -> 0 | P39: =$L39+((P$1-$L$1)*($Q39-$L39)/($Q$1-$L$1)) -> 0 | Q39: 0 | R39: =$Q39+((R$1-$Q$1)*($V39-$Q39)/($V$1-$Q$1)) -> 0 | S39: =$Q39+((S$1-$Q$1)*($V39-$Q39)/($V$1-$Q$1)) -> 0 | T39: =$Q39+((T$1-$Q$1)*($V39-$Q39)/($V$1-$Q$1)) -> 0 | U39: =$Q39+((U$1-$Q$1)*($V39-$Q39)/($V$1-$Q$1)) -> 0 | V39: 0 | W39: =$V39+((W$1-$V$1)*($AA39-$V39)/($AA$1-$V$1)) -> 0 | X39: =$V39+((X$1-$V$1)*($AA39-$V39)/($AA$1-$V$1)) -> 0 | Y39: =$V39+((Y$1-$V$1)*($AA39-$V39)/($AA$1-$V$1)) -> 0 | Z39: =$V39+((Z$1-$V$1)*($AA39-$V39)/($AA$1-$V$1)) -> 0 | AA39: 0 | AB39: =$AA39+((AB$1-$AA$1)*($AF39-$AA39)/($AF$1-$AA$1)) -> 0 | AC39: =$AA39+((AC$1-$AA$1)*($AF39-$AA39)/($AF$1-$AA$1)) -> 0 | AD39: =$AA39+((AD$1-$AA$1)*($AF39-$AA39)/($AF$1-$AA$1)) -> 0 | AE39: =$AA39+((AE$1-$AA$1)*($AF39-$AA39)/($AF$1-$AA$1)) -> 0 | AF39: 0 | AG39: =$AF39+((AG$1-$AF$1)*($AK39-$AF39)/($AK$1-$AF$1)) -> 0 | AH39: =$AF39+((AH$1-$AF$1)*($AK39-$AF39)/($AK$1-$AF$1)) -> 0 | AI39: =$AF39+((AI$1-$AF$1)*($AK39-$AF39)/($AK$1-$AF$1)) -> 0 | AJ39: =$AF39+((AJ$1-$AF$1)*($AK39-$AF39)/($AK$1-$AF$1)) -> 0 | AK39: 0 | AL39: =$AK39+((AL$1-$AK$1)*($AP39-$AK39)/($AP$1-$AK$1)) -> 0 | AM39: =$AK39+((AM$1-$AK$1)*($AP39-$AK39)/($AP$1-$AK$1)) -> 0 | AN39: =$AK39+((AN$1-$AK$1)*($AP39-$AK39)/($AP$1-$AK$1)) -> 0 | AO39: =$AK39+((AO$1-$AK$1)*($AP39-$AK39)/($AP$1-$AK$1)) -> 0 | AP39: 0
A40: Crude Oil | B40: 0 | C40: =$B40+((C$1-$B$1)*($G40-$B40)/($G$1-$B$1)) -> 0 | D40: =$B40+((D$1-$B$1)*($G40-$B40)/($G$1-$B$1)) -> 0 | E40: =$B40+((E$1-$B$1)*($G40-$B40)/($G$1-$B$1)) -> 0 | F40: =$B40+((F$1-$B$1)*($G40-$B40)/($G$1-$B$1)) -> 0 | G40: 0 | H40: =$G40+((H$1-$G$1)*($L40-$G40)/($L$1-$G$1)) -> 0 | I40: =$G40+((I$1-$G$1)*($L40-$G40)/($L$1-$G$1)) -> 0 | J40: =$G40+((J$1-$G$1)*($L40-$G40)/($L$1-$G$1)) -> 0 | K40: =$G40+((K$1-$G$1)*($L40-$G40)/($L$1-$G$1)) -> 0 | L40: 0 | M40: =$L40+((M$1-$L$1)*($Q40-$L40)/($Q$1-$L$1)) -> 0 | N40: =$L40+((N$1-$L$1)*($Q40-$L40)/($Q$1-$L$1)) -> 0 | O40: =$L40+((O$1-$L$1)*($Q40-$L40)/($Q$1-$L$1)) -> 0 | P40: =$L40+((P$1-$L$1)*($Q40-$L40)/($Q$1-$L$1)) -> 0 | Q40: 0 | R40: =$Q40+((R$1-$Q$1)*($V40-$Q40)/($V$1-$Q$1)) -> 0 | S40: =$Q40+((S$1-$Q$1)*($V40-$Q40)/($V$1-$Q$1)) -> 0 | T40: =$Q40+((T$1-$Q$1)*($V40-$Q40)/($V$1-$Q$1)) -> 0 | U40: =$Q40+((U$1-$Q$1)*($V40-$Q40)/($V$1-$Q$1)) -> 0 | V40: 0 | W40: =$V40+((W$1-$V$1)*($AA40-$V40)/($AA$1-$V$1)) -> 0 | X40: =$V40+((X$1-$V$1)*($AA40-$V40)/($AA$1-$V$1)) -> 0 | Y40: =$V40+((Y$1-$V$1)*($AA40-$V40)/($AA$1-$V$1)) -> 0 | Z40: =$V40+((Z$1-$V$1)*($AA40-$V40)/($AA$1-$V$1)) -> 0 | AA40: 0 | AB40: =$AA40+((AB$1-$AA$1)*($AF40-$AA40)/($AF$1-$AA$1)) -> 0 | AC40: =$AA40+((AC$1-$AA$1)*($AF40-$AA40)/($AF$1-$AA$1)) -> 0 | AD40: =$AA40+((AD$1-$AA$1)*($AF40-$AA40)/($AF$1-$AA$1)) -> 0 | AE40: =$AA40+((AE$1-$AA$1)*($AF40-$AA40)/($AF$1-$AA$1)) -> 0 | AF40: 0 | AG40: =$AF40+((AG$1-$AF$1)*($AK40-$AF40)/($AK$1-$AF$1)) -> 0 | AH40: =$AF40+((AH$1-$AF$1)*($AK40-$AF40)/($AK$1-$AF$1)) -> 0 | AI40: =$AF40+((AI$1-$AF$1)*($AK40-$AF40)/($AK$1-$AF$1)) -> 0 | AJ40: =$AF40+((AJ$1-$AF$1)*($AK40-$AF40)/($AK$1-$AF$1)) -> 0 | AK40: 0 | AL40: =$AK40+((AL$1-$AK$1)*($AP40-$AK40)/($AP$1-$AK$1)) -> 0 | AM40: =$AK40+((AM$1-$AK$1)*($AP40-$AK40)/($AP$1-$AK$1)) -> 0 | AN40: =$AK40+((AN$1-$AK$1)*($AP40-$AK40)/($AP$1-$AK$1)) -> 0 | AO40: =$AK40+((AO$1-$AK$1)*($AP40-$AK40)/($AP$1-$AK$1)) -> 0 | AP40: 0
A41: Heavy or residual oil | B41: ='Iron and steel'!B43 -> 200.33389 | C41: =$B41+((C$1-$B$1)*($G41-$B41)/($G$1-$B$1)) -> 213.68948 | D41: =$B41+((D$1-$B$1)*($G41-$B41)/($G$1-$B$1)) -> 227.04508 | E41: =$B41+((E$1-$B$1)*($G41-$B41)/($G$1-$B$1)) -> 240.40067 | F41: =$B41+((F$1-$B$1)*($G41-$B41)/($G$1-$B$1)) -> 253.75626 | G41: ='Iron and steel'!C43 -> 267.11185 | H41: =$G41+((H$1-$G$1)*($L41-$G41)/($L$1-$G$1)) -> 280.46745 | I41: =$G41+((I$1-$G$1)*($L41-$G41)/($L$1-$G$1)) -> 293.82304 | J41: =$G41+((J$1-$G$1)*($L41-$G41)/($L$1-$G$1)) -> 307.17863 | K41: =$G41+((K$1-$G$1)*($L41-$G41)/($L$1-$G$1)) -> 320.53422 | L41: ='Iron and steel'!D43 -> 333.88982 | M41: =$L41+((M$1-$L$1)*($Q41-$L41)/($Q$1-$L$1)) -> 338.34168 | N41: =$L41+((N$1-$L$1)*($Q41-$L41)/($Q$1-$L$1)) -> 342.79354 | O41: =$L41+((O$1-$L$1)*($Q41-$L41)/($Q$1-$L$1)) -> 347.24541 | P41: =$L41+((P$1-$L$1)*($Q41-$L41)/($Q$1-$L$1)) -> 351.69727 | Q41: ='Iron and steel'!E43 -> 356.14914 | R41: =$Q41+((R$1-$Q$1)*($V41-$Q41)/($V$1-$Q$1)) -> 360.601 | S41: =$Q41+((S$1-$Q$1)*($V41-$Q41)/($V$1-$Q$1)) -> 365.05287 | T41: =$Q41+((T$1-$Q$1)*($V41-$Q41)/($V$1-$Q$1)) -> 369.50473 | U41: =$Q41+((U$1-$Q$1)*($V41-$Q41)/($V$1-$Q$1)) -> 373.95659 | V41: ='Iron and steel'!F43 -> 378.40846 | W41: =$V41+((W$1-$V$1)*($AA41-$V41)/($AA$1-$V$1)) -> 382.86032 | X41: =$V41+((X$1-$V$1)*($AA41-$V41)/($AA$1-$V$1)) -> 387.31219 | Y41: =$V41+((Y$1-$V$1)*($AA41-$V41)/($AA$1-$V$1)) -> 391.76405 | Z41: =$V41+((Z$1-$V$1)*($AA41-$V41)/($AA$1-$V$1)) -> 396.21592 | AA41: ='Iron and steel'!G43 -> 400.66778 | AB41: =$AA41+((AB$1-$AA$1)*($AF41-$AA41)/($AF$1-$AA$1)) -> 405.11964 | AC41: =$AA41+((AC$1-$AA$1)*($AF41-$AA41)/($AF$1-$AA$1)) -> 409.57151 | AD41: =$AA41+((AD$1-$AA$1)*($AF41-$AA41)/($AF$1-$AA$1)) -> 414.02337 | AE41: =$AA41+((AE$1-$AA$1)*($AF41-$AA41)/($AF$1-$AA$1)) -> 418.47524 | AF41: ='Iron and steel'!H43 -> 422.9271 | AG41: =$AF41+((AG$1-$AF$1)*($AK41-$AF41)/($AK$1-$AF$1)) -> 427.37896 | AH41: =$AF41+((AH$1-$AF$1)*($AK41-$AF41)/($AK$1-$AF$1)) -> 431.83083 | AI41: =$AF41+((AI$1-$AF$1)*($AK41-$AF41)/($AK$1-$AF$1)) -> 436.28269 | AJ41: =$AF41+((AJ$1-$AF$1)*($AK41-$AF41)/($AK$1-$AF$1)) -> 440.73456 | AK41: ='Iron and steel'!I43 -> 445.18642 | AL41: =$AK41+((AL$1-$AK$1)*($AP41-$AK41)/($AP$1-$AK$1)) -> 449.63829 | AM41: =$AK41+((AM$1-$AK$1)*($AP41-$AK41)/($AP$1-$AK$1)) -> 454.09015 | AN41: =$AK41+((AN$1-$AK$1)*($AP41-$AK41)/($AP$1-$AK$1)) -> 458.54201 | AO41: =$AK41+((AO$1-$AK$1)*($AP41-$AK41)/($AP$1-$AK$1)) -> 462.99388 | AP41: ='Iron and steel'!J43 -> 467.44574
A42: LPG propane or butane | B42: 0 | C42: =$B42+((C$1-$B$1)*($G42-$B42)/($G$1-$B$1)) -> 0 | D42: =$B42+((D$1-$B$1)*($G42-$B42)/($G$1-$B$1)) -> 0 | E42: =$B42+((E$1-$B$1)*($G42-$B42)/($G$1-$B$1)) -> 0 | F42: =$B42+((F$1-$B$1)*($G42-$B42)/($G$1-$B$1)) -> 0 | G42: 0 | H42: =$G42+((H$1-$G$1)*($L42-$G42)/($L$1-$G$1)) -> 0 | I42: =$G42+((I$1-$G$1)*($L42-$G42)/($L$1-$G$1)) -> 0 | J42: =$G42+((J$1-$G$1)*($L42-$G42)/($L$1-$G$1)) -> 0 | K42: =$G42+((K$1-$G$1)*($L42-$G42)/($L$1-$G$1)) -> 0 | L42: 0 | M42: =$L42+((M$1-$L$1)*($Q42-$L42)/($Q$1-$L$1)) -> 0 | N42: =$L42+((N$1-$L$1)*($Q42-$L42)/($Q$1-$L$1)) -> 0 | O42: =$L42+((O$1-$L$1)*($Q42-$L42)/($Q$1-$L$1)) -> 0 | P42: =$L42+((P$1-$L$1)*($Q42-$L42)/($Q$1-$L$1)) -> 0 | Q42: 0 | R42: =$Q42+((R$1-$Q$1)*($V42-$Q42)/($V$1-$Q$1)) -> 0 | S42: =$Q42+((S$1-$Q$1)*($V42-$Q42)/($V$1-$Q$1)) -> 0 | T42: =$Q42+((T$1-$Q$1)*($V42-$Q42)/($V$1-$Q$1)) -> 0 | U42: =$Q42+((U$1-$Q$1)*($V42-$Q42)/($V$1-$Q$1)) -> 0 | V42: 0 | W42: =$V42+((W$1-$V$1)*($AA42-$V42)/($AA$1-$V$1)) -> 0 | X42: =$V42+((X$1-$V$1)*($AA42-$V42)/($AA$1-$V$1)) -> 0 | Y42: =$V42+((Y$1-$V$1)*($AA42-$V42)/($AA$1-$V$1)) -> 0 | Z42: =$V42+((Z$1-$V$1)*($AA42-$V42)/($AA$1-$V$1)) -> 0 | AA42: 0 | AB42: =$AA42+((AB$1-$AA$1)*($AF42-$AA42)/($AF$1-$AA$1)) -> 0 | AC42: =$AA42+((AC$1-$AA$1)*($AF42-$AA42)/($AF$1-$AA$1)) -> 0 | AD42: =$AA42+((AD$1-$AA$1)*($AF42-$AA42)/($AF$1-$AA$1)) -> 0 | AE42: =$AA42+((AE$1-$AA$1)*($AF42-$AA42)/($AF$1-$AA$1)) -> 0 | AF42: 0 | AG42: =$AF42+((AG$1-$AF$1)*($AK42-$AF42)/($AK$1-$AF$1)) -> 0 | AH42: =$AF42+((AH$1-$AF$1)*($AK42-$AF42)/($AK$1-$AF$1)) -> 0 | AI42: =$AF42+((AI$1-$AF$1)*($AK42-$AF42)/($AK$1-$AF$1)) -> 0 | AJ42: =$AF42+((AJ$1-$AF$1)*($AK42-$AF42)/($AK$1-$AF$1)) -> 0 | AK42: 0 | AL42: =$AK42+((AL$1-$AK$1)*($AP42-$AK42)/($AP$1-$AK$1)) -> 0 | AM42: =$AK42+((AM$1-$AK$1)*($AP42-$AK42)/($AP$1-$AK$1)) -> 0 | AN42: =$AK42+((AN$1-$AK$1)*($AP42-$AK42)/($AP$1-$AK$1)) -> 0 | AO42: =$AK42+((AO$1-$AK$1)*($AP42-$AK42)/($AP$1-$AK$1)) -> 0 | AP42: 0
A43: hydrogen | B43: 0 | C43: =$B43+((C$1-$B$1)*($G43-$B43)/($G$1-$B$1)) -> 0 | D43: =$B43+((D$1-$B$1)*($G43-$B43)/($G$1-$B$1)) -> 0 | E43: =$B43+((E$1-$B$1)*($G43-$B43)/($G$1-$B$1)) -> 0 | F43: =$B43+((F$1-$B$1)*($G43-$B43)/($G$1-$B$1)) -> 0 | G43: 0 | H43: =$G43+((H$1-$G$1)*($L43-$G43)/($L$1-$G$1)) -> 0 | I43: =$G43+((I$1-$G$1)*($L43-$G43)/($L$1-$G$1)) -> 0 | J43: =$G43+((J$1-$G$1)*($L43-$G43)/($L$1-$G$1)) -> 0 | K43: =$G43+((K$1-$G$1)*($L43-$G43)/($L$1-$G$1)) -> 0 | L43: 0 | M43: =$L43+((M$1-$L$1)*($Q43-$L43)/($Q$1-$L$1)) -> 0 | N43: =$L43+((N$1-$L$1)*($Q43-$L43)/($Q$1-$L$1)) -> 0 | O43: =$L43+((O$1-$L$1)*($Q43-$L43)/($Q$1-$L$1)) -> 0 | P43: =$L43+((P$1-$L$1)*($Q43-$L43)/($Q$1-$L$1)) -> 0 | Q43: 0 | R43: =$Q43+((R$1-$Q$1)*($V43-$Q43)/($V$1-$Q$1)) -> 0 | S43: =$Q43+((S$1-$Q$1)*($V43-$Q43)/($V$1-$Q$1)) -> 0 | T43: =$Q43+((T$1-$Q$1)*($V43-$Q43)/($V$1-$Q$1)) -> 0 | U43: =$Q43+((U$1-$Q$1)*($V43-$Q43)/($V$1-$Q$1)) -> 0 | V43: 0 | W43: =$V43+((W$1-$V$1)*($AA43-$V43)/($AA$1-$V$1)) -> 0 | X43: =$V43+((X$1-$V$1)*($AA43-$V43)/($AA$1-$V$1)) -> 0 | Y43: =$V43+((Y$1-$V$1)*($AA43-$V43)/($AA$1-$V$1)) -> 0 | Z43: =$V43+((Z$1-$V$1)*($AA43-$V43)/($AA$1-$V$1)) -> 0 | AA43: 0 | AB43: =$AA43+((AB$1-$AA$1)*($AF43-$AA43)/($AF$1-$AA$1)) -> 0 | AC43: =$AA43+((AC$1-$AA$1)*($AF43-$AA43)/($AF$1-$AA$1)) -> 0 | AD43: =$AA43+((AD$1-$AA$1)*($AF43-$AA43)/($AF$1-$AA$1)) -> 0 | AE43: =$AA43+((AE$1-$AA$1)*($AF43-$AA43)/($AF$1-$AA$1)) -> 0 | AF43: 0 | AG43: =$AF43+((AG$1-$AF$1)*($AK43-$AF43)/($AK$1-$AF$1)) -> 0 | AH43: =$AF43+((AH$1-$AF$1)*($AK43-$AF43)/($AK$1-$AF$1)) -> 0 | AI43: =$AF43+((AI$1-$AF$1)*($AK43-$AF43)/($AK$1-$AF$1)) -> 0 | AJ43: =$AF43+((AJ$1-$AF$1)*($AK43-$AF43)/($AK$1-$AF$1)) -> 0 | AK43: 0 | AL43: =$AK43+((AL$1-$AK$1)*($AP43-$AK43)/($AP$1-$AK$1)) -> 0 | AM43: =$AK43+((AM$1-$AK$1)*($AP43-$AK43)/($AP$1-$AK$1)) -> 0 | AN43: =$AK43+((AN$1-$AK$1)*($AP43-$AK43)/($AP$1-$AK$1)) -> 0 | AO43: =$AK43+((AO$1-$AK$1)*($AP43-$AK43)/($AP$1-$AK$1)) -> 0 | AP43: 0
A45: Chemicals | J45: =(J46-I46)/I46 -> 0.011494253 | K45: =(K46-J46)/J46 -> 0.011363636 | L45: =(L46-K46)/K46 -> 0.011235955 | M45: =(M46-L46)/L46 -> 0.011111111 | N45: =(N46-M46)/M46 -> 0.010989011 | O45: =(O46-N46)/N46 -> 0.010869565 | P45: =(P46-O46)/O46 -> 0.010752688 | Q45: =(Q46-P46)/P46 -> 0.010638298 | ... AP45: =(AP46-AO46)/AO46 -> 0.018518519
A46: Electricity | B46: =Chemicals!C27 -> 0 | C46: =$B46+((C$1-$B$1)*($G46-$B46)/($G$1-$B$1)) -> 340 | D46: =$B46+((D$1-$B$1)*($G46-$B46)/($G$1-$B$1)) -> 680 | E46: =$B46+((E$1-$B$1)*($G46-$B46)/($G$1-$B$1)) -> 1020 | F46: =$B46+((F$1-$B$1)*($G46-$B46)/($G$1-$B$1)) -> 1360 | G46: =Chemicals!D7 -> 1700 | H46: =$G46+((H$1-$G$1)*($L46-$G46)/($L$1-$G$1)) -> 1720 | I46: =$G46+((I$1-$G$1)*($L46-$G46)/($L$1-$G$1)) -> 1740 | J46: =$G46+((J$1-$G$1)*($L46-$G46)/($L$1-$G$1)) -> 1760 | K46: =$G46+((K$1-$G$1)*($L46-$G46)/($L$1-$G$1)) -> 1780 | L46: =Chemicals!E7 -> 1800 | M46: =$L46+((M$1-$L$1)*($Q46-$L46)/($Q$1-$L$1)) -> 1820 | N46: =$L46+((N$1-$L$1)*($Q46-$L46)/($Q$1-$L$1)) -> 1840 | O46: =$L46+((O$1-$L$1)*($Q46-$L46)/($Q$1-$L$1)) -> 1860 | P46: =$L46+((P$1-$L$1)*($Q46-$L46)/($Q$1-$L$1)) -> 1880 | Q46: =Chemicals!F7 -> 1900 | R46: =$Q46+((R$1-$Q$1)*($V46-$Q46)/($V$1-$Q$1)) -> 1980 | S46: =$Q46+((S$1-$Q$1)*($V46-$Q46)/($V$1-$Q$1)) -> 2060 | T46: =$Q46+((T$1-$Q$1)*($V46-$Q46)/($V$1-$Q$1)) -> 2140 | U46: =$Q46+((U$1-$Q$1)*($V46-$Q46)/($V$1-$Q$1)) -> 2220 | V46: =Chemicals!G7 -> 2300 | W46: =$V46+((W$1-$V$1)*($AA46-$V46)/($AA$1-$V$1)) -> 2360 | X46: =$V46+((X$1-$V$1)*($AA46-$V46)/($AA$1-$V$1)) -> 2420 | Y46: =$V46+((Y$1-$V$1)*($AA46-$V46)/($AA$1-$V$1)) -> 2480 | Z46: =$V46+((Z$1-$V$1)*($AA46-$V46)/($AA$1-$V$1)) -> 2540 | AA46: =Chemicals!H7 -> 2600 | AB46: =$AA46+((AB$1-$AA$1)*($AF46-$AA46)/($AF$1-$AA$1)) -> 2640 | AC46: =$AA46+((AC$1-$AA$1)*($AF46-$AA46)/($AF$1-$AA$1)) -> 2680 | AD46: =$AA46+((AD$1-$AA$1)*($AF46-$AA46)/($AF$1-$AA$1)) -> 2720 | AE46: =$AA46+((AE$1-$AA$1)*($AF46-$AA46)/($AF$1-$AA$1)) -> 2760 | AF46: =Chemicals!I7 -> 2800 | AG46: =$AF46+((AG$1-$AF$1)*($AK46-$AF46)/($AK$1-$AF$1)) -> 2840 | AH46: =$AF46+((AH$1-$AF$1)*($AK46-$AF46)/($AK$1-$AF$1)) -> 2880 | AI46: =$AF46+((AI$1-$AF$1)*($AK46-$AF46)/($AK$1-$AF$1)) -> 2920 | AJ46: =$AF46+((AJ$1-$AF$1)*($AK46-$AF46)/($AK$1-$AF$1)) -> 2960 | AK46: =Chemicals!J7 -> 3000 | AL46: =$AK46+((AL$1-$AK$1)*($AP46-$AK46)/($AP$1-$AK$1)) -> 3060 | AM46: =$AK46+((AM$1-$AK$1)*($AP46-$AK46)/($AP$1-$AK$1)) -> 3120 | AN46: =$AK46+((AN$1-$AK$1)*($AP46-$AK46)/($AP$1-$AK$1)) -> 3180 | AO46: =$AK46+((AO$1-$AK$1)*($AP46-$AK46)/($AP$1-$AK$1)) -> 3240 | AP46: =Chemicals!K7 -> 3300
J47: =(J48-I48)/I48 -> -0.027210884 | K47: =(K48-J48)/J48 -> -0.027972028 | L47: =(L48-K48)/K48 -> -0.028776978 | M47: =(M48-L48)/L48 -> 0.022222222 | N47: =(N48-M48)/M48 -> 0.02173913 | O47: =(O48-N48)/N48 -> 0.021276596 | P47: =(P48-O48)/O48 -> 0.020833333 | Q47: =(Q48-P48)/P48 -> 0.020408163 | ... AP47: =(AP48-AO48)/AO48 -> 0.010638298
A48: Coal | B48: =Chemicals!C32 -> 1851.3003 | C48: =$B48+((C$1-$B$1)*($G48-$B48)/($G$1-$B$1)) -> 2101.0402 | D48: =$B48+((D$1-$B$1)*($G48-$B48)/($G$1-$B$1)) -> 2350.7802 | E48: =$B48+((E$1-$B$1)*($G48-$B48)/($G$1-$B$1)) -> 2600.5201 | F48: =$B48+((F$1-$B$1)*($G48-$B48)/($G$1-$B$1)) -> 2850.2601 | G48: =Chemicals!D14+Chemicals!D12 -> 3100 | H48: =$G48+((H$1-$G$1)*($L48-$G48)/($L$1-$G$1)) -> 3020 | I48: =$G48+((I$1-$G$1)*($L48-$G48)/($L$1-$G$1)) -> 2940 | J48: =$G48+((J$1-$G$1)*($L48-$G48)/($L$1-$G$1)) -> 2860 | K48: =$G48+((K$1-$G$1)*($L48-$G48)/($L$1-$G$1)) -> 2780 | L48: =Chemicals!E14+Chemicals!E12 -> 2700 | M48: =$L48+((M$1-$L$1)*($Q48-$L48)/($Q$1-$L$1)) -> 2760 | N48: =$L48+((N$1-$L$1)*($Q48-$L48)/($Q$1-$L$1)) -> 2820 | O48: =$L48+((O$1-$L$1)*($Q48-$L48)/($Q$1-$L$1)) -> 2880 | P48: =$L48+((P$1-$L$1)*($Q48-$L48)/($Q$1-$L$1)) -> 2940 | Q48: =Chemicals!F14+Chemicals!F12 -> 3000 | R48: =$Q48+((R$1-$Q$1)*($V48-$Q48)/($V$1-$Q$1)) -> 3100 | S48: =$Q48+((S$1-$Q$1)*($V48-$Q48)/($V$1-$Q$1)) -> 3200 | T48: =$Q48+((T$1-$Q$1)*($V48-$Q48)/($V$1-$Q$1)) -> 3300 | U48: =$Q48+((U$1-$Q$1)*($V48-$Q48)/($V$1-$Q$1)) -> 3400 | V48: =Chemicals!G14+Chemicals!G12 -> 3500 | W48: =$V48+((W$1-$V$1)*($AA48-$V48)/($AA$1-$V$1)) -> 3640 | X48: =$V48+((X$1-$V$1)*($AA48-$V48)/($AA$1-$V$1)) -> 3780 | Y48: =$V48+((Y$1-$V$1)*($AA48-$V48)/($AA$1-$V$1)) -> 3920 | Z48: =$V48+((Z$1-$V$1)*($AA48-$V48)/($AA$1-$V$1)) -> 4060 | AA48: =Chemicals!H14+Chemicals!H12 -> 4200 | AB48: =$AA48+((AB$1-$AA$1)*($AF48-$AA48)/($AF$1-$AA$1)) -> 4320 | AC48: =$AA48+((AC$1-$AA$1)*($AF48-$AA48)/($AF$1-$AA$1)) -> 4440 | AD48: =$AA48+((AD$1-$AA$1)*($AF48-$AA48)/($AF$1-$AA$1)) -> 4560 | AE48: =$AA48+((AE$1-$AA$1)*($AF48-$AA48)/($AF$1-$AA$1)) -> 4680 | AF48: =Chemicals!I14+Chemicals!I12 -> 4800 | AG48: =$AF48+((AG$1-$AF$1)*($AK48-$AF48)/($AK$1-$AF$1)) -> 4920 | AH48: =$AF48+((AH$1-$AF$1)*($AK48-$AF48)/($AK$1-$AF$1)) -> 5040 | AI48: =$AF48+((AI$1-$AF$1)*($AK48-$AF48)/($AK$1-$AF$1)) -> 5160 | AJ48: =$AF48+((AJ$1-$AF$1)*($AK48-$AF48)/($AK$1-$AF$1)) -> 5280 | AK48: =Chemicals!J14+Chemicals!J12 -> 5400 | AL48: =$AK48+((AL$1-$AK$1)*($AP48-$AK48)/($AP$1-$AK$1)) -> 5460 | AM48: =$AK48+((AM$1-$AK$1)*($AP48-$AK48)/($AP$1-$AK$1)) -> 5520 | AN48: =$AK48+((AN$1-$AK$1)*($AP48-$AK48)/($AP$1-$AK$1)) -> 5580 | AO48: =$AK48+((AO$1-$AK$1)*($AP48-$AK48)/($AP$1-$AK$1)) -> 5640 | AP48: =Chemicals!K14+Chemicals!K12 -> 5700
J49: =(J50-I50)/I50 -> 0.046511628 | K49: =(K50-J50)/J50 -> 0.044444444 | L49: =(L50-K50)/K50 -> 0.042553191 | M49: =(M50-L50)/L50 -> 0.036734694 | N49: =(N50-M50)/M50 -> 0.035433071 | O49: =(O50-N50)/N50 -> 0.034220532 | P49: =(P50-O50)/O50 -> 0.033088235 | Q49: =(Q50-P50)/P50 -> 0.03202847 | ... AP49: =(AP50-AO50)/AO50 -> 0.0045146727
A50: Natural Gas | B50: =Chemicals!C33 -> 6742.6419 | C50: =$B50+((C$1-$B$1)*($G50-$B50)/($G$1-$B$1)) -> 6174.1135 | D50: =$B50+((D$1-$B$1)*($G50-$B50)/($G$1-$B$1)) -> 5605.5852 | E50: =$B50+((E$1-$B$1)*($G50-$B50)/($G$1-$B$1)) -> 5037.0568 | F50: =$B50+((F$1-$B$1)*($G50-$B50)/($G$1-$B$1)) -> 4468.5284 | G50: =Chemicals!D8 -> 3900 | H50: =$G50+((H$1-$G$1)*($L50-$G50)/($L$1-$G$1)) -> 4100 | I50: =$G50+((I$1-$G$1)*($L50-$G50)/($L$1-$G$1)) -> 4300 | J50: =$G50+((J$1-$G$1)*($L50-$G50)/($L$1-$G$1)) -> 4500 | K50: =$G50+((K$1-$G$1)*($L50-$G50)/($L$1-$G$1)) -> 4700 | L50: =Chemicals!E8 -> 4900 | M50: =$L50+((M$1-$L$1)*($Q50-$L50)/($Q$1-$L$1)) -> 5080 | N50: =$L50+((N$1-$L$1)*($Q50-$L50)/($Q$1-$L$1)) -> 5260 | O50: =$L50+((O$1-$L$1)*($Q50-$L50)/($Q$1-$L$1)) -> 5440 | P50: =$L50+((P$1-$L$1)*($Q50-$L50)/($Q$1-$L$1)) -> 5620 | Q50: =Chemicals!F8 -> 5800 | R50: =$Q50+((R$1-$Q$1)*($V50-$Q50)/($V$1-$Q$1)) -> 5980 | S50: =$Q50+((S$1-$Q$1)*($V50-$Q50)/($V$1-$Q$1)) -> 6160 | T50: =$Q50+((T$1-$Q$1)*($V50-$Q50)/($V$1-$Q$1)) -> 6340 | U50: =$Q50+((U$1-$Q$1)*($V50-$Q50)/($V$1-$Q$1)) -> 6520 | V50: =Chemicals!G8 -> 6700 | W50: =$V50+((W$1-$V$1)*($AA50-$V50)/($AA$1-$V$1)) -> 6840 | X50: =$V50+((X$1-$V$1)*($AA50-$V50)/($AA$1-$V$1)) -> 6980 | Y50: =$V50+((Y$1-$V$1)*($AA50-$V50)/($AA$1-$V$1)) -> 7120 | Z50: =$V50+((Z$1-$V$1)*($AA50-$V50)/($AA$1-$V$1)) -> 7260 | AA50: =Chemicals!H8 -> 7400 | AB50: =$AA50+((AB$1-$AA$1)*($AF50-$AA50)/($AF$1-$AA$1)) -> 7580 | AC50: =$AA50+((AC$1-$AA$1)*($AF50-$AA50)/($AF$1-$AA$1)) -> 7760 | AD50: =$AA50+((AD$1-$AA$1)*($AF50-$AA50)/($AF$1-$AA$1)) -> 7940 | AE50: =$AA50+((AE$1-$AA$1)*($AF50-$AA50)/($AF$1-$AA$1)) -> 8120 | AF50: =Chemicals!I8 -> 8300 | AG50: =$AF50+((AG$1-$AF$1)*($AK50-$AF50)/($AK$1-$AF$1)) -> 8380 | AH50: =$AF50+((AH$1-$AF$1)*($AK50-$AF50)/($AK$1-$AF$1)) -> 8460 | AI50: =$AF50+((AI$1-$AF$1)*($AK50-$AF50)/($AK$1-$AF$1)) -> 8540 | AJ50: =$AF50+((AJ$1-$AF$1)*($AK50-$AF50)/($AK$1-$AF$1)) -> 8620 | AK50: =Chemicals!J8 -> 8700 | AL50: =$AK50+((AL$1-$AK$1)*($AP50-$AK50)/($AP$1-$AK$1)) -> 8740 | AM50: =$AK50+((AM$1-$AK$1)*($AP50-$AK50)/($AP$1-$AK$1)) -> 8780 | AN50: =$AK50+((AN$1-$AK$1)*($AP50-$AK50)/($AP$1-$AK$1)) -> 8820 | AO50: =$AK50+((AO$1-$AK$1)*($AP50-$AK50)/($AP$1-$AK$1)) -> 8860 | AP50: =Chemicals!K8 -> 8900
J51: =(J52-I52)/I52 -> 0 | K51: =(K52-J52)/J52 -> 0 | L51: =(L52-K52)/K52 -> 0 | M51: =(M52-L52)/L52 -> 0.066666667 | N51: =(N52-M52)/M52 -> 0.0625 | O51: =(O52-N52)/N52 -> 0.058823529 | P51: =(P52-O52)/O52 -> 0.055555556 | Q51: =(Q52-P52)/P52 -> 0.052631579 | ... AP51: =(AP52-AO52)/AO52 -> 0.060606061
A52: Biomass | B52: =Chemicals!C33 -> 6742.6419 | C52: =$B52+((C$1-$B$1)*($G52-$B52)/($G$1-$B$1)) -> 5454.1135 | D52: =$B52+((D$1-$B$1)*($G52-$B52)/($G$1-$B$1)) -> 4165.5852 | E52: =$B52+((E$1-$B$1)*($G52-$B52)/($G$1-$B$1)) -> 2877.0568 | F52: =$B52+((F$1-$B$1)*($G52-$B52)/($G$1-$B$1)) -> 1588.5284 | G52: =Chemicals!D15 -> 300 | H52: =$G52+((H$1-$G$1)*($L52-$G52)/($L$1-$G$1)) -> 300 | I52: =$G52+((I$1-$G$1)*($L52-$G52)/($L$1-$G$1)) -> 300 | J52: =$G52+((J$1-$G$1)*($L52-$G52)/($L$1-$G$1)) -> 300 | K52: =$G52+((K$1-$G$1)*($L52-$G52)/($L$1-$G$1)) -> 300 | L52: =Chemicals!E15 -> 300 | M52: =$L52+((M$1-$L$1)*($Q52-$L52)/($Q$1-$L$1)) -> 320 | N52: =$L52+((N$1-$L$1)*($Q52-$L52)/($Q$1-$L$1)) -> 340 | O52: =$L52+((O$1-$L$1)*($Q52-$L52)/($Q$1-$L$1)) -> 360 | P52: =$L52+((P$1-$L$1)*($Q52-$L52)/($Q$1-$L$1)) -> 380 | Q52: =Chemicals!F15 -> 400 | R52: =$Q52+((R$1-$Q$1)*($V52-$Q52)/($V$1-$Q$1)) -> 400 | S52: =$Q52+((S$1-$Q$1)*($V52-$Q52)/($V$1-$Q$1)) -> 400 | T52: =$Q52+((T$1-$Q$1)*($V52-$Q52)/($V$1-$Q$1)) -> 400 | U52: =$Q52+((U$1-$Q$1)*($V52-$Q52)/($V$1-$Q$1)) -> 400 | V52: =Chemicals!G15 -> 400 | W52: =$V52+((W$1-$V$1)*($AA52-$V52)/($AA$1-$V$1)) -> 420 | X52: =$V52+((X$1-$V$1)*($AA52-$V52)/($AA$1-$V$1)) -> 440 | Y52: =$V52+((Y$1-$V$1)*($AA52-$V52)/($AA$1-$V$1)) -> 460 | Z52: =$V52+((Z$1-$V$1)*($AA52-$V52)/($AA$1-$V$1)) -> 480 | AA52: =Chemicals!H15 -> 500 | AB52: =$AA52+((AB$1-$AA$1)*($AF52-$AA52)/($AF$1-$AA$1)) -> 500 | AC52: =$AA52+((AC$1-$AA$1)*($AF52-$AA52)/($AF$1-$AA$1)) -> 500 | AD52: =$AA52+((AD$1-$AA$1)*($AF52-$AA52)/($AF$1-$AA$1)) -> 500 | AE52: =$AA52+((AE$1-$AA$1)*($AF52-$AA52)/($AF$1-$AA$1)) -> 500 | AF52: =Chemicals!I15 -> 500 | AG52: =$AF52+((AG$1-$AF$1)*($AK52-$AF52)/($AK$1-$AF$1)) -> 500 | AH52: =$AF52+((AH$1-$AF$1)*($AK52-$AF52)/($AK$1-$AF$1)) -> 500 | AI52: =$AF52+((AI$1-$AF$1)*($AK52-$AF52)/($AK$1-$AF$1)) -> 500 | AJ52: =$AF52+((AJ$1-$AF$1)*($AK52-$AF52)/($AK$1-$AF$1)) -> 500 | AK52: =Chemicals!J15 -> 500 | AL52: =$AK52+((AL$1-$AK$1)*($AP52-$AK52)/($AP$1-$AK$1)) -> 540 | AM52: =$AK52+((AM$1-$AK$1)*($AP52-$AK52)/($AP$1-$AK$1)) -> 580 | AN52: =$AK52+((AN$1-$AK$1)*($AP52-$AK52)/($AP$1-$AK$1)) -> 620 | AO52: =$AK52+((AO$1-$AK$1)*($AP52-$AK52)/($AP$1-$AK$1)) -> 660 | AP52: =Chemicals!K15 -> 700
A54: Petroleum Diesel | B54: =Chemicals!C28+Chemicals!C26 -> 184.91954 | C54: =$B54+((C$1-$B$1)*($G54-$B54)/($G$1-$B$1)) -> 147.93564 | D54: =$B54+((D$1-$B$1)*($G54-$B54)/($G$1-$B$1)) -> 110.95173 | E54: =$B54+((E$1-$B$1)*($G54-$B54)/($G$1-$B$1)) -> 73.967818 | F54: =$B54+((F$1-$B$1)*($G54-$B54)/($G$1-$B$1)) -> 36.983909 | G54: =Chemicals!D11 -> 0 | H54: =$G54+((H$1-$G$1)*($L54-$G54)/($L$1-$G$1)) -> 0 | I54: =$G54+((I$1-$G$1)*($L54-$G54)/($L$1-$G$1)) -> 0 | J54: =$G54+((J$1-$G$1)*($L54-$G54)/($L$1-$G$1)) -> 0 | K54: =$G54+((K$1-$G$1)*($L54-$G54)/($L$1-$G$1)) -> 0 | L54: =Chemicals!E11 -> 0 | M54: =$L54+((M$1-$L$1)*($Q54-$L54)/($Q$1-$L$1)) -> 0 | N54: =$L54+((N$1-$L$1)*($Q54-$L54)/($Q$1-$L$1)) -> 0 | O54: =$L54+((O$1-$L$1)*($Q54-$L54)/($Q$1-$L$1)) -> 0 | P54: =$L54+((P$1-$L$1)*($Q54-$L54)/($Q$1-$L$1)) -> 0 | Q54: =Chemicals!F11 -> 0 | R54: =$Q54+((R$1-$Q$1)*($V54-$Q54)/($V$1-$Q$1)) -> 0 | S54: =$Q54+((S$1-$Q$1)*($V54-$Q54)/($V$1-$Q$1)) -> 0 | T54: =$Q54+((T$1-$Q$1)*($V54-$Q54)/($V$1-$Q$1)) -> 0 | U54: =$Q54+((U$1-$Q$1)*($V54-$Q54)/($V$1-$Q$1)) -> 0 | V54: =Chemicals!G11 -> 0 | W54: =$V54+((W$1-$V$1)*($AA54-$V54)/($AA$1-$V$1)) -> 0 | X54: =$V54+((X$1-$V$1)*($AA54-$V54)/($AA$1-$V$1)) -> 0 | Y54: =$V54+((Y$1-$V$1)*($AA54-$V54)/($AA$1-$V$1)) -> 0 | Z54: =$V54+((Z$1-$V$1)*($AA54-$V54)/($AA$1-$V$1)) -> 0 | AA54: =Chemicals!H11 -> 0 | AB54: =$AA54+((AB$1-$AA$1)*($AF54-$AA54)/($AF$1-$AA$1)) -> 0 | AC54: =$AA54+((AC$1-$AA$1)*($AF54-$AA54)/($AF$1-$AA$1)) -> 0 | AD54: =$AA54+((AD$1-$AA$1)*($AF54-$AA54)/($AF$1-$AA$1)) -> 0 | AE54: =$AA54+((AE$1-$AA$1)*($AF54-$AA54)/($AF$1-$AA$1)) -> 0 | AF54: =Chemicals!I11 -> 0 | AG54: =$AF54+((AG$1-$AF$1)*($AK54-$AF54)/($AK$1-$AF$1)) -> 0 | AH54: =$AF54+((AH$1-$AF$1)*($AK54-$AF54)/($AK$1-$AF$1)) -> 0 | AI54: =$AF54+((AI$1-$AF$1)*($AK54-$AF54)/($AK$1-$AF$1)) -> 0 | AJ54: =$AF54+((AJ$1-$AF$1)*($AK54-$AF54)/($AK$1-$AF$1)) -> 0 | AK54: =Chemicals!J11 -> 0 | AL54: =$AK54+((AL$1-$AK$1)*($AP54-$AK54)/($AP$1-$AK$1)) -> 0 | AM54: =$AK54+((AM$1-$AK$1)*($AP54-$AK54)/($AP$1-$AK$1)) -> 0 | AN54: =$AK54+((AN$1-$AK$1)*($AP54-$AK54)/($AP$1-$AK$1)) -> 0 | AO54: =$AK54+((AO$1-$AK$1)*($AP54-$AK54)/($AP$1-$AK$1)) -> 0 | AP54: =Chemicals!K11 -> 0
A55: Heat | B55: 0 | C55: =$B55+((C$1-$B$1)*($G55-$B55)/($G$1-$B$1)) -> 0 | D55: =$B55+((D$1-$B$1)*($G55-$B55)/($G$1-$B$1)) -> 0 | E55: =$B55+((E$1-$B$1)*($G55-$B55)/($G$1-$B$1)) -> 0 | F55: =$B55+((F$1-$B$1)*($G55-$B55)/($G$1-$B$1)) -> 0 | G55: 0 | H55: =$G55+((H$1-$G$1)*($L55-$G55)/($L$1-$G$1)) -> 0 | I55: =$G55+((I$1-$G$1)*($L55-$G55)/($L$1-$G$1)) -> 0 | J55: =$G55+((J$1-$G$1)*($L55-$G55)/($L$1-$G$1)) -> 0 | K55: =$G55+((K$1-$G$1)*($L55-$G55)/($L$1-$G$1)) -> 0 | L55: 0 | M55: =$L55+((M$1-$L$1)*($Q55-$L55)/($Q$1-$L$1)) -> 0 | N55: =$L55+((N$1-$L$1)*($Q55-$L55)/($Q$1-$L$1)) -> 0 | O55: =$L55+((O$1-$L$1)*($Q55-$L55)/($Q$1-$L$1)) -> 0 | P55: =$L55+((P$1-$L$1)*($Q55-$L55)/($Q$1-$L$1)) -> 0 | Q55: 0 | R55: =$Q55+((R$1-$Q$1)*($V55-$Q55)/($V$1-$Q$1)) -> 0 | S55: =$Q55+((S$1-$Q$1)*($V55-$Q55)/($V$1-$Q$1)) -> 0 | T55: =$Q55+((T$1-$Q$1)*($V55-$Q55)/($V$1-$Q$1)) -> 0 | U55: =$Q55+((U$1-$Q$1)*($V55-$Q55)/($V$1-$Q$1)) -> 0 | V55: 0 | W55: =$V55+((W$1-$V$1)*($AA55-$V55)/($AA$1-$V$1)) -> 0 | X55: =$V55+((X$1-$V$1)*($AA55-$V55)/($AA$1-$V$1)) -> 0 | Y55: =$V55+((Y$1-$V$1)*($AA55-$V55)/($AA$1-$V$1)) -> 0 | Z55: =$V55+((Z$1-$V$1)*($AA55-$V55)/($AA$1-$V$1)) -> 0 | AA55: 0 | AB55: =$AA55+((AB$1-$AA$1)*($AF55-$AA55)/($AF$1-$AA$1)) -> 0 | AC55: =$AA55+((AC$1-$AA$1)*($AF55-$AA55)/($AF$1-$AA$1)) -> 0 | AD55: =$AA55+((AD$1-$AA$1)*($AF55-$AA55)/($AF$1-$AA$1)) -> 0 | AE55: =$AA55+((AE$1-$AA$1)*($AF55-$AA55)/($AF$1-$AA$1)) -> 0 | AF55: 0 | AG55: =$AF55+((AG$1-$AF$1)*($AK55-$AF55)/($AK$1-$AF$1)) -> 0 | AH55: =$AF55+((AH$1-$AF$1)*($AK55-$AF55)/($AK$1-$AF$1)) -> 0 | AI55: =$AF55+((AI$1-$AF$1)*($AK55-$AF55)/($AK$1-$AF$1)) -> 0 | AJ55: =$AF55+((AJ$1-$AF$1)*($AK55-$AF55)/($AK$1-$AF$1)) -> 0 | AK55: 0 | AL55: =$AK55+((AL$1-$AK$1)*($AP55-$AK55)/($AP$1-$AK$1)) -> 0 | AM55: =$AK55+((AM$1-$AK$1)*($AP55-$AK55)/($AP$1-$AK$1)) -> 0 | AN55: =$AK55+((AN$1-$AK$1)*($AP55-$AK55)/($AP$1-$AK$1)) -> 0 | AO55: =$AK55+((AO$1-$AK$1)*($AP55-$AK55)/($AP$1-$AK$1)) -> 0 | AP55: 0
A56: Crude Oil | B56: 0 | C56: =$B56+((C$1-$B$1)*($G56-$B56)/($G$1-$B$1)) -> 0 | D56: =$B56+((D$1-$B$1)*($G56-$B56)/($G$1-$B$1)) -> 0 | E56: =$B56+((E$1-$B$1)*($G56-$B56)/($G$1-$B$1)) -> 0 | F56: =$B56+((F$1-$B$1)*($G56-$B56)/($G$1-$B$1)) -> 0 | G56: 0 | H56: =$G56+((H$1-$G$1)*($L56-$G56)/($L$1-$G$1)) -> 0 | I56: =$G56+((I$1-$G$1)*($L56-$G56)/($L$1-$G$1)) -> 0 | J56: =$G56+((J$1-$G$1)*($L56-$G56)/($L$1-$G$1)) -> 0 | K56: =$G56+((K$1-$G$1)*($L56-$G56)/($L$1-$G$1)) -> 0 | L56: 0 | M56: =$L56+((M$1-$L$1)*($Q56-$L56)/($Q$1-$L$1)) -> 0 | N56: =$L56+((N$1-$L$1)*($Q56-$L56)/($Q$1-$L$1)) -> 0 | O56: =$L56+((O$1-$L$1)*($Q56-$L56)/($Q$1-$L$1)) -> 0 | P56: =$L56+((P$1-$L$1)*($Q56-$L56)/($Q$1-$L$1)) -> 0 | Q56: 0 | R56: =$Q56+((R$1-$Q$1)*($V56-$Q56)/($V$1-$Q$1)) -> 0 | S56: =$Q56+((S$1-$Q$1)*($V56-$Q56)/($V$1-$Q$1)) -> 0 | T56: =$Q56+((T$1-$Q$1)*($V56-$Q56)/($V$1-$Q$1)) -> 0 | U56: =$Q56+((U$1-$Q$1)*($V56-$Q56)/($V$1-$Q$1)) -> 0 | V56: 0 | W56: =$V56+((W$1-$V$1)*($AA56-$V56)/($AA$1-$V$1)) -> 0 | X56: =$V56+((X$1-$V$1)*($AA56-$V56)/($AA$1-$V$1)) -> 0 | Y56: =$V56+((Y$1-$V$1)*($AA56-$V56)/($AA$1-$V$1)) -> 0 | Z56: =$V56+((Z$1-$V$1)*($AA56-$V56)/($AA$1-$V$1)) -> 0 | AA56: 0 | AB56: =$AA56+((AB$1-$AA$1)*($AF56-$AA56)/($AF$1-$AA$1)) -> 0 | AC56: =$AA56+((AC$1-$AA$1)*($AF56-$AA56)/($AF$1-$AA$1)) -> 0 | AD56: =$AA56+((AD$1-$AA$1)*($AF56-$AA56)/($AF$1-$AA$1)) -> 0 | AE56: =$AA56+((AE$1-$AA$1)*($AF56-$AA56)/($AF$1-$AA$1)) -> 0 | AF56: 0 | AG56: =$AF56+((AG$1-$AF$1)*($AK56-$AF56)/($AK$1-$AF$1)) -> 0 | AH56: =$AF56+((AH$1-$AF$1)*($AK56-$AF56)/($AK$1-$AF$1)) -> 0 | AI56: =$AF56+((AI$1-$AF$1)*($AK56-$AF56)/($AK$1-$AF$1)) -> 0 | AJ56: =$AF56+((AJ$1-$AF$1)*($AK56-$AF56)/($AK$1-$AF$1)) -> 0 | AK56: 0 | AL56: =$AK56+((AL$1-$AK$1)*($AP56-$AK56)/($AP$1-$AK$1)) -> 0 | AM56: =$AK56+((AM$1-$AK$1)*($AP56-$AK56)/($AP$1-$AK$1)) -> 0 | AN56: =$AK56+((AN$1-$AK$1)*($AP56-$AK56)/($AP$1-$AK$1)) -> 0 | AO56: =$AK56+((AO$1-$AK$1)*($AP56-$AK56)/($AP$1-$AK$1)) -> 0 | AP56: 0
J57: =(J58-I58)/I58 -> 0.065217391 | K57: =(K58-J58)/J58 -> 0.06122449 | L57: =(L58-K58)/K58 -> 0.057692308 | M57: =(M58-L58)/L58 -> 0.018181818 | N57: =(N58-M58)/M58 -> 0.017857143 | O57: =(O58-N58)/N58 -> 0.01754386 | P57: =(P58-O58)/O58 -> 0.017241379 | Q57: =(Q58-P58)/P58 -> 0.016949153 | ... AP57: =(AP58-AO58)/AO58 -> -0.015151515
A58: Heavy or residual oil | B58: =Chemicals!C29 -> 0 | C58: =$B58+((C$1-$B$1)*($G58-$B58)/($G$1-$B$1)) -> 160 | D58: =$B58+((D$1-$B$1)*($G58-$B58)/($G$1-$B$1)) -> 320 | E58: =$B58+((E$1-$B$1)*($G58-$B58)/($G$1-$B$1)) -> 480 | F58: =$B58+((F$1-$B$1)*($G58-$B58)/($G$1-$B$1)) -> 640 | G58: =Chemicals!D10 -> 800 | H58: =$G58+((H$1-$G$1)*($L58-$G58)/($L$1-$G$1)) -> 860 | I58: =$G58+((I$1-$G$1)*($L58-$G58)/($L$1-$G$1)) -> 920 | J58: =$G58+((J$1-$G$1)*($L58-$G58)/($L$1-$G$1)) -> 980 | K58: =$G58+((K$1-$G$1)*($L58-$G58)/($L$1-$G$1)) -> 1040 | L58: =Chemicals!E10 -> 1100 | M58: =$L58+((M$1-$L$1)*($Q58-$L58)/($Q$1-$L$1)) -> 1120 | N58: =$L58+((N$1-$L$1)*($Q58-$L58)/($Q$1-$L$1)) -> 1140 | O58: =$L58+((O$1-$L$1)*($Q58-$L58)/($Q$1-$L$1)) -> 1160 | P58: =$L58+((P$1-$L$1)*($Q58-$L58)/($Q$1-$L$1)) -> 1180 | Q58: =Chemicals!F10 -> 1200 | R58: =$Q58+((R$1-$Q$1)*($V58-$Q58)/($V$1-$Q$1)) -> 1220 | S58: =$Q58+((S$1-$Q$1)*($V58-$Q58)/($V$1-$Q$1)) -> 1240 | T58: =$Q58+((T$1-$Q$1)*($V58-$Q58)/($V$1-$Q$1)) -> 1260 | U58: =$Q58+((U$1-$Q$1)*($V58-$Q58)/($V$1-$Q$1)) -> 1280 | V58: =Chemicals!G10 -> 1300 | W58: =$V58+((W$1-$V$1)*($AA58-$V58)/($AA$1-$V$1)) -> 1320 | X58: =$V58+((X$1-$V$1)*($AA58-$V58)/($AA$1-$V$1)) -> 1340 | Y58: =$V58+((Y$1-$V$1)*($AA58-$V58)/($AA$1-$V$1)) -> 1360 | Z58: =$V58+((Z$1-$V$1)*($AA58-$V58)/($AA$1-$V$1)) -> 1380 | AA58: =Chemicals!H10 -> 1400 | AB58: =$AA58+((AB$1-$AA$1)*($AF58-$AA58)/($AF$1-$AA$1)) -> 1400 | AC58: =$AA58+((AC$1-$AA$1)*($AF58-$AA58)/($AF$1-$AA$1)) -> 1400 | AD58: =$AA58+((AD$1-$AA$1)*($AF58-$AA58)/($AF$1-$AA$1)) -> 1400 | AE58: =$AA58+((AE$1-$AA$1)*($AF58-$AA58)/($AF$1-$AA$1)) -> 1400 | AF58: =Chemicals!I10 -> 1400 | AG58: =$AF58+((AG$1-$AF$1)*($AK58-$AF58)/($AK$1-$AF$1)) -> 1400 | AH58: =$AF58+((AH$1-$AF$1)*($AK58-$AF58)/($AK$1-$AF$1)) -> 1400 | AI58: =$AF58+((AI$1-$AF$1)*($AK58-$AF58)/($AK$1-$AF$1)) -> 1400 | AJ58: =$AF58+((AJ$1-$AF$1)*($AK58-$AF58)/($AK$1-$AF$1)) -> 1400 | AK58: =Chemicals!J10 -> 1400 | AL58: =$AK58+((AL$1-$AK$1)*($AP58-$AK58)/($AP$1-$AK$1)) -> 1380 | AM58: =$AK58+((AM$1-$AK$1)*($AP58-$AK58)/($AP$1-$AK$1)) -> 1360 | AN58: =$AK58+((AN$1-$AK$1)*($AP58-$AK58)/($AP$1-$AK$1)) -> 1340 | AO58: =$AK58+((AO$1-$AK$1)*($AP58-$AK58)/($AP$1-$AK$1)) -> 1320 | AP58: =Chemicals!K10 -> 1300
A60: LPG propane or butane | B60: 0 | C60: =$B60+((C$1-$B$1)*($G60-$B60)/($G$1-$B$1)) -> 0 | D60: =$B60+((D$1-$B$1)*($G60-$B60)/($G$1-$B$1)) -> 0 | E60: =$B60+((E$1-$B$1)*($G60-$B60)/($G$1-$B$1)) -> 0 | F60: =$B60+((F$1-$B$1)*($G60-$B60)/($G$1-$B$1)) -> 0 | G60: =Chemicals!D9 -> 0 | H60: =$G60+((H$1-$G$1)*($L60-$G60)/($L$1-$G$1)) -> 0 | I60: =$G60+((I$1-$G$1)*($L60-$G60)/($L$1-$G$1)) -> 0 | J60: =$G60+((J$1-$G$1)*($L60-$G60)/($L$1-$G$1)) -> 0 | K60: =$G60+((K$1-$G$1)*($L60-$G60)/($L$1-$G$1)) -> 0 | L60: =Chemicals!E9 -> 0 | M60: =$L60+((M$1-$L$1)*($Q60-$L60)/($Q$1-$L$1)) -> 0 | N60: =$L60+((N$1-$L$1)*($Q60-$L60)/($Q$1-$L$1)) -> 0 | O60: =$L60+((O$1-$L$1)*($Q60-$L60)/($Q$1-$L$1)) -> 0 | P60: =$L60+((P$1-$L$1)*($Q60-$L60)/($Q$1-$L$1)) -> 0 | Q60: =Chemicals!F9 -> 0 | R60: =$Q60+((R$1-$Q$1)*($V60-$Q60)/($V$1-$Q$1)) -> 0 | S60: =$Q60+((S$1-$Q$1)*($V60-$Q60)/($V$1-$Q$1)) -> 0 | T60: =$Q60+((T$1-$Q$1)*($V60-$Q60)/($V$1-$Q$1)) -> 0 | U60: =$Q60+((U$1-$Q$1)*($V60-$Q60)/($V$1-$Q$1)) -> 0 | V60: =Chemicals!G9 -> 0 | W60: =$V60+((W$1-$V$1)*($AA60-$V60)/($AA$1-$V$1)) -> 0 | X60: =$V60+((X$1-$V$1)*($AA60-$V60)/($AA$1-$V$1)) -> 0 | Y60: =$V60+((Y$1-$V$1)*($AA60-$V60)/($AA$1-$V$1)) -> 0 | Z60: =$V60+((Z$1-$V$1)*($AA60-$V60)/($AA$1-$V$1)) -> 0 | AA60: =Chemicals!H9 -> 0 | AB60: =$AA60+((AB$1-$AA$1)*($AF60-$AA60)/($AF$1-$AA$1)) -> 0 | AC60: =$AA60+((AC$1-$AA$1)*($AF60-$AA60)/($AF$1-$AA$1)) -> 0 | AD60: =$AA60+((AD$1-$AA$1)*($AF60-$AA60)/($AF$1-$AA$1)) -> 0 | AE60: =$AA60+((AE$1-$AA$1)*($AF60-$AA60)/($AF$1-$AA$1)) -> 0 | AF60: =Chemicals!I9 -> 0 | AG60: =$AF60+((AG$1-$AF$1)*($AK60-$AF60)/($AK$1-$AF$1)) -> 0 | AH60: =$AF60+((AH$1-$AF$1)*($AK60-$AF60)/($AK$1-$AF$1)) -> 0 | AI60: =$AF60+((AI$1-$AF$1)*($AK60-$AF60)/($AK$1-$AF$1)) -> 0 | AJ60: =$AF60+((AJ$1-$AF$1)*($AK60-$AF60)/($AK$1-$AF$1)) -> 0 | AK60: =Chemicals!J9 -> 0 | AL60: =$AK60+((AL$1-$AK$1)*($AP60-$AK60)/($AP$1-$AK$1)) -> 0 | AM60: =$AK60+((AM$1-$AK$1)*($AP60-$AK60)/($AP$1-$AK$1)) -> 0 | AN60: =$AK60+((AN$1-$AK$1)*($AP60-$AK60)/($AP$1-$AK$1)) -> 0 | AO60: =$AK60+((AO$1-$AK$1)*($AP60-$AK60)/($AP$1-$AK$1)) -> 0 | AP60: =Chemicals!K9 -> 0
A61: hydrogen | B61: 0 | C61: =$B61+((C$1-$B$1)*($G61-$B61)/($G$1-$B$1)) -> 0 | D61: =$B61+((D$1-$B$1)*($G61-$B61)/($G$1-$B$1)) -> 0 | E61: =$B61+((E$1-$B$1)*($G61-$B61)/($G$1-$B$1)) -> 0 | F61: =$B61+((F$1-$B$1)*($G61-$B61)/($G$1-$B$1)) -> 0 | G61: 0 | H61: =$G61+((H$1-$G$1)*($L61-$G61)/($L$1-$G$1)) -> 0 | I61: =$G61+((I$1-$G$1)*($L61-$G61)/($L$1-$G$1)) -> 0 | J61: =$G61+((J$1-$G$1)*($L61-$G61)/($L$1-$G$1)) -> 0 | K61: =$G61+((K$1-$G$1)*($L61-$G61)/($L$1-$G$1)) -> 0 | L61: 0 | M61: =$L61+((M$1-$L$1)*($Q61-$L61)/($Q$1-$L$1)) -> 0 | N61: =$L61+((N$1-$L$1)*($Q61-$L61)/($Q$1-$L$1)) -> 0 | O61: =$L61+((O$1-$L$1)*($Q61-$L61)/($Q$1-$L$1)) -> 0 | P61: =$L61+((P$1-$L$1)*($Q61-$L61)/($Q$1-$L$1)) -> 0 | Q61: 0 | R61: =$Q61+((R$1-$Q$1)*($V61-$Q61)/($V$1-$Q$1)) -> 0 | S61: =$Q61+((S$1-$Q$1)*($V61-$Q61)/($V$1-$Q$1)) -> 0 | T61: =$Q61+((T$1-$Q$1)*($V61-$Q61)/($V$1-$Q$1)) -> 0 | U61: =$Q61+((U$1-$Q$1)*($V61-$Q61)/($V$1-$Q$1)) -> 0 | V61: 0 | W61: =$V61+((W$1-$V$1)*($AA61-$V61)/($AA$1-$V$1)) -> 0 | X61: =$V61+((X$1-$V$1)*($AA61-$V61)/($AA$1-$V$1)) -> 0 | Y61: =$V61+((Y$1-$V$1)*($AA61-$V61)/($AA$1-$V$1)) -> 0 | Z61: =$V61+((Z$1-$V$1)*($AA61-$V61)/($AA$1-$V$1)) -> 0 | AA61: 0 | AB61: =$AA61+((AB$1-$AA$1)*($AF61-$AA61)/($AF$1-$AA$1)) -> 0 | AC61: =$AA61+((AC$1-$AA$1)*($AF61-$AA61)/($AF$1-$AA$1)) -> 0 | AD61: =$AA61+((AD$1-$AA$1)*($AF61-$AA61)/($AF$1-$AA$1)) -> 0 | AE61: =$AA61+((AE$1-$AA$1)*($AF61-$AA61)/($AF$1-$AA$1)) -> 0 | AF61: 0 | AG61: =$AF61+((AG$1-$AF$1)*($AK61-$AF61)/($AK$1-$AF$1)) -> 0 | AH61: =$AF61+((AH$1-$AF$1)*($AK61-$AF61)/($AK$1-$AF$1)) -> 0 | AI61: =$AF61+((AI$1-$AF$1)*($AK61-$AF61)/($AK$1-$AF$1)) -> 0 | AJ61: =$AF61+((AJ$1-$AF$1)*($AK61-$AF61)/($AK$1-$AF$1)) -> 0 | AK61: 0 | AL61: =$AK61+((AL$1-$AK$1)*($AP61-$AK61)/($AP$1-$AK$1)) -> 0 | AM61: =$AK61+((AM$1-$AK$1)*($AP61-$AK61)/($AP$1-$AK$1)) -> 0 | AN61: =$AK61+((AN$1-$AK$1)*($AP61-$AK61)/($AP$1-$AK$1)) -> 0 | AO61: =$AK61+((AO$1-$AK$1)*($AP61-$AK61)/($AP$1-$AK$1)) -> 0 | AP61: 0
A63: Coal Mining
A64: Electricity | B64: 0 | C64: =$B64+((C$1-$B$1)*($G64-$B64)/($G$1-$B$1)) -> 0 | D64: =$B64+((D$1-$B$1)*($G64-$B64)/($G$1-$B$1)) -> 0 | E64: =$B64+((E$1-$B$1)*($G64-$B64)/($G$1-$B$1)) -> 0 | F64: =$B64+((F$1-$B$1)*($G64-$B64)/($G$1-$B$1)) -> 0 | G64: 0 | H64: =$G64+((H$1-$G$1)*($L64-$G64)/($L$1-$G$1)) -> 0 | I64: =$G64+((I$1-$G$1)*($L64-$G64)/($L$1-$G$1)) -> 0 | J64: =$G64+((J$1-$G$1)*($L64-$G64)/($L$1-$G$1)) -> 0 | K64: =$G64+((K$1-$G$1)*($L64-$G64)/($L$1-$G$1)) -> 0 | L64: 0 | M64: =$L64+((M$1-$L$1)*($Q64-$L64)/($Q$1-$L$1)) -> 0 | N64: =$L64+((N$1-$L$1)*($Q64-$L64)/($Q$1-$L$1)) -> 0 | O64: =$L64+((O$1-$L$1)*($Q64-$L64)/($Q$1-$L$1)) -> 0 | P64: =$L64+((P$1-$L$1)*($Q64-$L64)/($Q$1-$L$1)) -> 0 | Q64: 0 | R64: =$Q64+((R$1-$Q$1)*($V64-$Q64)/($V$1-$Q$1)) -> 0 | S64: =$Q64+((S$1-$Q$1)*($V64-$Q64)/($V$1-$Q$1)) -> 0 | T64: =$Q64+((T$1-$Q$1)*($V64-$Q64)/($V$1-$Q$1)) -> 0 | U64: =$Q64+((U$1-$Q$1)*($V64-$Q64)/($V$1-$Q$1)) -> 0 | V64: 0 | W64: =$V64+((W$1-$V$1)*($AA64-$V64)/($AA$1-$V$1)) -> 0 | X64: =$V64+((X$1-$V$1)*($AA64-$V64)/($AA$1-$V$1)) -> 0 | Y64: =$V64+((Y$1-$V$1)*($AA64-$V64)/($AA$1-$V$1)) -> 0 | Z64: =$V64+((Z$1-$V$1)*($AA64-$V64)/($AA$1-$V$1)) -> 0 | AA64: 0 | AB64: =$AA64+((AB$1-$AA$1)*($AF64-$AA64)/($AF$1-$AA$1)) -> 0 | AC64: =$AA64+((AC$1-$AA$1)*($AF64-$AA64)/($AF$1-$AA$1)) -> 0 | AD64: =$AA64+((AD$1-$AA$1)*($AF64-$AA64)/($AF$1-$AA$1)) -> 0 | AE64: =$AA64+((AE$1-$AA$1)*($AF64-$AA64)/($AF$1-$AA$1)) -> 0 | AF64: 0 | AG64: =$AF64+((AG$1-$AF$1)*($AK64-$AF64)/($AK$1-$AF$1)) -> 0 | AH64: =$AF64+((AH$1-$AF$1)*($AK64-$AF64)/($AK$1-$AF$1)) -> 0 | AI64: =$AF64+((AI$1-$AF$1)*($AK64-$AF64)/($AK$1-$AF$1)) -> 0 | AJ64: =$AF64+((AJ$1-$AF$1)*($AK64-$AF64)/($AK$1-$AF$1)) -> 0 | AK64: 0 | AL64: =$AK64+((AL$1-$AK$1)*($AP64-$AK64)/($AP$1-$AK$1)) -> 0 | AM64: =$AK64+((AM$1-$AK$1)*($AP64-$AK64)/($AP$1-$AK$1)) -> 0 | AN64: =$AK64+((AN$1-$AK$1)*($AP64-$AK64)/($AP$1-$AK$1)) -> 0 | AO64: =$AK64+((AO$1-$AK$1)*($AP64-$AK64)/($AP$1-$AK$1)) -> 0 | AP64: 0
A65: Coal | B65: 0 | C65: =$B65+((C$1-$B$1)*($G65-$B65)/($G$1-$B$1)) -> 0 | D65: =$B65+((D$1-$B$1)*($G65-$B65)/($G$1-$B$1)) -> 0 | E65: =$B65+((E$1-$B$1)*($G65-$B65)/($G$1-$B$1)) -> 0 | F65: =$B65+((F$1-$B$1)*($G65-$B65)/($G$1-$B$1)) -> 0 | G65: 0 | H65: =$G65+((H$1-$G$1)*($L65-$G65)/($L$1-$G$1)) -> 0 | I65: =$G65+((I$1-$G$1)*($L65-$G65)/($L$1-$G$1)) -> 0 | J65: =$G65+((J$1-$G$1)*($L65-$G65)/($L$1-$G$1)) -> 0 | K65: =$G65+((K$1-$G$1)*($L65-$G65)/($L$1-$G$1)) -> 0 | L65: 0 | M65: =$L65+((M$1-$L$1)*($Q65-$L65)/($Q$1-$L$1)) -> 0 | N65: =$L65+((N$1-$L$1)*($Q65-$L65)/($Q$1-$L$1)) -> 0 | O65: =$L65+((O$1-$L$1)*($Q65-$L65)/($Q$1-$L$1)) -> 0 | P65: =$L65+((P$1-$L$1)*($Q65-$L65)/($Q$1-$L$1)) -> 0 | Q65: 0 | R65: =$Q65+((R$1-$Q$1)*($V65-$Q65)/($V$1-$Q$1)) -> 0 | S65: =$Q65+((S$1-$Q$1)*($V65-$Q65)/($V$1-$Q$1)) -> 0 | T65: =$Q65+((T$1-$Q$1)*($V65-$Q65)/($V$1-$Q$1)) -> 0 | U65: =$Q65+((U$1-$Q$1)*($V65-$Q65)/($V$1-$Q$1)) -> 0 | V65: 0 | W65: =$V65+((W$1-$V$1)*($AA65-$V65)/($AA$1-$V$1)) -> 0 | X65: =$V65+((X$1-$V$1)*($AA65-$V65)/($AA$1-$V$1)) -> 0 | Y65: =$V65+((Y$1-$V$1)*($AA65-$V65)/($AA$1-$V$1)) -> 0 | Z65: =$V65+((Z$1-$V$1)*($AA65-$V65)/($AA$1-$V$1)) -> 0 | AA65: 0 | AB65: =$AA65+((AB$1-$AA$1)*($AF65-$AA65)/($AF$1-$AA$1)) -> 0 | AC65: =$AA65+((AC$1-$AA$1)*($AF65-$AA65)/($AF$1-$AA$1)) -> 0 | AD65: =$AA65+((AD$1-$AA$1)*($AF65-$AA65)/($AF$1-$AA$1)) -> 0 | AE65: =$AA65+((AE$1-$AA$1)*($AF65-$AA65)/($AF$1-$AA$1)) -> 0 | AF65: 0 | AG65: =$AF65+((AG$1-$AF$1)*($AK65-$AF65)/($AK$1-$AF$1)) -> 0 | AH65: =$AF65+((AH$1-$AF$1)*($AK65-$AF65)/($AK$1-$AF$1)) -> 0 | AI65: =$AF65+((AI$1-$AF$1)*($AK65-$AF65)/($AK$1-$AF$1)) -> 0 | AJ65: =$AF65+((AJ$1-$AF$1)*($AK65-$AF65)/($AK$1-$AF$1)) -> 0 | AK65: 0 | AL65: =$AK65+((AL$1-$AK$1)*($AP65-$AK65)/($AP$1-$AK$1)) -> 0 | AM65: =$AK65+((AM$1-$AK$1)*($AP65-$AK65)/($AP$1-$AK$1)) -> 0 | AN65: =$AK65+((AN$1-$AK$1)*($AP65-$AK65)/($AP$1-$AK$1)) -> 0 | AO65: =$AK65+((AO$1-$AK$1)*($AP65-$AK65)/($AP$1-$AK$1)) -> 0 | AP65: 0
A66: Natural Gas | B66: 0 | C66: =$B66+((C$1-$B$1)*($G66-$B66)/($G$1-$B$1)) -> 0 | D66: =$B66+((D$1-$B$1)*($G66-$B66)/($G$1-$B$1)) -> 0 | E66: =$B66+((E$1-$B$1)*($G66-$B66)/($G$1-$B$1)) -> 0 | F66: =$B66+((F$1-$B$1)*($G66-$B66)/($G$1-$B$1)) -> 0 | G66: 0 | H66: =$G66+((H$1-$G$1)*($L66-$G66)/($L$1-$G$1)) -> 0 | I66: =$G66+((I$1-$G$1)*($L66-$G66)/($L$1-$G$1)) -> 0 | J66: =$G66+((J$1-$G$1)*($L66-$G66)/($L$1-$G$1)) -> 0 | K66: =$G66+((K$1-$G$1)*($L66-$G66)/($L$1-$G$1)) -> 0 | L66: 0 | M66: =$L66+((M$1-$L$1)*($Q66-$L66)/($Q$1-$L$1)) -> 0 | N66: =$L66+((N$1-$L$1)*($Q66-$L66)/($Q$1-$L$1)) -> 0 | O66: =$L66+((O$1-$L$1)*($Q66-$L66)/($Q$1-$L$1)) -> 0 | P66: =$L66+((P$1-$L$1)*($Q66-$L66)/($Q$1-$L$1)) -> 0 | Q66: 0 | R66: =$Q66+((R$1-$Q$1)*($V66-$Q66)/($V$1-$Q$1)) -> 0 | S66: =$Q66+((S$1-$Q$1)*($V66-$Q66)/($V$1-$Q$1)) -> 0 | T66: =$Q66+((T$1-$Q$1)*($V66-$Q66)/($V$1-$Q$1)) -> 0 | U66: =$Q66+((U$1-$Q$1)*($V66-$Q66)/($V$1-$Q$1)) -> 0 | V66: 0 | W66: =$V66+((W$1-$V$1)*($AA66-$V66)/($AA$1-$V$1)) -> 0 | X66: =$V66+((X$1-$V$1)*($AA66-$V66)/($AA$1-$V$1)) -> 0 | Y66: =$V66+((Y$1-$V$1)*($AA66-$V66)/($AA$1-$V$1)) -> 0 | Z66: =$V66+((Z$1-$V$1)*($AA66-$V66)/($AA$1-$V$1)) -> 0 | AA66: 0 | AB66: =$AA66+((AB$1-$AA$1)*($AF66-$AA66)/($AF$1-$AA$1)) -> 0 | AC66: =$AA66+((AC$1-$AA$1)*($AF66-$AA66)/($AF$1-$AA$1)) -> 0 | AD66: =$AA66+((AD$1-$AA$1)*($AF66-$AA66)/($AF$1-$AA$1)) -> 0 | AE66: =$AA66+((AE$1-$AA$1)*($AF66-$AA66)/($AF$1-$AA$1)) -> 0 | AF66: 0 | AG66: =$AF66+((AG$1-$AF$1)*($AK66-$AF66)/($AK$1-$AF$1)) -> 0 | AH66: =$AF66+((AH$1-$AF$1)*($AK66-$AF66)/($AK$1-$AF$1)) -> 0 | AI66: =$AF66+((AI$1-$AF$1)*($AK66-$AF66)/($AK$1-$AF$1)) -> 0 | AJ66: =$AF66+((AJ$1-$AF$1)*($AK66-$AF66)/($AK$1-$AF$1)) -> 0 | AK66: 0 | AL66: =$AK66+((AL$1-$AK$1)*($AP66-$AK66)/($AP$1-$AK$1)) -> 0 | AM66: =$AK66+((AM$1-$AK$1)*($AP66-$AK66)/($AP$1-$AK$1)) -> 0 | AN66: =$AK66+((AN$1-$AK$1)*($AP66-$AK66)/($AP$1-$AK$1)) -> 0 | AO66: =$AK66+((AO$1-$AK$1)*($AP66-$AK66)/($AP$1-$AK$1)) -> 0 | AP66: 0
A67: Biomass | B67: 0 | C67: =$B67+((C$1-$B$1)*($G67-$B67)/($G$1-$B$1)) -> 0 | D67: =$B67+((D$1-$B$1)*($G67-$B67)/($G$1-$B$1)) -> 0 | E67: =$B67+((E$1-$B$1)*($G67-$B67)/($G$1-$B$1)) -> 0 | F67: =$B67+((F$1-$B$1)*($G67-$B67)/($G$1-$B$1)) -> 0 | G67: 0 | H67: =$G67+((H$1-$G$1)*($L67-$G67)/($L$1-$G$1)) -> 0 | I67: =$G67+((I$1-$G$1)*($L67-$G67)/($L$1-$G$1)) -> 0 | J67: =$G67+((J$1-$G$1)*($L67-$G67)/($L$1-$G$1)) -> 0 | K67: =$G67+((K$1-$G$1)*($L67-$G67)/($L$1-$G$1)) -> 0 | L67: 0 | M67: =$L67+((M$1-$L$1)*($Q67-$L67)/($Q$1-$L$1)) -> 0 | N67: =$L67+((N$1-$L$1)*($Q67-$L67)/($Q$1-$L$1)) -> 0 | O67: =$L67+((O$1-$L$1)*($Q67-$L67)/($Q$1-$L$1)) -> 0 | P67: =$L67+((P$1-$L$1)*($Q67-$L67)/($Q$1-$L$1)) -> 0 | Q67: 0 | R67: =$Q67+((R$1-$Q$1)*($V67-$Q67)/($V$1-$Q$1)) -> 0 | S67: =$Q67+((S$1-$Q$1)*($V67-$Q67)/($V$1-$Q$1)) -> 0 | T67: =$Q67+((T$1-$Q$1)*($V67-$Q67)/($V$1-$Q$1)) -> 0 | U67: =$Q67+((U$1-$Q$1)*($V67-$Q67)/($V$1-$Q$1)) -> 0 | V67: 0 | W67: =$V67+((W$1-$V$1)*($AA67-$V67)/($AA$1-$V$1)) -> 0 | X67: =$V67+((X$1-$V$1)*($AA67-$V67)/($AA$1-$V$1)) -> 0 | Y67: =$V67+((Y$1-$V$1)*($AA67-$V67)/($AA$1-$V$1)) -> 0 | Z67: =$V67+((Z$1-$V$1)*($AA67-$V67)/($AA$1-$V$1)) -> 0 | AA67: 0 | AB67: =$AA67+((AB$1-$AA$1)*($AF67-$AA67)/($AF$1-$AA$1)) -> 0 | AC67: =$AA67+((AC$1-$AA$1)*($AF67-$AA67)/($AF$1-$AA$1)) -> 0 | AD67: =$AA67+((AD$1-$AA$1)*($AF67-$AA67)/($AF$1-$AA$1)) -> 0 | AE67: =$AA67+((AE$1-$AA$1)*($AF67-$AA67)/($AF$1-$AA$1)) -> 0 | AF67: 0 | AG67: =$AF67+((AG$1-$AF$1)*($AK67-$AF67)/($AK$1-$AF$1)) -> 0 | AH67: =$AF67+((AH$1-$AF$1)*($AK67-$AF67)/($AK$1-$AF$1)) -> 0 | AI67: =$AF67+((AI$1-$AF$1)*($AK67-$AF67)/($AK$1-$AF$1)) -> 0 | AJ67: =$AF67+((AJ$1-$AF$1)*($AK67-$AF67)/($AK$1-$AF$1)) -> 0 | AK67: 0 | AL67: =$AK67+((AL$1-$AK$1)*($AP67-$AK67)/($AP$1-$AK$1)) -> 0 | AM67: =$AK67+((AM$1-$AK$1)*($AP67-$AK67)/($AP$1-$AK$1)) -> 0 | AN67: =$AK67+((AN$1-$AK$1)*($AP67-$AK67)/($AP$1-$AK$1)) -> 0 | AO67: =$AK67+((AO$1-$AK$1)*($AP67-$AK67)/($AP$1-$AK$1)) -> 0 | AP67: 0
A68: Petroleum Diesel | B68: 0 | C68: =$B68+((C$1-$B$1)*($G68-$B68)/($G$1-$B$1)) -> 0 | D68: =$B68+((D$1-$B$1)*($G68-$B68)/($G$1-$B$1)) -> 0 | E68: =$B68+((E$1-$B$1)*($G68-$B68)/($G$1-$B$1)) -> 0 | F68: =$B68+((F$1-$B$1)*($G68-$B68)/($G$1-$B$1)) -> 0 | G68: 0 | H68: =$G68+((H$1-$G$1)*($L68-$G68)/($L$1-$G$1)) -> 0 | I68: =$G68+((I$1-$G$1)*($L68-$G68)/($L$1-$G$1)) -> 0 | J68: =$G68+((J$1-$G$1)*($L68-$G68)/($L$1-$G$1)) -> 0 | K68: =$G68+((K$1-$G$1)*($L68-$G68)/($L$1-$G$1)) -> 0 | L68: 0 | M68: =$L68+((M$1-$L$1)*($Q68-$L68)/($Q$1-$L$1)) -> 0 | N68: =$L68+((N$1-$L$1)*($Q68-$L68)/($Q$1-$L$1)) -> 0 | O68: =$L68+((O$1-$L$1)*($Q68-$L68)/($Q$1-$L$1)) -> 0 | P68: =$L68+((P$1-$L$1)*($Q68-$L68)/($Q$1-$L$1)) -> 0 | Q68: 0 | R68: =$Q68+((R$1-$Q$1)*($V68-$Q68)/($V$1-$Q$1)) -> 0 | S68: =$Q68+((S$1-$Q$1)*($V68-$Q68)/($V$1-$Q$1)) -> 0 | T68: =$Q68+((T$1-$Q$1)*($V68-$Q68)/($V$1-$Q$1)) -> 0 | U68: =$Q68+((U$1-$Q$1)*($V68-$Q68)/($V$1-$Q$1)) -> 0 | V68: 0 | W68: =$V68+((W$1-$V$1)*($AA68-$V68)/($AA$1-$V$1)) -> 0 | X68: =$V68+((X$1-$V$1)*($AA68-$V68)/($AA$1-$V$1)) -> 0 | Y68: =$V68+((Y$1-$V$1)*($AA68-$V68)/($AA$1-$V$1)) -> 0 | Z68: =$V68+((Z$1-$V$1)*($AA68-$V68)/($AA$1-$V$1)) -> 0 | AA68: 0 | AB68: =$AA68+((AB$1-$AA$1)*($AF68-$AA68)/($AF$1-$AA$1)) -> 0 | AC68: =$AA68+((AC$1-$AA$1)*($AF68-$AA68)/($AF$1-$AA$1)) -> 0 | AD68: =$AA68+((AD$1-$AA$1)*($AF68-$AA68)/($AF$1-$AA$1)) -> 0 | AE68: =$AA68+((AE$1-$AA$1)*($AF68-$AA68)/($AF$1-$AA$1)) -> 0 | AF68: 0 | AG68: =$AF68+((AG$1-$AF$1)*($AK68-$AF68)/($AK$1-$AF$1)) -> 0 | AH68: =$AF68+((AH$1-$AF$1)*($AK68-$AF68)/($AK$1-$AF$1)) -> 0 | AI68: =$AF68+((AI$1-$AF$1)*($AK68-$AF68)/($AK$1-$AF$1)) -> 0 | AJ68: =$AF68+((AJ$1-$AF$1)*($AK68-$AF68)/($AK$1-$AF$1)) -> 0 | AK68: 0 | AL68: =$AK68+((AL$1-$AK$1)*($AP68-$AK68)/($AP$1-$AK$1)) -> 0 | AM68: =$AK68+((AM$1-$AK$1)*($AP68-$AK68)/($AP$1-$AK$1)) -> 0 | AN68: =$AK68+((AN$1-$AK$1)*($AP68-$AK68)/($AP$1-$AK$1)) -> 0 | AO68: =$AK68+((AO$1-$AK$1)*($AP68-$AK68)/($AP$1-$AK$1)) -> 0 | AP68: 0
A69: Heat | B69: 0 | C69: =$B69+((C$1-$B$1)*($G69-$B69)/($G$1-$B$1)) -> 0 | D69: =$B69+((D$1-$B$1)*($G69-$B69)/($G$1-$B$1)) -> 0 | E69: =$B69+((E$1-$B$1)*($G69-$B69)/($G$1-$B$1)) -> 0 | F69: =$B69+((F$1-$B$1)*($G69-$B69)/($G$1-$B$1)) -> 0 | G69: 0 | H69: =$G69+((H$1-$G$1)*($L69-$G69)/($L$1-$G$1)) -> 0 | I69: =$G69+((I$1-$G$1)*($L69-$G69)/($L$1-$G$1)) -> 0 | J69: =$G69+((J$1-$G$1)*($L69-$G69)/($L$1-$G$1)) -> 0 | K69: =$G69+((K$1-$G$1)*($L69-$G69)/($L$1-$G$1)) -> 0 | L69: 0 | M69: =$L69+((M$1-$L$1)*($Q69-$L69)/($Q$1-$L$1)) -> 0 | N69: =$L69+((N$1-$L$1)*($Q69-$L69)/($Q$1-$L$1)) -> 0 | O69: =$L69+((O$1-$L$1)*($Q69-$L69)/($Q$1-$L$1)) -> 0 | P69: =$L69+((P$1-$L$1)*($Q69-$L69)/($Q$1-$L$1)) -> 0 | Q69: 0 | R69: =$Q69+((R$1-$Q$1)*($V69-$Q69)/($V$1-$Q$1)) -> 0 | S69: =$Q69+((S$1-$Q$1)*($V69-$Q69)/($V$1-$Q$1)) -> 0 | T69: =$Q69+((T$1-$Q$1)*($V69-$Q69)/($V$1-$Q$1)) -> 0 | U69: =$Q69+((U$1-$Q$1)*($V69-$Q69)/($V$1-$Q$1)) -> 0 | V69: 0 | W69: =$V69+((W$1-$V$1)*($AA69-$V69)/($AA$1-$V$1)) -> 0 | X69: =$V69+((X$1-$V$1)*($AA69-$V69)/($AA$1-$V$1)) -> 0 | Y69: =$V69+((Y$1-$V$1)*($AA69-$V69)/($AA$1-$V$1)) -> 0 | Z69: =$V69+((Z$1-$V$1)*($AA69-$V69)/($AA$1-$V$1)) -> 0 | AA69: 0 | AB69: =$AA69+((AB$1-$AA$1)*($AF69-$AA69)/($AF$1-$AA$1)) -> 0 | AC69: =$AA69+((AC$1-$AA$1)*($AF69-$AA69)/($AF$1-$AA$1)) -> 0 | AD69: =$AA69+((AD$1-$AA$1)*($AF69-$AA69)/($AF$1-$AA$1)) -> 0 | AE69: =$AA69+((AE$1-$AA$1)*($AF69-$AA69)/($AF$1-$AA$1)) -> 0 | AF69: 0 | AG69: =$AF69+((AG$1-$AF$1)*($AK69-$AF69)/($AK$1-$AF$1)) -> 0 | AH69: =$AF69+((AH$1-$AF$1)*($AK69-$AF69)/($AK$1-$AF$1)) -> 0 | AI69: =$AF69+((AI$1-$AF$1)*($AK69-$AF69)/($AK$1-$AF$1)) -> 0 | AJ69: =$AF69+((AJ$1-$AF$1)*($AK69-$AF69)/($AK$1-$AF$1)) -> 0 | AK69: 0 | AL69: =$AK69+((AL$1-$AK$1)*($AP69-$AK69)/($AP$1-$AK$1)) -> 0 | AM69: =$AK69+((AM$1-$AK$1)*($AP69-$AK69)/($AP$1-$AK$1)) -> 0 | AN69: =$AK69+((AN$1-$AK$1)*($AP69-$AK69)/($AP$1-$AK$1)) -> 0 | AO69: =$AK69+((AO$1-$AK$1)*($AP69-$AK69)/($AP$1-$AK$1)) -> 0 | AP69: 0
A70: Crude Oil | B70: 0 | C70: =$B70+((C$1-$B$1)*($G70-$B70)/($G$1-$B$1)) -> 0 | D70: =$B70+((D$1-$B$1)*($G70-$B70)/($G$1-$B$1)) -> 0 | E70: =$B70+((E$1-$B$1)*($G70-$B70)/($G$1-$B$1)) -> 0 | F70: =$B70+((F$1-$B$1)*($G70-$B70)/($G$1-$B$1)) -> 0 | G70: 0 | H70: =$G70+((H$1-$G$1)*($L70-$G70)/($L$1-$G$1)) -> 0 | I70: =$G70+((I$1-$G$1)*($L70-$G70)/($L$1-$G$1)) -> 0 | J70: =$G70+((J$1-$G$1)*($L70-$G70)/($L$1-$G$1)) -> 0 | K70: =$G70+((K$1-$G$1)*($L70-$G70)/($L$1-$G$1)) -> 0 | L70: 0 | M70: =$L70+((M$1-$L$1)*($Q70-$L70)/($Q$1-$L$1)) -> 0 | N70: =$L70+((N$1-$L$1)*($Q70-$L70)/($Q$1-$L$1)) -> 0 | O70: =$L70+((O$1-$L$1)*($Q70-$L70)/($Q$1-$L$1)) -> 0 | P70: =$L70+((P$1-$L$1)*($Q70-$L70)/($Q$1-$L$1)) -> 0 | Q70: 0 | R70: =$Q70+((R$1-$Q$1)*($V70-$Q70)/($V$1-$Q$1)) -> 0 | S70: =$Q70+((S$1-$Q$1)*($V70-$Q70)/($V$1-$Q$1)) -> 0 | T70: =$Q70+((T$1-$Q$1)*($V70-$Q70)/($V$1-$Q$1)) -> 0 | U70: =$Q70+((U$1-$Q$1)*($V70-$Q70)/($V$1-$Q$1)) -> 0 | V70: 0 | W70: =$V70+((W$1-$V$1)*($AA70-$V70)/($AA$1-$V$1)) -> 0 | X70: =$V70+((X$1-$V$1)*($AA70-$V70)/($AA$1-$V$1)) -> 0 | Y70: =$V70+((Y$1-$V$1)*($AA70-$V70)/($AA$1-$V$1)) -> 0 | Z70: =$V70+((Z$1-$V$1)*($AA70-$V70)/($AA$1-$V$1)) -> 0 | AA70: 0 | AB70: =$AA70+((AB$1-$AA$1)*($AF70-$AA70)/($AF$1-$AA$1)) -> 0 | AC70: =$AA70+((AC$1-$AA$1)*($AF70-$AA70)/($AF$1-$AA$1)) -> 0 | AD70: =$AA70+((AD$1-$AA$1)*($AF70-$AA70)/($AF$1-$AA$1)) -> 0 | AE70: =$AA70+((AE$1-$AA$1)*($AF70-$AA70)/($AF$1-$AA$1)) -> 0 | AF70: 0 | AG70: =$AF70+((AG$1-$AF$1)*($AK70-$AF70)/($AK$1-$AF$1)) -> 0 | AH70: =$AF70+((AH$1-$AF$1)*($AK70-$AF70)/($AK$1-$AF$1)) -> 0 | AI70: =$AF70+((AI$1-$AF$1)*($AK70-$AF70)/($AK$1-$AF$1)) -> 0 | AJ70: =$AF70+((AJ$1-$AF$1)*($AK70-$AF70)/($AK$1-$AF$1)) -> 0 | AK70: 0 | AL70: =$AK70+((AL$1-$AK$1)*($AP70-$AK70)/($AP$1-$AK$1)) -> 0 | AM70: =$AK70+((AM$1-$AK$1)*($AP70-$AK70)/($AP$1-$AK$1)) -> 0 | AN70: =$AK70+((AN$1-$AK$1)*($AP70-$AK70)/($AP$1-$AK$1)) -> 0 | AO70: =$AK70+((AO$1-$AK$1)*($AP70-$AK70)/($AP$1-$AK$1)) -> 0 | AP70: 0
A71: Heavy or residual oil | B71: 0 | C71: =$B71+((C$1-$B$1)*($G71-$B71)/($G$1-$B$1)) -> 0 | D71: =$B71+((D$1-$B$1)*($G71-$B71)/($G$1-$B$1)) -> 0 | E71: =$B71+((E$1-$B$1)*($G71-$B71)/($G$1-$B$1)) -> 0 | F71: =$B71+((F$1-$B$1)*($G71-$B71)/($G$1-$B$1)) -> 0 | G71: 0 | H71: =$G71+((H$1-$G$1)*($L71-$G71)/($L$1-$G$1)) -> 0 | I71: =$G71+((I$1-$G$1)*($L71-$G71)/($L$1-$G$1)) -> 0 | J71: =$G71+((J$1-$G$1)*($L71-$G71)/($L$1-$G$1)) -> 0 | K71: =$G71+((K$1-$G$1)*($L71-$G71)/($L$1-$G$1)) -> 0 | L71: 0 | M71: =$L71+((M$1-$L$1)*($Q71-$L71)/($Q$1-$L$1)) -> 0 | N71: =$L71+((N$1-$L$1)*($Q71-$L71)/($Q$1-$L$1)) -> 0 | O71: =$L71+((O$1-$L$1)*($Q71-$L71)/($Q$1-$L$1)) -> 0 | P71: =$L71+((P$1-$L$1)*($Q71-$L71)/($Q$1-$L$1)) -> 0 | Q71: 0 | R71: =$Q71+((R$1-$Q$1)*($V71-$Q71)/($V$1-$Q$1)) -> 0 | S71: =$Q71+((S$1-$Q$1)*($V71-$Q71)/($V$1-$Q$1)) -> 0 | T71: =$Q71+((T$1-$Q$1)*($V71-$Q71)/($V$1-$Q$1)) -> 0 | U71: =$Q71+((U$1-$Q$1)*($V71-$Q71)/($V$1-$Q$1)) -> 0 | V71: 0 | W71: =$V71+((W$1-$V$1)*($AA71-$V71)/($AA$1-$V$1)) -> 0 | X71: =$V71+((X$1-$V$1)*($AA71-$V71)/($AA$1-$V$1)) -> 0 | Y71: =$V71+((Y$1-$V$1)*($AA71-$V71)/($AA$1-$V$1)) -> 0 | Z71: =$V71+((Z$1-$V$1)*($AA71-$V71)/($AA$1-$V$1)) -> 0 | AA71: 0 | AB71: =$AA71+((AB$1-$AA$1)*($AF71-$AA71)/($AF$1-$AA$1)) -> 0 | AC71: =$AA71+((AC$1-$AA$1)*($AF71-$AA71)/($AF$1-$AA$1)) -> 0 | AD71: =$AA71+((AD$1-$AA$1)*($AF71-$AA71)/($AF$1-$AA$1)) -> 0 | AE71: =$AA71+((AE$1-$AA$1)*($AF71-$AA71)/($AF$1-$AA$1)) -> 0 | AF71: 0 | AG71: =$AF71+((AG$1-$AF$1)*($AK71-$AF71)/($AK$1-$AF$1)) -> 0 | AH71: =$AF71+((AH$1-$AF$1)*($AK71-$AF71)/($AK$1-$AF$1)) -> 0 | AI71: =$AF71+((AI$1-$AF$1)*($AK71-$AF71)/($AK$1-$AF$1)) -> 0 | AJ71: =$AF71+((AJ$1-$AF$1)*($AK71-$AF71)/($AK$1-$AF$1)) -> 0 | AK71: 0 | AL71: =$AK71+((AL$1-$AK$1)*($AP71-$AK71)/($AP$1-$AK$1)) -> 0 | AM71: =$AK71+((AM$1-$AK$1)*($AP71-$AK71)/($AP$1-$AK$1)) -> 0 | AN71: =$AK71+((AN$1-$AK$1)*($AP71-$AK71)/($AP$1-$AK$1)) -> 0 | AO71: =$AK71+((AO$1-$AK$1)*($AP71-$AK71)/($AP$1-$AK$1)) -> 0 | AP71: 0
A72: LPG propane or butane | B72: 0 | C72: =$B72+((C$1-$B$1)*($G72-$B72)/($G$1-$B$1)) -> 0 | D72: =$B72+((D$1-$B$1)*($G72-$B72)/($G$1-$B$1)) -> 0 | E72: =$B72+((E$1-$B$1)*($G72-$B72)/($G$1-$B$1)) -> 0 | F72: =$B72+((F$1-$B$1)*($G72-$B72)/($G$1-$B$1)) -> 0 | G72: 0 | H72: =$G72+((H$1-$G$1)*($L72-$G72)/($L$1-$G$1)) -> 0 | I72: =$G72+((I$1-$G$1)*($L72-$G72)/($L$1-$G$1)) -> 0 | J72: =$G72+((J$1-$G$1)*($L72-$G72)/($L$1-$G$1)) -> 0 | K72: =$G72+((K$1-$G$1)*($L72-$G72)/($L$1-$G$1)) -> 0 | L72: 0 | M72: =$L72+((M$1-$L$1)*($Q72-$L72)/($Q$1-$L$1)) -> 0 | N72: =$L72+((N$1-$L$1)*($Q72-$L72)/($Q$1-$L$1)) -> 0 | O72: =$L72+((O$1-$L$1)*($Q72-$L72)/($Q$1-$L$1)) -> 0 | P72: =$L72+((P$1-$L$1)*($Q72-$L72)/($Q$1-$L$1)) -> 0 | Q72: 0 | R72: =$Q72+((R$1-$Q$1)*($V72-$Q72)/($V$1-$Q$1)) -> 0 | S72: =$Q72+((S$1-$Q$1)*($V72-$Q72)/($V$1-$Q$1)) -> 0 | T72: =$Q72+((T$1-$Q$1)*($V72-$Q72)/($V$1-$Q$1)) -> 0 | U72: =$Q72+((U$1-$Q$1)*($V72-$Q72)/($V$1-$Q$1)) -> 0 | V72: 0 | W72: =$V72+((W$1-$V$1)*($AA72-$V72)/($AA$1-$V$1)) -> 0 | X72: =$V72+((X$1-$V$1)*($AA72-$V72)/($AA$1-$V$1)) -> 0 | Y72: =$V72+((Y$1-$V$1)*($AA72-$V72)/($AA$1-$V$1)) -> 0 | Z72: =$V72+((Z$1-$V$1)*($AA72-$V72)/($AA$1-$V$1)) -> 0 | AA72: 0 | AB72: =$AA72+((AB$1-$AA$1)*($AF72-$AA72)/($AF$1-$AA$1)) -> 0 | AC72: =$AA72+((AC$1-$AA$1)*($AF72-$AA72)/($AF$1-$AA$1)) -> 0 | AD72: =$AA72+((AD$1-$AA$1)*($AF72-$AA72)/($AF$1-$AA$1)) -> 0 | AE72: =$AA72+((AE$1-$AA$1)*($AF72-$AA72)/($AF$1-$AA$1)) -> 0 | AF72: 0 | AG72: =$AF72+((AG$1-$AF$1)*($AK72-$AF72)/($AK$1-$AF$1)) -> 0 | AH72: =$AF72+((AH$1-$AF$1)*($AK72-$AF72)/($AK$1-$AF$1)) -> 0 | AI72: =$AF72+((AI$1-$AF$1)*($AK72-$AF72)/($AK$1-$AF$1)) -> 0 | AJ72: =$AF72+((AJ$1-$AF$1)*($AK72-$AF72)/($AK$1-$AF$1)) -> 0 | AK72: 0 | AL72: =$AK72+((AL$1-$AK$1)*($AP72-$AK72)/($AP$1-$AK$1)) -> 0 | AM72: =$AK72+((AM$1-$AK$1)*($AP72-$AK72)/($AP$1-$AK$1)) -> 0 | AN72: =$AK72+((AN$1-$AK$1)*($AP72-$AK72)/($AP$1-$AK$1)) -> 0 | AO72: =$AK72+((AO$1-$AK$1)*($AP72-$AK72)/($AP$1-$AK$1)) -> 0 | AP72: 0
A73: hydrogen | B73: 0 | C73: =$B73+((C$1-$B$1)*($G73-$B73)/($G$1-$B$1)) -> 0 | D73: =$B73+((D$1-$B$1)*($G73-$B73)/($G$1-$B$1)) -> 0 | E73: =$B73+((E$1-$B$1)*($G73-$B73)/($G$1-$B$1)) -> 0 | F73: =$B73+((F$1-$B$1)*($G73-$B73)/($G$1-$B$1)) -> 0 | G73: 0 | H73: =$G73+((H$1-$G$1)*($L73-$G73)/($L$1-$G$1)) -> 0 | I73: =$G73+((I$1-$G$1)*($L73-$G73)/($L$1-$G$1)) -> 0 | J73: =$G73+((J$1-$G$1)*($L73-$G73)/($L$1-$G$1)) -> 0 | K73: =$G73+((K$1-$G$1)*($L73-$G73)/($L$1-$G$1)) -> 0 | L73: 0 | M73: =$L73+((M$1-$L$1)*($Q73-$L73)/($Q$1-$L$1)) -> 0 | N73: =$L73+((N$1-$L$1)*($Q73-$L73)/($Q$1-$L$1)) -> 0 | O73: =$L73+((O$1-$L$1)*($Q73-$L73)/($Q$1-$L$1)) -> 0 | P73: =$L73+((P$1-$L$1)*($Q73-$L73)/($Q$1-$L$1)) -> 0 | Q73: 0 | R73: =$Q73+((R$1-$Q$1)*($V73-$Q73)/($V$1-$Q$1)) -> 0 | S73: =$Q73+((S$1-$Q$1)*($V73-$Q73)/($V$1-$Q$1)) -> 0 | T73: =$Q73+((T$1-$Q$1)*($V73-$Q73)/($V$1-$Q$1)) -> 0 | U73: =$Q73+((U$1-$Q$1)*($V73-$Q73)/($V$1-$Q$1)) -> 0 | V73: 0 | W73: =$V73+((W$1-$V$1)*($AA73-$V73)/($AA$1-$V$1)) -> 0 | X73: =$V73+((X$1-$V$1)*($AA73-$V73)/($AA$1-$V$1)) -> 0 | Y73: =$V73+((Y$1-$V$1)*($AA73-$V73)/($AA$1-$V$1)) -> 0 | Z73: =$V73+((Z$1-$V$1)*($AA73-$V73)/($AA$1-$V$1)) -> 0 | AA73: 0 | AB73: =$AA73+((AB$1-$AA$1)*($AF73-$AA73)/($AF$1-$AA$1)) -> 0 | AC73: =$AA73+((AC$1-$AA$1)*($AF73-$AA73)/($AF$1-$AA$1)) -> 0 | AD73: =$AA73+((AD$1-$AA$1)*($AF73-$AA73)/($AF$1-$AA$1)) -> 0 | AE73: =$AA73+((AE$1-$AA$1)*($AF73-$AA73)/($AF$1-$AA$1)) -> 0 | AF73: 0 | AG73: =$AF73+((AG$1-$AF$1)*($AK73-$AF73)/($AK$1-$AF$1)) -> 0 | AH73: =$AF73+((AH$1-$AF$1)*($AK73-$AF73)/($AK$1-$AF$1)) -> 0 | AI73: =$AF73+((AI$1-$AF$1)*($AK73-$AF73)/($AK$1-$AF$1)) -> 0 | AJ73: =$AF73+((AJ$1-$AF$1)*($AK73-$AF73)/($AK$1-$AF$1)) -> 0 | AK73: 0 | AL73: =$AK73+((AL$1-$AK$1)*($AP73-$AK73)/($AP$1-$AK$1)) -> 0 | AM73: =$AK73+((AM$1-$AK$1)*($AP73-$AK73)/($AP$1-$AK$1)) -> 0 | AN73: =$AK73+((AN$1-$AK$1)*($AP73-$AK73)/($AP$1-$AK$1)) -> 0 | AO73: =$AK73+((AO$1-$AK$1)*($AP73-$AK73)/($AP$1-$AK$1)) -> 0 | AP73: 0
A76: Water + Waste
A77: WATER
A78: Electricity | B78: =B79*85.98/1000 -> 1003.8068 | C78: =$B78+((C$1-$B$1)*($G78-$B78)/($G$1-$B$1)) -> 1015.2428 | D78: =$B78+((D$1-$B$1)*($G78-$B78)/($G$1-$B$1)) -> 1026.6788 | E78: =$B78+((E$1-$B$1)*($G78-$B78)/($G$1-$B$1)) -> 1038.1148 | F78: =$B78+((F$1-$B$1)*($G78-$B78)/($G$1-$B$1)) -> 1049.5509 | G78: =G79*85.98/1000 -> 1060.9869 | H78: =$G78+((H$1-$G$1)*($L78-$G78)/($L$1-$G$1)) -> 1070.2935 | I78: =$G78+((I$1-$G$1)*($L78-$G78)/($L$1-$G$1)) -> 1079.6002 | J78: =$G78+((J$1-$G$1)*($L78-$G78)/($L$1-$G$1)) -> 1088.9068 | K78: =$G78+((K$1-$G$1)*($L78-$G78)/($L$1-$G$1)) -> 1098.2135 | L78: =L79*85.98/1000 -> 1107.5201 | M78: =$L78+((M$1-$L$1)*($Q78-$L78)/($Q$1-$L$1)) -> 1115.2968 | N78: =$L78+((N$1-$L$1)*($Q78-$L78)/($Q$1-$L$1)) -> 1123.0735 | O78: =$L78+((O$1-$L$1)*($Q78-$L78)/($Q$1-$L$1)) -> 1130.8503 | P78: =$L78+((P$1-$L$1)*($Q78-$L78)/($Q$1-$L$1)) -> 1138.627 | Q78: =Q79*85.98/1000 -> 1146.4037 | R78: =$Q78+((R$1-$Q$1)*($V78-$Q78)/($V$1-$Q$1)) -> 1152.5089 | S78: =$Q78+((S$1-$Q$1)*($V78-$Q78)/($V$1-$Q$1)) -> 1158.6141 | T78: =$Q78+((T$1-$Q$1)*($V78-$Q78)/($V$1-$Q$1)) -> 1164.7194 | U78: =$Q78+((U$1-$Q$1)*($V78-$Q78)/($V$1-$Q$1)) -> 1170.8246 | V78: =V79*85.98/1000 -> 1176.9298 | W78: =$V78+((W$1-$V$1)*($AA78-$V78)/($AA$1-$V$1)) -> 1179.1021 | X78: =$V78+((X$1-$V$1)*($AA78-$V78)/($AA$1-$V$1)) -> 1181.2743 | Y78: =$V78+((Y$1-$V$1)*($AA78-$V78)/($AA$1-$V$1)) -> 1183.4466 | Z78: =$V78+((Z$1-$V$1)*($AA78-$V78)/($AA$1-$V$1)) -> 1185.6189 | AA78: =AA79*85.98/1000 -> 1187.7912 | AB78: =$AA78+((AB$1-$AA$1)*($AF78-$AA78)/($AF$1-$AA$1)) -> 1184.9249 | AC78: =$AA78+((AC$1-$AA$1)*($AF78-$AA78)/($AF$1-$AA$1)) -> 1182.0587 | AD78: =$AA78+((AD$1-$AA$1)*($AF78-$AA78)/($AF$1-$AA$1)) -> 1179.1925 | AE78: =$AA78+((AE$1-$AA$1)*($AF78-$AA78)/($AF$1-$AA$1)) -> 1176.3263 | AF78: =AF79*85.98/1000 -> 1173.4601 | AG78: =$AF78+((AG$1-$AF$1)*($AK78-$AF78)/($AK$1-$AF$1)) -> 1168.8424 | AH78: =$AF78+((AH$1-$AF$1)*($AK78-$AF78)/($AK$1-$AF$1)) -> 1164.2248 | AI78: =$AF78+((AI$1-$AF$1)*($AK78-$AF78)/($AK$1-$AF$1)) -> 1159.6072 | AJ78: =$AF78+((AJ$1-$AF$1)*($AK78-$AF78)/($AK$1-$AF$1)) -> 1154.9895 | AK78: =AK79*85.98/1000 -> 1150.3719 | AL78: =$AK78+((AL$1-$AK$1)*($AP78-$AK78)/($AP$1-$AK$1)) -> 1144.1484 | AM78: =$AK78+((AM$1-$AK$1)*($AP78-$AK78)/($AP$1-$AK$1)) -> 1137.9249 | AN78: =$AK78+((AN$1-$AK$1)*($AP78-$AK78)/($AP$1-$AK$1)) -> 1131.7014 | AO78: =$AK78+((AO$1-$AK$1)*($AP78-$AK78)/($AP$1-$AK$1)) -> 1125.478 | AP78: =AP79*85.98/1000 -> 1119.2545
A79: electricity (GWh) | B79: 11674.887 | C79: =$B79+((C$1-$B$1)*($G79-$B79)/($G$1-$B$1)) -> 11807.895 | D79: =$B79+((D$1-$B$1)*($G79-$B79)/($G$1-$B$1)) -> 11940.903 | E79: =$B79+((E$1-$B$1)*($G79-$B79)/($G$1-$B$1)) -> 12073.911 | F79: =$B79+((F$1-$B$1)*($G79-$B79)/($G$1-$B$1)) -> 12206.919 | G79: 12339.927 | H79: =$G79+((H$1-$G$1)*($L79-$G79)/($L$1-$G$1)) -> 12448.169 | I79: =$G79+((I$1-$G$1)*($L79-$G79)/($L$1-$G$1)) -> 12556.411 | J79: =$G79+((J$1-$G$1)*($L79-$G79)/($L$1-$G$1)) -> 12664.653 | K79: =$G79+((K$1-$G$1)*($L79-$G79)/($L$1-$G$1)) -> 12772.894 | L79: 12881.136 | M79: =$L79+((M$1-$L$1)*($Q79-$L79)/($Q$1-$L$1)) -> 12971.584 | N79: =$L79+((N$1-$L$1)*($Q79-$L79)/($Q$1-$L$1)) -> 13062.032 | O79: =$L79+((O$1-$L$1)*($Q79-$L79)/($Q$1-$L$1)) -> 13152.48 | P79: =$L79+((P$1-$L$1)*($Q79-$L79)/($Q$1-$L$1)) -> 13242.928 | Q79: 13333.376 | R79: =$Q79+((R$1-$Q$1)*($V79-$Q79)/($V$1-$Q$1)) -> 13404.384 | S79: =$Q79+((S$1-$Q$1)*($V79-$Q79)/($V$1-$Q$1)) -> 13475.391 | T79: =$Q79+((T$1-$Q$1)*($V79-$Q79)/($V$1-$Q$1)) -> 13546.399 | U79: =$Q79+((U$1-$Q$1)*($V79-$Q79)/($V$1-$Q$1)) -> 13617.406 | V79: 13688.414 | W79: =$V79+((W$1-$V$1)*($AA79-$V79)/($AA$1-$V$1)) -> 13713.679 | X79: =$V79+((X$1-$V$1)*($AA79-$V79)/($AA$1-$V$1)) -> 13738.943 | Y79: =$V79+((Y$1-$V$1)*($AA79-$V79)/($AA$1-$V$1)) -> 13764.208 | Z79: =$V79+((Z$1-$V$1)*($AA79-$V79)/($AA$1-$V$1)) -> 13789.473 | AA79: 13814.738 | AB79: =$AA79+((AB$1-$AA$1)*($AF79-$AA79)/($AF$1-$AA$1)) -> 13781.402 | AC79: =$AA79+((AC$1-$AA$1)*($AF79-$AA79)/($AF$1-$AA$1)) -> 13748.066 | AD79: =$AA79+((AD$1-$AA$1)*($AF79-$AA79)/($AF$1-$AA$1)) -> 13714.73 | AE79: =$AA79+((AE$1-$AA$1)*($AF79-$AA79)/($AF$1-$AA$1)) -> 13681.395 | AF79: 13648.059 | AG79: =$AF79+((AG$1-$AF$1)*($AK79-$AF79)/($AK$1-$AF$1)) -> 13594.353 | AH79: =$AF79+((AH$1-$AF$1)*($AK79-$AF79)/($AK$1-$AF$1)) -> 13540.647 | AI79: =$AF79+((AI$1-$AF$1)*($AK79-$AF79)/($AK$1-$AF$1)) -> 13486.941 | AJ79: =$AF79+((AJ$1-$AF$1)*($AK79-$AF79)/($AK$1-$AF$1)) -> 13433.235 | AK79: 13379.529 | AL79: =$AK79+((AL$1-$AK$1)*($AP79-$AK79)/($AP$1-$AK$1)) -> 13307.146 | AM79: =$AK79+((AM$1-$AK$1)*($AP79-$AK79)/($AP$1-$AK$1)) -> 13234.763 | AN79: =$AK79+((AN$1-$AK$1)*($AP79-$AK79)/($AP$1-$AK$1)) -> 13162.38 | AO79: =$AK79+((AO$1-$AK$1)*($AP79-$AK79)/($AP$1-$AK$1)) -> 13089.997 | AP79: 13017.614
A80: Coal | B80: 0 | C80: =$B80+((C$1-$B$1)*($G80-$B80)/($G$1-$B$1)) -> 0 | D80: =$B80+((D$1-$B$1)*($G80-$B80)/($G$1-$B$1)) -> 0 | E80: =$B80+((E$1-$B$1)*($G80-$B80)/($G$1-$B$1)) -> 0 | F80: =$B80+((F$1-$B$1)*($G80-$B80)/($G$1-$B$1)) -> 0 | G80: 0 | H80: =$G80+((H$1-$G$1)*($L80-$G80)/($L$1-$G$1)) -> 0 | I80: =$G80+((I$1-$G$1)*($L80-$G80)/($L$1-$G$1)) -> 0 | J80: =$G80+((J$1-$G$1)*($L80-$G80)/($L$1-$G$1)) -> 0 | K80: =$G80+((K$1-$G$1)*($L80-$G80)/($L$1-$G$1)) -> 0 | L80: 0 | M80: =$L80+((M$1-$L$1)*($Q80-$L80)/($Q$1-$L$1)) -> 0 | N80: =$L80+((N$1-$L$1)*($Q80-$L80)/($Q$1-$L$1)) -> 0 | O80: =$L80+((O$1-$L$1)*($Q80-$L80)/($Q$1-$L$1)) -> 0 | P80: =$L80+((P$1-$L$1)*($Q80-$L80)/($Q$1-$L$1)) -> 0 | Q80: 0 | R80: =$Q80+((R$1-$Q$1)*($V80-$Q80)/($V$1-$Q$1)) -> 0 | S80: =$Q80+((S$1-$Q$1)*($V80-$Q80)/($V$1-$Q$1)) -> 0 | T80: =$Q80+((T$1-$Q$1)*($V80-$Q80)/($V$1-$Q$1)) -> 0 | U80: =$Q80+((U$1-$Q$1)*($V80-$Q80)/($V$1-$Q$1)) -> 0 | V80: 0 | W80: =$V80+((W$1-$V$1)*($AA80-$V80)/($AA$1-$V$1)) -> 0 | X80: =$V80+((X$1-$V$1)*($AA80-$V80)/($AA$1-$V$1)) -> 0 | Y80: =$V80+((Y$1-$V$1)*($AA80-$V80)/($AA$1-$V$1)) -> 0 | Z80: =$V80+((Z$1-$V$1)*($AA80-$V80)/($AA$1-$V$1)) -> 0 | AA80: 0 | AB80: =$AA80+((AB$1-$AA$1)*($AF80-$AA80)/($AF$1-$AA$1)) -> 0 | AC80: =$AA80+((AC$1-$AA$1)*($AF80-$AA80)/($AF$1-$AA$1)) -> 0 | AD80: =$AA80+((AD$1-$AA$1)*($AF80-$AA80)/($AF$1-$AA$1)) -> 0 | AE80: =$AA80+((AE$1-$AA$1)*($AF80-$AA80)/($AF$1-$AA$1)) -> 0 | AF80: 0 | AG80: =$AF80+((AG$1-$AF$1)*($AK80-$AF80)/($AK$1-$AF$1)) -> 0 | AH80: =$AF80+((AH$1-$AF$1)*($AK80-$AF80)/($AK$1-$AF$1)) -> 0 | AI80: =$AF80+((AI$1-$AF$1)*($AK80-$AF80)/($AK$1-$AF$1)) -> 0 | AJ80: =$AF80+((AJ$1-$AF$1)*($AK80-$AF80)/($AK$1-$AF$1)) -> 0 | AK80: 0 | AL80: =$AK80+((AL$1-$AK$1)*($AP80-$AK80)/($AP$1-$AK$1)) -> 0 | AM80: =$AK80+((AM$1-$AK$1)*($AP80-$AK80)/($AP$1-$AK$1)) -> 0 | AN80: =$AK80+((AN$1-$AK$1)*($AP80-$AK80)/($AP$1-$AK$1)) -> 0 | AO80: =$AK80+((AO$1-$AK$1)*($AP80-$AK80)/($AP$1-$AK$1)) -> 0 | AP80: 0
A81: Natural Gas | B81: 0 | C81: =$B81+((C$1-$B$1)*($G81-$B81)/($G$1-$B$1)) -> 0 | D81: =$B81+((D$1-$B$1)*($G81-$B81)/($G$1-$B$1)) -> 0 | E81: =$B81+((E$1-$B$1)*($G81-$B81)/($G$1-$B$1)) -> 0 | F81: =$B81+((F$1-$B$1)*($G81-$B81)/($G$1-$B$1)) -> 0 | G81: 0 | H81: =$G81+((H$1-$G$1)*($L81-$G81)/($L$1-$G$1)) -> 0 | I81: =$G81+((I$1-$G$1)*($L81-$G81)/($L$1-$G$1)) -> 0 | J81: =$G81+((J$1-$G$1)*($L81-$G81)/($L$1-$G$1)) -> 0 | K81: =$G81+((K$1-$G$1)*($L81-$G81)/($L$1-$G$1)) -> 0 | L81: 0 | M81: =$L81+((M$1-$L$1)*($Q81-$L81)/($Q$1-$L$1)) -> 0 | N81: =$L81+((N$1-$L$1)*($Q81-$L81)/($Q$1-$L$1)) -> 0 | O81: =$L81+((O$1-$L$1)*($Q81-$L81)/($Q$1-$L$1)) -> 0 | P81: =$L81+((P$1-$L$1)*($Q81-$L81)/($Q$1-$L$1)) -> 0 | Q81: 0 | R81: =$Q81+((R$1-$Q$1)*($V81-$Q81)/($V$1-$Q$1)) -> 0 | S81: =$Q81+((S$1-$Q$1)*($V81-$Q81)/($V$1-$Q$1)) -> 0 | T81: =$Q81+((T$1-$Q$1)*($V81-$Q81)/($V$1-$Q$1)) -> 0 | U81: =$Q81+((U$1-$Q$1)*($V81-$Q81)/($V$1-$Q$1)) -> 0 | V81: 0 | W81: =$V81+((W$1-$V$1)*($AA81-$V81)/($AA$1-$V$1)) -> 0 | X81: =$V81+((X$1-$V$1)*($AA81-$V81)/($AA$1-$V$1)) -> 0 | Y81: =$V81+((Y$1-$V$1)*($AA81-$V81)/($AA$1-$V$1)) -> 0 | Z81: =$V81+((Z$1-$V$1)*($AA81-$V81)/($AA$1-$V$1)) -> 0 | AA81: 0 | AB81: =$AA81+((AB$1-$AA$1)*($AF81-$AA81)/($AF$1-$AA$1)) -> 0 | AC81: =$AA81+((AC$1-$AA$1)*($AF81-$AA81)/($AF$1-$AA$1)) -> 0 | AD81: =$AA81+((AD$1-$AA$1)*($AF81-$AA81)/($AF$1-$AA$1)) -> 0 | AE81: =$AA81+((AE$1-$AA$1)*($AF81-$AA81)/($AF$1-$AA$1)) -> 0 | AF81: 0 | AG81: =$AF81+((AG$1-$AF$1)*($AK81-$AF81)/($AK$1-$AF$1)) -> 0 | AH81: =$AF81+((AH$1-$AF$1)*($AK81-$AF81)/($AK$1-$AF$1)) -> 0 | AI81: =$AF81+((AI$1-$AF$1)*($AK81-$AF81)/($AK$1-$AF$1)) -> 0 | AJ81: =$AF81+((AJ$1-$AF$1)*($AK81-$AF81)/($AK$1-$AF$1)) -> 0 | AK81: 0 | AL81: =$AK81+((AL$1-$AK$1)*($AP81-$AK81)/($AP$1-$AK$1)) -> 0 | AM81: =$AK81+((AM$1-$AK$1)*($AP81-$AK81)/($AP$1-$AK$1)) -> 0 | AN81: =$AK81+((AN$1-$AK$1)*($AP81-$AK81)/($AP$1-$AK$1)) -> 0 | AO81: =$AK81+((AO$1-$AK$1)*($AP81-$AK81)/($AP$1-$AK$1)) -> 0 | AP81: 0
A82: Biomass | B82: 0 | C82: =$B82+((C$1-$B$1)*($G82-$B82)/($G$1-$B$1)) -> 0 | D82: =$B82+((D$1-$B$1)*($G82-$B82)/($G$1-$B$1)) -> 0 | E82: =$B82+((E$1-$B$1)*($G82-$B82)/($G$1-$B$1)) -> 0 | F82: =$B82+((F$1-$B$1)*($G82-$B82)/($G$1-$B$1)) -> 0 | G82: 0 | H82: =$G82+((H$1-$G$1)*($L82-$G82)/($L$1-$G$1)) -> 0 | I82: =$G82+((I$1-$G$1)*($L82-$G82)/($L$1-$G$1)) -> 0 | J82: =$G82+((J$1-$G$1)*($L82-$G82)/($L$1-$G$1)) -> 0 | K82: =$G82+((K$1-$G$1)*($L82-$G82)/($L$1-$G$1)) -> 0 | L82: 0 | M82: =$L82+((M$1-$L$1)*($Q82-$L82)/($Q$1-$L$1)) -> 0 | N82: =$L82+((N$1-$L$1)*($Q82-$L82)/($Q$1-$L$1)) -> 0 | O82: =$L82+((O$1-$L$1)*($Q82-$L82)/($Q$1-$L$1)) -> 0 | P82: =$L82+((P$1-$L$1)*($Q82-$L82)/($Q$1-$L$1)) -> 0 | Q82: 0 | R82: =$Q82+((R$1-$Q$1)*($V82-$Q82)/($V$1-$Q$1)) -> 0 | S82: =$Q82+((S$1-$Q$1)*($V82-$Q82)/($V$1-$Q$1)) -> 0 | T82: =$Q82+((T$1-$Q$1)*($V82-$Q82)/($V$1-$Q$1)) -> 0 | U82: =$Q82+((U$1-$Q$1)*($V82-$Q82)/($V$1-$Q$1)) -> 0 | V82: 0 | W82: =$V82+((W$1-$V$1)*($AA82-$V82)/($AA$1-$V$1)) -> 0 | X82: =$V82+((X$1-$V$1)*($AA82-$V82)/($AA$1-$V$1)) -> 0 | Y82: =$V82+((Y$1-$V$1)*($AA82-$V82)/($AA$1-$V$1)) -> 0 | Z82: =$V82+((Z$1-$V$1)*($AA82-$V82)/($AA$1-$V$1)) -> 0 | AA82: 0 | AB82: =$AA82+((AB$1-$AA$1)*($AF82-$AA82)/($AF$1-$AA$1)) -> 0 | AC82: =$AA82+((AC$1-$AA$1)*($AF82-$AA82)/($AF$1-$AA$1)) -> 0 | AD82: =$AA82+((AD$1-$AA$1)*($AF82-$AA82)/($AF$1-$AA$1)) -> 0 | AE82: =$AA82+((AE$1-$AA$1)*($AF82-$AA82)/($AF$1-$AA$1)) -> 0 | AF82: 0 | AG82: =$AF82+((AG$1-$AF$1)*($AK82-$AF82)/($AK$1-$AF$1)) -> 0 | AH82: =$AF82+((AH$1-$AF$1)*($AK82-$AF82)/($AK$1-$AF$1)) -> 0 | AI82: =$AF82+((AI$1-$AF$1)*($AK82-$AF82)/($AK$1-$AF$1)) -> 0 | AJ82: =$AF82+((AJ$1-$AF$1)*($AK82-$AF82)/($AK$1-$AF$1)) -> 0 | AK82: 0 | AL82: =$AK82+((AL$1-$AK$1)*($AP82-$AK82)/($AP$1-$AK$1)) -> 0 | AM82: =$AK82+((AM$1-$AK$1)*($AP82-$AK82)/($AP$1-$AK$1)) -> 0 | AN82: =$AK82+((AN$1-$AK$1)*($AP82-$AK82)/($AP$1-$AK$1)) -> 0 | AO82: =$AK82+((AO$1-$AK$1)*($AP82-$AK82)/($AP$1-$AK$1)) -> 0 | AP82: 0
A83: Petroleum Diesel | B83: 0 | C83: =$B83+((C$1-$B$1)*($G83-$B83)/($G$1-$B$1)) -> 0 | D83: =$B83+((D$1-$B$1)*($G83-$B83)/($G$1-$B$1)) -> 0 | E83: =$B83+((E$1-$B$1)*($G83-$B83)/($G$1-$B$1)) -> 0 | F83: =$B83+((F$1-$B$1)*($G83-$B83)/($G$1-$B$1)) -> 0 | G83: 0 | H83: =$G83+((H$1-$G$1)*($L83-$G83)/($L$1-$G$1)) -> 0 | I83: =$G83+((I$1-$G$1)*($L83-$G83)/($L$1-$G$1)) -> 0 | J83: =$G83+((J$1-$G$1)*($L83-$G83)/($L$1-$G$1)) -> 0 | K83: =$G83+((K$1-$G$1)*($L83-$G83)/($L$1-$G$1)) -> 0 | L83: 0 | M83: =$L83+((M$1-$L$1)*($Q83-$L83)/($Q$1-$L$1)) -> 0 | N83: =$L83+((N$1-$L$1)*($Q83-$L83)/($Q$1-$L$1)) -> 0 | O83: =$L83+((O$1-$L$1)*($Q83-$L83)/($Q$1-$L$1)) -> 0 | P83: =$L83+((P$1-$L$1)*($Q83-$L83)/($Q$1-$L$1)) -> 0 | Q83: 0 | R83: =$Q83+((R$1-$Q$1)*($V83-$Q83)/($V$1-$Q$1)) -> 0 | S83: =$Q83+((S$1-$Q$1)*($V83-$Q83)/($V$1-$Q$1)) -> 0 | T83: =$Q83+((T$1-$Q$1)*($V83-$Q83)/($V$1-$Q$1)) -> 0 | U83: =$Q83+((U$1-$Q$1)*($V83-$Q83)/($V$1-$Q$1)) -> 0 | V83: 0 | W83: =$V83+((W$1-$V$1)*($AA83-$V83)/($AA$1-$V$1)) -> 0 | X83: =$V83+((X$1-$V$1)*($AA83-$V83)/($AA$1-$V$1)) -> 0 | Y83: =$V83+((Y$1-$V$1)*($AA83-$V83)/($AA$1-$V$1)) -> 0 | Z83: =$V83+((Z$1-$V$1)*($AA83-$V83)/($AA$1-$V$1)) -> 0 | AA83: 0 | AB83: =$AA83+((AB$1-$AA$1)*($AF83-$AA83)/($AF$1-$AA$1)) -> 0 | AC83: =$AA83+((AC$1-$AA$1)*($AF83-$AA83)/($AF$1-$AA$1)) -> 0 | AD83: =$AA83+((AD$1-$AA$1)*($AF83-$AA83)/($AF$1-$AA$1)) -> 0 | AE83: =$AA83+((AE$1-$AA$1)*($AF83-$AA83)/($AF$1-$AA$1)) -> 0 | AF83: 0 | AG83: =$AF83+((AG$1-$AF$1)*($AK83-$AF83)/($AK$1-$AF$1)) -> 0 | AH83: =$AF83+((AH$1-$AF$1)*($AK83-$AF83)/($AK$1-$AF$1)) -> 0 | AI83: =$AF83+((AI$1-$AF$1)*($AK83-$AF83)/($AK$1-$AF$1)) -> 0 | AJ83: =$AF83+((AJ$1-$AF$1)*($AK83-$AF83)/($AK$1-$AF$1)) -> 0 | AK83: 0 | AL83: =$AK83+((AL$1-$AK$1)*($AP83-$AK83)/($AP$1-$AK$1)) -> 0 | AM83: =$AK83+((AM$1-$AK$1)*($AP83-$AK83)/($AP$1-$AK$1)) -> 0 | AN83: =$AK83+((AN$1-$AK$1)*($AP83-$AK83)/($AP$1-$AK$1)) -> 0 | AO83: =$AK83+((AO$1-$AK$1)*($AP83-$AK83)/($AP$1-$AK$1)) -> 0 | AP83: 0
A84: Heat | B84: 0 | C84: =$B84+((C$1-$B$1)*($G84-$B84)/($G$1-$B$1)) -> 0 | D84: =$B84+((D$1-$B$1)*($G84-$B84)/($G$1-$B$1)) -> 0 | E84: =$B84+((E$1-$B$1)*($G84-$B84)/($G$1-$B$1)) -> 0 | F84: =$B84+((F$1-$B$1)*($G84-$B84)/($G$1-$B$1)) -> 0 | G84: 0 | H84: =$G84+((H$1-$G$1)*($L84-$G84)/($L$1-$G$1)) -> 0 | I84: =$G84+((I$1-$G$1)*($L84-$G84)/($L$1-$G$1)) -> 0 | J84: =$G84+((J$1-$G$1)*($L84-$G84)/($L$1-$G$1)) -> 0 | K84: =$G84+((K$1-$G$1)*($L84-$G84)/($L$1-$G$1)) -> 0 | L84: 0 | M84: =$L84+((M$1-$L$1)*($Q84-$L84)/($Q$1-$L$1)) -> 0 | N84: =$L84+((N$1-$L$1)*($Q84-$L84)/($Q$1-$L$1)) -> 0 | O84: =$L84+((O$1-$L$1)*($Q84-$L84)/($Q$1-$L$1)) -> 0 | P84: =$L84+((P$1-$L$1)*($Q84-$L84)/($Q$1-$L$1)) -> 0 | Q84: 0 | R84: =$Q84+((R$1-$Q$1)*($V84-$Q84)/($V$1-$Q$1)) -> 0 | S84: =$Q84+((S$1-$Q$1)*($V84-$Q84)/($V$1-$Q$1)) -> 0 | T84: =$Q84+((T$1-$Q$1)*($V84-$Q84)/($V$1-$Q$1)) -> 0 | U84: =$Q84+((U$1-$Q$1)*($V84-$Q84)/($V$1-$Q$1)) -> 0 | V84: 0 | W84: =$V84+((W$1-$V$1)*($AA84-$V84)/($AA$1-$V$1)) -> 0 | X84: =$V84+((X$1-$V$1)*($AA84-$V84)/($AA$1-$V$1)) -> 0 | Y84: =$V84+((Y$1-$V$1)*($AA84-$V84)/($AA$1-$V$1)) -> 0 | Z84: =$V84+((Z$1-$V$1)*($AA84-$V84)/($AA$1-$V$1)) -> 0 | AA84: 0 | AB84: =$AA84+((AB$1-$AA$1)*($AF84-$AA84)/($AF$1-$AA$1)) -> 0 | AC84: =$AA84+((AC$1-$AA$1)*($AF84-$AA84)/($AF$1-$AA$1)) -> 0 | AD84: =$AA84+((AD$1-$AA$1)*($AF84-$AA84)/($AF$1-$AA$1)) -> 0 | AE84: =$AA84+((AE$1-$AA$1)*($AF84-$AA84)/($AF$1-$AA$1)) -> 0 | AF84: 0 | AG84: =$AF84+((AG$1-$AF$1)*($AK84-$AF84)/($AK$1-$AF$1)) -> 0 | AH84: =$AF84+((AH$1-$AF$1)*($AK84-$AF84)/($AK$1-$AF$1)) -> 0 | AI84: =$AF84+((AI$1-$AF$1)*($AK84-$AF84)/($AK$1-$AF$1)) -> 0 | AJ84: =$AF84+((AJ$1-$AF$1)*($AK84-$AF84)/($AK$1-$AF$1)) -> 0 | AK84: 0 | AL84: =$AK84+((AL$1-$AK$1)*($AP84-$AK84)/($AP$1-$AK$1)) -> 0 | AM84: =$AK84+((AM$1-$AK$1)*($AP84-$AK84)/($AP$1-$AK$1)) -> 0 | AN84: =$AK84+((AN$1-$AK$1)*($AP84-$AK84)/($AP$1-$AK$1)) -> 0 | AO84: =$AK84+((AO$1-$AK$1)*($AP84-$AK84)/($AP$1-$AK$1)) -> 0 | AP84: 0
A85: Crude Oil | B85: 0 | C85: =$B85+((C$1-$B$1)*($G85-$B85)/($G$1-$B$1)) -> 0 | D85: =$B85+((D$1-$B$1)*($G85-$B85)/($G$1-$B$1)) -> 0 | E85: =$B85+((E$1-$B$1)*($G85-$B85)/($G$1-$B$1)) -> 0 | F85: =$B85+((F$1-$B$1)*($G85-$B85)/($G$1-$B$1)) -> 0 | G85: 0 | H85: =$G85+((H$1-$G$1)*($L85-$G85)/($L$1-$G$1)) -> 0 | I85: =$G85+((I$1-$G$1)*($L85-$G85)/($L$1-$G$1)) -> 0 | J85: =$G85+((J$1-$G$1)*($L85-$G85)/($L$1-$G$1)) -> 0 | K85: =$G85+((K$1-$G$1)*($L85-$G85)/($L$1-$G$1)) -> 0 | L85: 0 | M85: =$L85+((M$1-$L$1)*($Q85-$L85)/($Q$1-$L$1)) -> 0 | N85: =$L85+((N$1-$L$1)*($Q85-$L85)/($Q$1-$L$1)) -> 0 | O85: =$L85+((O$1-$L$1)*($Q85-$L85)/($Q$1-$L$1)) -> 0 | P85: =$L85+((P$1-$L$1)*($Q85-$L85)/($Q$1-$L$1)) -> 0 | Q85: 0 | R85: =$Q85+((R$1-$Q$1)*($V85-$Q85)/($V$1-$Q$1)) -> 0 | S85: =$Q85+((S$1-$Q$1)*($V85-$Q85)/($V$1-$Q$1)) -> 0 | T85: =$Q85+((T$1-$Q$1)*($V85-$Q85)/($V$1-$Q$1)) -> 0 | U85: =$Q85+((U$1-$Q$1)*($V85-$Q85)/($V$1-$Q$1)) -> 0 | V85: 0 | W85: =$V85+((W$1-$V$1)*($AA85-$V85)/($AA$1-$V$1)) -> 0 | X85: =$V85+((X$1-$V$1)*($AA85-$V85)/($AA$1-$V$1)) -> 0 | Y85: =$V85+((Y$1-$V$1)*($AA85-$V85)/($AA$1-$V$1)) -> 0 | Z85: =$V85+((Z$1-$V$1)*($AA85-$V85)/($AA$1-$V$1)) -> 0 | AA85: 0 | AB85: =$AA85+((AB$1-$AA$1)*($AF85-$AA85)/($AF$1-$AA$1)) -> 0 | AC85: =$AA85+((AC$1-$AA$1)*($AF85-$AA85)/($AF$1-$AA$1)) -> 0 | AD85: =$AA85+((AD$1-$AA$1)*($AF85-$AA85)/($AF$1-$AA$1)) -> 0 | AE85: =$AA85+((AE$1-$AA$1)*($AF85-$AA85)/($AF$1-$AA$1)) -> 0 | AF85: 0 | AG85: =$AF85+((AG$1-$AF$1)*($AK85-$AF85)/($AK$1-$AF$1)) -> 0 | AH85: =$AF85+((AH$1-$AF$1)*($AK85-$AF85)/($AK$1-$AF$1)) -> 0 | AI85: =$AF85+((AI$1-$AF$1)*($AK85-$AF85)/($AK$1-$AF$1)) -> 0 | AJ85: =$AF85+((AJ$1-$AF$1)*($AK85-$AF85)/($AK$1-$AF$1)) -> 0 | AK85: 0 | AL85: =$AK85+((AL$1-$AK$1)*($AP85-$AK85)/($AP$1-$AK$1)) -> 0 | AM85: =$AK85+((AM$1-$AK$1)*($AP85-$AK85)/($AP$1-$AK$1)) -> 0 | AN85: =$AK85+((AN$1-$AK$1)*($AP85-$AK85)/($AP$1-$AK$1)) -> 0 | AO85: =$AK85+((AO$1-$AK$1)*($AP85-$AK85)/($AP$1-$AK$1)) -> 0 | AP85: 0
A86: Heavy or residual oil | B86: 0 | C86: =$B86+((C$1-$B$1)*($G86-$B86)/($G$1-$B$1)) -> 0 | D86: =$B86+((D$1-$B$1)*($G86-$B86)/($G$1-$B$1)) -> 0 | E86: =$B86+((E$1-$B$1)*($G86-$B86)/($G$1-$B$1)) -> 0 | F86: =$B86+((F$1-$B$1)*($G86-$B86)/($G$1-$B$1)) -> 0 | G86: 0 | H86: =$G86+((H$1-$G$1)*($L86-$G86)/($L$1-$G$1)) -> 0 | I86: =$G86+((I$1-$G$1)*($L86-$G86)/($L$1-$G$1)) -> 0 | J86: =$G86+((J$1-$G$1)*($L86-$G86)/($L$1-$G$1)) -> 0 | K86: =$G86+((K$1-$G$1)*($L86-$G86)/($L$1-$G$1)) -> 0 | L86: 0 | M86: =$L86+((M$1-$L$1)*($Q86-$L86)/($Q$1-$L$1)) -> 0 | N86: =$L86+((N$1-$L$1)*($Q86-$L86)/($Q$1-$L$1)) -> 0 | O86: =$L86+((O$1-$L$1)*($Q86-$L86)/($Q$1-$L$1)) -> 0 | P86: =$L86+((P$1-$L$1)*($Q86-$L86)/($Q$1-$L$1)) -> 0 | Q86: 0 | R86: =$Q86+((R$1-$Q$1)*($V86-$Q86)/($V$1-$Q$1)) -> 0 | S86: =$Q86+((S$1-$Q$1)*($V86-$Q86)/($V$1-$Q$1)) -> 0 | T86: =$Q86+((T$1-$Q$1)*($V86-$Q86)/($V$1-$Q$1)) -> 0 | U86: =$Q86+((U$1-$Q$1)*($V86-$Q86)/($V$1-$Q$1)) -> 0 | V86: 0 | W86: =$V86+((W$1-$V$1)*($AA86-$V86)/($AA$1-$V$1)) -> 0 | X86: =$V86+((X$1-$V$1)*($AA86-$V86)/($AA$1-$V$1)) -> 0 | Y86: =$V86+((Y$1-$V$1)*($AA86-$V86)/($AA$1-$V$1)) -> 0 | Z86: =$V86+((Z$1-$V$1)*($AA86-$V86)/($AA$1-$V$1)) -> 0 | AA86: 0 | AB86: =$AA86+((AB$1-$AA$1)*($AF86-$AA86)/($AF$1-$AA$1)) -> 0 | AC86: =$AA86+((AC$1-$AA$1)*($AF86-$AA86)/($AF$1-$AA$1)) -> 0 | AD86: =$AA86+((AD$1-$AA$1)*($AF86-$AA86)/($AF$1-$AA$1)) -> 0 | AE86: =$AA86+((AE$1-$AA$1)*($AF86-$AA86)/($AF$1-$AA$1)) -> 0 | AF86: 0 | AG86: =$AF86+((AG$1-$AF$1)*($AK86-$AF86)/($AK$1-$AF$1)) -> 0 | AH86: =$AF86+((AH$1-$AF$1)*($AK86-$AF86)/($AK$1-$AF$1)) -> 0 | AI86: =$AF86+((AI$1-$AF$1)*($AK86-$AF86)/($AK$1-$AF$1)) -> 0 | AJ86: =$AF86+((AJ$1-$AF$1)*($AK86-$AF86)/($AK$1-$AF$1)) -> 0 | AK86: 0 | AL86: =$AK86+((AL$1-$AK$1)*($AP86-$AK86)/($AP$1-$AK$1)) -> 0 | AM86: =$AK86+((AM$1-$AK$1)*($AP86-$AK86)/($AP$1-$AK$1)) -> 0 | AN86: =$AK86+((AN$1-$AK$1)*($AP86-$AK86)/($AP$1-$AK$1)) -> 0 | AO86: =$AK86+((AO$1-$AK$1)*($AP86-$AK86)/($AP$1-$AK$1)) -> 0 | AP86: 0
A87: LPG propane or butane | B87: 0 | C87: =$B87+((C$1-$B$1)*($G87-$B87)/($G$1-$B$1)) -> 0 | D87: =$B87+((D$1-$B$1)*($G87-$B87)/($G$1-$B$1)) -> 0 | E87: =$B87+((E$1-$B$1)*($G87-$B87)/($G$1-$B$1)) -> 0 | F87: =$B87+((F$1-$B$1)*($G87-$B87)/($G$1-$B$1)) -> 0 | G87: 0 | H87: =$G87+((H$1-$G$1)*($L87-$G87)/($L$1-$G$1)) -> 0 | I87: =$G87+((I$1-$G$1)*($L87-$G87)/($L$1-$G$1)) -> 0 | J87: =$G87+((J$1-$G$1)*($L87-$G87)/($L$1-$G$1)) -> 0 | K87: =$G87+((K$1-$G$1)*($L87-$G87)/($L$1-$G$1)) -> 0 | L87: 0 | M87: =$L87+((M$1-$L$1)*($Q87-$L87)/($Q$1-$L$1)) -> 0 | N87: =$L87+((N$1-$L$1)*($Q87-$L87)/($Q$1-$L$1)) -> 0 | O87: =$L87+((O$1-$L$1)*($Q87-$L87)/($Q$1-$L$1)) -> 0 | P87: =$L87+((P$1-$L$1)*($Q87-$L87)/($Q$1-$L$1)) -> 0 | Q87: 0 | R87: =$Q87+((R$1-$Q$1)*($V87-$Q87)/($V$1-$Q$1)) -> 0 | S87: =$Q87+((S$1-$Q$1)*($V87-$Q87)/($V$1-$Q$1)) -> 0 | T87: =$Q87+((T$1-$Q$1)*($V87-$Q87)/($V$1-$Q$1)) -> 0 | U87: =$Q87+((U$1-$Q$1)*($V87-$Q87)/($V$1-$Q$1)) -> 0 | V87: 0 | W87: =$V87+((W$1-$V$1)*($AA87-$V87)/($AA$1-$V$1)) -> 0 | X87: =$V87+((X$1-$V$1)*($AA87-$V87)/($AA$1-$V$1)) -> 0 | Y87: =$V87+((Y$1-$V$1)*($AA87-$V87)/($AA$1-$V$1)) -> 0 | Z87: =$V87+((Z$1-$V$1)*($AA87-$V87)/($AA$1-$V$1)) -> 0 | AA87: 0 | AB87: =$AA87+((AB$1-$AA$1)*($AF87-$AA87)/($AF$1-$AA$1)) -> 0 | AC87: =$AA87+((AC$1-$AA$1)*($AF87-$AA87)/($AF$1-$AA$1)) -> 0 | AD87: =$AA87+((AD$1-$AA$1)*($AF87-$AA87)/($AF$1-$AA$1)) -> 0 | AE87: =$AA87+((AE$1-$AA$1)*($AF87-$AA87)/($AF$1-$AA$1)) -> 0 | AF87: 0 | AG87: =$AF87+((AG$1-$AF$1)*($AK87-$AF87)/($AK$1-$AF$1)) -> 0 | AH87: =$AF87+((AH$1-$AF$1)*($AK87-$AF87)/($AK$1-$AF$1)) -> 0 | AI87: =$AF87+((AI$1-$AF$1)*($AK87-$AF87)/($AK$1-$AF$1)) -> 0 | AJ87: =$AF87+((AJ$1-$AF$1)*($AK87-$AF87)/($AK$1-$AF$1)) -> 0 | AK87: 0 | AL87: =$AK87+((AL$1-$AK$1)*($AP87-$AK87)/($AP$1-$AK$1)) -> 0 | AM87: =$AK87+((AM$1-$AK$1)*($AP87-$AK87)/($AP$1-$AK$1)) -> 0 | AN87: =$AK87+((AN$1-$AK$1)*($AP87-$AK87)/($AP$1-$AK$1)) -> 0 | AO87: =$AK87+((AO$1-$AK$1)*($AP87-$AK87)/($AP$1-$AK$1)) -> 0 | AP87: 0
A88: hydrogen | B88: 0 | C88: =$B88+((C$1-$B$1)*($G88-$B88)/($G$1-$B$1)) -> 0 | D88: =$B88+((D$1-$B$1)*($G88-$B88)/($G$1-$B$1)) -> 0 | E88: =$B88+((E$1-$B$1)*($G88-$B88)/($G$1-$B$1)) -> 0 | F88: =$B88+((F$1-$B$1)*($G88-$B88)/($G$1-$B$1)) -> 0 | G88: 0 | H88: =$G88+((H$1-$G$1)*($L88-$G88)/($L$1-$G$1)) -> 0 | I88: =$G88+((I$1-$G$1)*($L88-$G88)/($L$1-$G$1)) -> 0 | J88: =$G88+((J$1-$G$1)*($L88-$G88)/($L$1-$G$1)) -> 0 | K88: =$G88+((K$1-$G$1)*($L88-$G88)/($L$1-$G$1)) -> 0 | L88: 0 | M88: =$L88+((M$1-$L$1)*($Q88-$L88)/($Q$1-$L$1)) -> 0 | N88: =$L88+((N$1-$L$1)*($Q88-$L88)/($Q$1-$L$1)) -> 0 | O88: =$L88+((O$1-$L$1)*($Q88-$L88)/($Q$1-$L$1)) -> 0 | P88: =$L88+((P$1-$L$1)*($Q88-$L88)/($Q$1-$L$1)) -> 0 | Q88: 0 | R88: =$Q88+((R$1-$Q$1)*($V88-$Q88)/($V$1-$Q$1)) -> 0 | S88: =$Q88+((S$1-$Q$1)*($V88-$Q88)/($V$1-$Q$1)) -> 0 | T88: =$Q88+((T$1-$Q$1)*($V88-$Q88)/($V$1-$Q$1)) -> 0 | U88: =$Q88+((U$1-$Q$1)*($V88-$Q88)/($V$1-$Q$1)) -> 0 | V88: 0 | W88: =$V88+((W$1-$V$1)*($AA88-$V88)/($AA$1-$V$1)) -> 0 | X88: =$V88+((X$1-$V$1)*($AA88-$V88)/($AA$1-$V$1)) -> 0 | Y88: =$V88+((Y$1-$V$1)*($AA88-$V88)/($AA$1-$V$1)) -> 0 | Z88: =$V88+((Z$1-$V$1)*($AA88-$V88)/($AA$1-$V$1)) -> 0 | AA88: 0 | AB88: =$AA88+((AB$1-$AA$1)*($AF88-$AA88)/($AF$1-$AA$1)) -> 0 | AC88: =$AA88+((AC$1-$AA$1)*($AF88-$AA88)/($AF$1-$AA$1)) -> 0 | AD88: =$AA88+((AD$1-$AA$1)*($AF88-$AA88)/($AF$1-$AA$1)) -> 0 | AE88: =$AA88+((AE$1-$AA$1)*($AF88-$AA88)/($AF$1-$AA$1)) -> 0 | AF88: 0 | AG88: =$AF88+((AG$1-$AF$1)*($AK88-$AF88)/($AK$1-$AF$1)) -> 0 | AH88: =$AF88+((AH$1-$AF$1)*($AK88-$AF88)/($AK$1-$AF$1)) -> 0 | AI88: =$AF88+((AI$1-$AF$1)*($AK88-$AF88)/($AK$1-$AF$1)) -> 0 | AJ88: =$AF88+((AJ$1-$AF$1)*($AK88-$AF88)/($AK$1-$AF$1)) -> 0 | AK88: 0 | AL88: =$AK88+((AL$1-$AK$1)*($AP88-$AK88)/($AP$1-$AK$1)) -> 0 | AM88: =$AK88+((AM$1-$AK$1)*($AP88-$AK88)/($AP$1-$AK$1)) -> 0 | AN88: =$AK88+((AN$1-$AK$1)*($AP88-$AK88)/($AP$1-$AK$1)) -> 0 | AO88: =$AK88+((AO$1-$AK$1)*($AP88-$AK88)/($AP$1-$AK$1)) -> 0 | AP88: 0
A89: WASTE
A90: Electricity | H90: =$G90+((H$1-$G$1)*($L90-$G90)/($L$1-$G$1)) -> 0 | I90: =$G90+((I$1-$G$1)*($L90-$G90)/($L$1-$G$1)) -> 0 | J90: =$G90+((J$1-$G$1)*($L90-$G90)/($L$1-$G$1)) -> 0 | K90: =$G90+((K$1-$G$1)*($L90-$G90)/($L$1-$G$1)) -> 0 | M90: =$L90+((M$1-$L$1)*($Q90-$L90)/($Q$1-$L$1)) -> 0 | N90: =$L90+((N$1-$L$1)*($Q90-$L90)/($Q$1-$L$1)) -> 0 | O90: =$L90+((O$1-$L$1)*($Q90-$L90)/($Q$1-$L$1)) -> 0 | P90: =$L90+((P$1-$L$1)*($Q90-$L90)/($Q$1-$L$1)) -> 0 | R90: =$Q90+((R$1-$Q$1)*($V90-$Q90)/($V$1-$Q$1)) -> 0 | S90: =$Q90+((S$1-$Q$1)*($V90-$Q90)/($V$1-$Q$1)) -> 0 | T90: =$Q90+((T$1-$Q$1)*($V90-$Q90)/($V$1-$Q$1)) -> 0 | U90: =$Q90+((U$1-$Q$1)*($V90-$Q90)/($V$1-$Q$1)) -> 0 | W90: =$V90+((W$1-$V$1)*($AA90-$V90)/($AA$1-$V$1)) -> 0 | X90: =$V90+((X$1-$V$1)*($AA90-$V90)/($AA$1-$V$1)) -> 0 | Y90: =$V90+((Y$1-$V$1)*($AA90-$V90)/($AA$1-$V$1)) -> 0 | Z90: =$V90+((Z$1-$V$1)*($AA90-$V90)/($AA$1-$V$1)) -> 0 | AB90: =$AA90+((AB$1-$AA$1)*($AF90-$AA90)/($AF$1-$AA$1)) -> 0 | AC90: =$AA90+((AC$1-$AA$1)*($AF90-$AA90)/($AF$1-$AA$1)) -> 0 | AD90: =$AA90+((AD$1-$AA$1)*($AF90-$AA90)/($AF$1-$AA$1)) -> 0 | AE90: =$AA90+((AE$1-$AA$1)*($AF90-$AA90)/($AF$1-$AA$1)) -> 0 | AG90: =$AF90+((AG$1-$AF$1)*($AK90-$AF90)/($AK$1-$AF$1)) -> 0 | AH90: =$AF90+((AH$1-$AF$1)*($AK90-$AF90)/($AK$1-$AF$1)) -> 0 | AI90: =$AF90+((AI$1-$AF$1)*($AK90-$AF90)/($AK$1-$AF$1)) -> 0 | AJ90: =$AF90+((AJ$1-$AF$1)*($AK90-$AF90)/($AK$1-$AF$1)) -> 0 | AL90: =$AK90+((AL$1-$AK$1)*($AP90-$AK90)/($AP$1-$AK$1)) -> 0 | AM90: =$AK90+((AM$1-$AK$1)*($AP90-$AK90)/($AP$1-$AK$1)) -> 0 | AN90: =$AK90+((AN$1-$AK$1)*($AP90-$AK90)/($AP$1-$AK$1)) -> 0 | AO90: =$AK90+((AO$1-$AK$1)*($AP90-$AK90)/($AP$1-$AK$1)) -> 0
A91: Coal | H91: =$G91+((H$1-$G$1)*($L91-$G91)/($L$1-$G$1)) -> 0 | I91: =$G91+((I$1-$G$1)*($L91-$G91)/($L$1-$G$1)) -> 0 | J91: =$G91+((J$1-$G$1)*($L91-$G91)/($L$1-$G$1)) -> 0 | K91: =$G91+((K$1-$G$1)*($L91-$G91)/($L$1-$G$1)) -> 0 | M91: =$L91+((M$1-$L$1)*($Q91-$L91)/($Q$1-$L$1)) -> 0 | N91: =$L91+((N$1-$L$1)*($Q91-$L91)/($Q$1-$L$1)) -> 0 | O91: =$L91+((O$1-$L$1)*($Q91-$L91)/($Q$1-$L$1)) -> 0 | P91: =$L91+((P$1-$L$1)*($Q91-$L91)/($Q$1-$L$1)) -> 0 | R91: =$Q91+((R$1-$Q$1)*($V91-$Q91)/($V$1-$Q$1)) -> 0 | S91: =$Q91+((S$1-$Q$1)*($V91-$Q91)/($V$1-$Q$1)) -> 0 | T91: =$Q91+((T$1-$Q$1)*($V91-$Q91)/($V$1-$Q$1)) -> 0 | U91: =$Q91+((U$1-$Q$1)*($V91-$Q91)/($V$1-$Q$1)) -> 0 | W91: =$V91+((W$1-$V$1)*($AA91-$V91)/($AA$1-$V$1)) -> 0 | X91: =$V91+((X$1-$V$1)*($AA91-$V91)/($AA$1-$V$1)) -> 0 | Y91: =$V91+((Y$1-$V$1)*($AA91-$V91)/($AA$1-$V$1)) -> 0 | Z91: =$V91+((Z$1-$V$1)*($AA91-$V91)/($AA$1-$V$1)) -> 0 | AB91: =$AA91+((AB$1-$AA$1)*($AF91-$AA91)/($AF$1-$AA$1)) -> 0 | AC91: =$AA91+((AC$1-$AA$1)*($AF91-$AA91)/($AF$1-$AA$1)) -> 0 | AD91: =$AA91+((AD$1-$AA$1)*($AF91-$AA91)/($AF$1-$AA$1)) -> 0 | AE91: =$AA91+((AE$1-$AA$1)*($AF91-$AA91)/($AF$1-$AA$1)) -> 0 | AG91: =$AF91+((AG$1-$AF$1)*($AK91-$AF91)/($AK$1-$AF$1)) -> 0 | AH91: =$AF91+((AH$1-$AF$1)*($AK91-$AF91)/($AK$1-$AF$1)) -> 0 | AI91: =$AF91+((AI$1-$AF$1)*($AK91-$AF91)/($AK$1-$AF$1)) -> 0 | AJ91: =$AF91+((AJ$1-$AF$1)*($AK91-$AF91)/($AK$1-$AF$1)) -> 0 | AL91: =$AK91+((AL$1-$AK$1)*($AP91-$AK91)/($AP$1-$AK$1)) -> 0 | AM91: =$AK91+((AM$1-$AK$1)*($AP91-$AK91)/($AP$1-$AK$1)) -> 0 | AN91: =$AK91+((AN$1-$AK$1)*($AP91-$AK91)/($AP$1-$AK$1)) -> 0 | AO91: =$AK91+((AO$1-$AK$1)*($AP91-$AK91)/($AP$1-$AK$1)) -> 0
A92: Natural Gas | H92: =$G92+((H$1-$G$1)*($L92-$G92)/($L$1-$G$1)) -> 0 | I92: =$G92+((I$1-$G$1)*($L92-$G92)/($L$1-$G$1)) -> 0 | J92: =$G92+((J$1-$G$1)*($L92-$G92)/($L$1-$G$1)) -> 0 | K92: =$G92+((K$1-$G$1)*($L92-$G92)/($L$1-$G$1)) -> 0 | M92: =$L92+((M$1-$L$1)*($Q92-$L92)/($Q$1-$L$1)) -> 0 | N92: =$L92+((N$1-$L$1)*($Q92-$L92)/($Q$1-$L$1)) -> 0 | O92: =$L92+((O$1-$L$1)*($Q92-$L92)/($Q$1-$L$1)) -> 0 | P92: =$L92+((P$1-$L$1)*($Q92-$L92)/($Q$1-$L$1)) -> 0 | R92: =$Q92+((R$1-$Q$1)*($V92-$Q92)/($V$1-$Q$1)) -> 0 | S92: =$Q92+((S$1-$Q$1)*($V92-$Q92)/($V$1-$Q$1)) -> 0 | T92: =$Q92+((T$1-$Q$1)*($V92-$Q92)/($V$1-$Q$1)) -> 0 | U92: =$Q92+((U$1-$Q$1)*($V92-$Q92)/($V$1-$Q$1)) -> 0 | W92: =$V92+((W$1-$V$1)*($AA92-$V92)/($AA$1-$V$1)) -> 0 | X92: =$V92+((X$1-$V$1)*($AA92-$V92)/($AA$1-$V$1)) -> 0 | Y92: =$V92+((Y$1-$V$1)*($AA92-$V92)/($AA$1-$V$1)) -> 0 | Z92: =$V92+((Z$1-$V$1)*($AA92-$V92)/($AA$1-$V$1)) -> 0 | AB92: =$AA92+((AB$1-$AA$1)*($AF92-$AA92)/($AF$1-$AA$1)) -> 0 | AC92: =$AA92+((AC$1-$AA$1)*($AF92-$AA92)/($AF$1-$AA$1)) -> 0 | AD92: =$AA92+((AD$1-$AA$1)*($AF92-$AA92)/($AF$1-$AA$1)) -> 0 | AE92: =$AA92+((AE$1-$AA$1)*($AF92-$AA92)/($AF$1-$AA$1)) -> 0 | AG92: =$AF92+((AG$1-$AF$1)*($AK92-$AF92)/($AK$1-$AF$1)) -> 0 | AH92: =$AF92+((AH$1-$AF$1)*($AK92-$AF92)/($AK$1-$AF$1)) -> 0 | AI92: =$AF92+((AI$1-$AF$1)*($AK92-$AF92)/($AK$1-$AF$1)) -> 0 | AJ92: =$AF92+((AJ$1-$AF$1)*($AK92-$AF92)/($AK$1-$AF$1)) -> 0 | AL92: =$AK92+((AL$1-$AK$1)*($AP92-$AK92)/($AP$1-$AK$1)) -> 0 | AM92: =$AK92+((AM$1-$AK$1)*($AP92-$AK92)/($AP$1-$AK$1)) -> 0 | AN92: =$AK92+((AN$1-$AK$1)*($AP92-$AK92)/($AP$1-$AK$1)) -> 0 | AO92: =$AK92+((AO$1-$AK$1)*($AP92-$AK92)/($AP$1-$AK$1)) -> 0
A93: Biomass | H93: =$G93+((H$1-$G$1)*($L93-$G93)/($L$1-$G$1)) -> 0 | I93: =$G93+((I$1-$G$1)*($L93-$G93)/($L$1-$G$1)) -> 0 | J93: =$G93+((J$1-$G$1)*($L93-$G93)/($L$1-$G$1)) -> 0 | K93: =$G93+((K$1-$G$1)*($L93-$G93)/($L$1-$G$1)) -> 0 | M93: =$L93+((M$1-$L$1)*($Q93-$L93)/($Q$1-$L$1)) -> 0 | N93: =$L93+((N$1-$L$1)*($Q93-$L93)/($Q$1-$L$1)) -> 0 | O93: =$L93+((O$1-$L$1)*($Q93-$L93)/($Q$1-$L$1)) -> 0 | P93: =$L93+((P$1-$L$1)*($Q93-$L93)/($Q$1-$L$1)) -> 0 | R93: =$Q93+((R$1-$Q$1)*($V93-$Q93)/($V$1-$Q$1)) -> 0 | S93: =$Q93+((S$1-$Q$1)*($V93-$Q93)/($V$1-$Q$1)) -> 0 | T93: =$Q93+((T$1-$Q$1)*($V93-$Q93)/($V$1-$Q$1)) -> 0 | U93: =$Q93+((U$1-$Q$1)*($V93-$Q93)/($V$1-$Q$1)) -> 0 | W93: =$V93+((W$1-$V$1)*($AA93-$V93)/($AA$1-$V$1)) -> 0 | X93: =$V93+((X$1-$V$1)*($AA93-$V93)/($AA$1-$V$1)) -> 0 | Y93: =$V93+((Y$1-$V$1)*($AA93-$V93)/($AA$1-$V$1)) -> 0 | Z93: =$V93+((Z$1-$V$1)*($AA93-$V93)/($AA$1-$V$1)) -> 0 | AB93: =$AA93+((AB$1-$AA$1)*($AF93-$AA93)/($AF$1-$AA$1)) -> 0 | AC93: =$AA93+((AC$1-$AA$1)*($AF93-$AA93)/($AF$1-$AA$1)) -> 0 | AD93: =$AA93+((AD$1-$AA$1)*($AF93-$AA93)/($AF$1-$AA$1)) -> 0 | AE93: =$AA93+((AE$1-$AA$1)*($AF93-$AA93)/($AF$1-$AA$1)) -> 0 | AG93: =$AF93+((AG$1-$AF$1)*($AK93-$AF93)/($AK$1-$AF$1)) -> 0 | AH93: =$AF93+((AH$1-$AF$1)*($AK93-$AF93)/($AK$1-$AF$1)) -> 0 | AI93: =$AF93+((AI$1-$AF$1)*($AK93-$AF93)/($AK$1-$AF$1)) -> 0 | AJ93: =$AF93+((AJ$1-$AF$1)*($AK93-$AF93)/($AK$1-$AF$1)) -> 0 | AL93: =$AK93+((AL$1-$AK$1)*($AP93-$AK93)/($AP$1-$AK$1)) -> 0 | AM93: =$AK93+((AM$1-$AK$1)*($AP93-$AK93)/($AP$1-$AK$1)) -> 0 | AN93: =$AK93+((AN$1-$AK$1)*($AP93-$AK93)/($AP$1-$AK$1)) -> 0 | AO93: =$AK93+((AO$1-$AK$1)*($AP93-$AK93)/($AP$1-$AK$1)) -> 0
A94: Petroleum Diesel | B94: =B95*0.848/1000 -> 539.97475 | C94: =$B94+((C$1-$B$1)*($G94-$B94)/($G$1-$B$1)) -> 551.60502 | D94: =$B94+((D$1-$B$1)*($G94-$B94)/($G$1-$B$1)) -> 563.23529 | E94: =$B94+((E$1-$B$1)*($G94-$B94)/($G$1-$B$1)) -> 574.86555 | F94: =$B94+((F$1-$B$1)*($G94-$B94)/($G$1-$B$1)) -> 586.49582 | G94: =G95*0.848/1000 -> 598.12609 | H94: =$G94+((H$1-$G$1)*($L94-$G94)/($L$1-$G$1)) -> 605.85525 | I94: =$G94+((I$1-$G$1)*($L94-$G94)/($L$1-$G$1)) -> 613.58441 | J94: =$G94+((J$1-$G$1)*($L94-$G94)/($L$1-$G$1)) -> 621.31357 | K94: =$G94+((K$1-$G$1)*($L94-$G94)/($L$1-$G$1)) -> 629.04273 | L94: =L95*0.848/1000 -> 636.77189 | M94: =$L94+((M$1-$L$1)*($Q94-$L94)/($Q$1-$L$1)) -> 643.95402 | N94: =$L94+((N$1-$L$1)*($Q94-$L94)/($Q$1-$L$1)) -> 651.13615 | O94: =$L94+((O$1-$L$1)*($Q94-$L94)/($Q$1-$L$1)) -> 658.31828 | P94: =$L94+((P$1-$L$1)*($Q94-$L94)/($Q$1-$L$1)) -> 665.50041 | Q94: =Q95*0.848/1000 -> 672.68254 | R94: =$Q94+((R$1-$Q$1)*($V94-$Q94)/($V$1-$Q$1)) -> 677.99896 | S94: =$Q94+((S$1-$Q$1)*($V94-$Q94)/($V$1-$Q$1)) -> 683.31538 | T94: =$Q94+((T$1-$Q$1)*($V94-$Q94)/($V$1-$Q$1)) -> 688.63181 | U94: =$Q94+((U$1-$Q$1)*($V94-$Q94)/($V$1-$Q$1)) -> 693.94823 | V94: =V95*0.848/1000 -> 699.26465 | W94: =$V94+((W$1-$V$1)*($AA94-$V94)/($AA$1-$V$1)) -> 702.88122 | X94: =$V94+((X$1-$V$1)*($AA94-$V94)/($AA$1-$V$1)) -> 706.49779 | Y94: =$V94+((Y$1-$V$1)*($AA94-$V94)/($AA$1-$V$1)) -> 710.11436 | Z94: =$V94+((Z$1-$V$1)*($AA94-$V94)/($AA$1-$V$1)) -> 713.73093 | AA94: =AA95*0.848/1000 -> 717.3475 | AB94: =$AA94+((AB$1-$AA$1)*($AF94-$AA94)/($AF$1-$AA$1)) -> 718.7969 | AC94: =$AA94+((AC$1-$AA$1)*($AF94-$AA94)/($AF$1-$AA$1)) -> 720.24629 | AD94: =$AA94+((AD$1-$AA$1)*($AF94-$AA94)/($AF$1-$AA$1)) -> 721.69569 | AE94: =$AA94+((AE$1-$AA$1)*($AF94-$AA94)/($AF$1-$AA$1)) -> 723.14509 | AF94: =AF95*0.848/1000 -> 724.59449 | AG94: =$AF94+((AG$1-$AF$1)*($AK94-$AF94)/($AK$1-$AF$1)) -> 725.08129 | AH94: =$AF94+((AH$1-$AF$1)*($AK94-$AF94)/($AK$1-$AF$1)) -> 725.56809 | AI94: =$AF94+((AI$1-$AF$1)*($AK94-$AF94)/($AK$1-$AF$1)) -> 726.05489 | AJ94: =$AF94+((AJ$1-$AF$1)*($AK94-$AF94)/($AK$1-$AF$1)) -> 726.54169 | AK94: =AK95*0.848/1000 -> 727.02849 | AL94: =$AK94+((AL$1-$AK$1)*($AP94-$AK94)/($AP$1-$AK$1)) -> 725.4818 | AM94: =$AK94+((AM$1-$AK$1)*($AP94-$AK94)/($AP$1-$AK$1)) -> 723.93511 | AN94: =$AK94+((AN$1-$AK$1)*($AP94-$AK94)/($AP$1-$AK$1)) -> 722.38842 | AO94: =$AK94+((AO$1-$AK$1)*($AP94-$AK94)/($AP$1-$AK$1)) -> 720.84173 | AP94: =AP95*0.848/1000 -> 719.29505
