Workbook
Name Fraction_coal: About!$C$59
Name gal_per_barrel: [1]About!$A$63
Name Percent_rural: About!$A$109
Name Percent_urban: About!$A$108
Name quadrillion: About!$B$111
Name Table4: #REF!
Name Table4_1: #REF!
Name Table4_1_22: #REF!
Name Table4_22: #REF!
Name Table4_A: #REF!
Name Table4_A_22: #REF!
Name Table5: #REF!
Name Table5_1: #REF!
Name Table5_1_22: #REF!
Name Table5_22: #REF!
Name Table5_A: #REF!
Name Table5_A_22: #REF!

Sheet About
A1: BCEU BAU Components Energy Use
A3: Notes: | B3: Urban vs. Rural Residential Households
B4: Brazilian Ministry of Science, Technology, Innovation and Communication (MCTIC)
B5: 2017
B6: Report: "Greenhouse gas mitigation options in key sectors in Brazil"
B7: Version: "Sector modeling of low carbon options for the building sector"
B8: http://www.mctic.gov.br/mctic/export/sites/institucional/ciencia/SEPED/clima/arquivos/projeto_opcoes_mitigacao/publicacoes/Edificacoes.pdf
B10: urban-residential-cooling
B11: Brazilian Ministry of Science, Technology, Innovation and Communication (MCTIC)
B12: 2017
B13: Report: "Greenhouse gas mitigation options in key sectors in Brazil"
B14: Version: "Sector modeling of low carbon options for the building sector"
B15: http://www.mctic.gov.br/mctic/export/sites/institucional/ciencia/SEPED/clima/arquivos/projeto_opcoes_mitigacao/publicacoes/Edificacoes.pdf
B16: page 151
B17: Figure 85 - Energy Consumption from Climate Use in the REF Scenario by Equipment (2010-2050)
B19: urban-residential-lighting
B20: Brazilian Ministry of Science, Technology, Innovation and Communication (MCTIC)
B21: 2017
B22: Report: "Greenhouse gas mitigation options in key sectors in Brazil"
B23: Version: "Sector modeling of low carbon options for the building sector"
B24: http://www.mctic.gov.br/mctic/export/sites/institucional/ciencia/SEPED/clima/arquivos/projeto_opcoes_mitigacao/publicacoes/Edificacoes.pdf
B25: page 146
B26: Figure 78 - Energy Consumption of Lighting Use in the REF Scenario by Type of Technology (2010-2050)
B28: urban-residential-appl
B29: Brazilian Ministry of Science, Technology, Innovation and Communication (MCTIC)
B30: 2017
B31: Report: "Greenhouse gas mitigation options in key sectors in Brazil"
B32: Version: "Sector modeling of low carbon options for the building sector"
B33: http://www.mctic.gov.br/mctic/export/sites/institucional/ciencia/SEPED/clima/arquivos/projeto_opcoes_mitigacao/publicacoes/Edificacoes.pdf
B34: page 161
B35: Figure 100 - Energy Consumption of Water Heating in the REF Scenario by Energy (2010-2050)
B37: page 164
B38: Figure 101 - Energy Consumption of Other Uses in the REF Scenario by Type of Equipment (2010-2050)
B40: urban-residential-other
B41: Brazilian Ministry of Science, Technology, Innovation and Communication (MCTIC)
B42: 2017
B43: Report: "Greenhouse gas mitigation options in key sectors in Brazil"
B44: Version: "Sector modeling of low carbon options for the building sector"
B45: http://www.mctic.gov.br/mctic/export/sites/institucional/ciencia/SEPED/clima/arquivos/projeto_opcoes_mitigacao/publicacoes/Edificacoes.pdf
B46: page 158
B47: Figure 97 - Energy Use of Cooking in the REF Scenario by Energy (2010-2050)
B49: commercial-residential-cooling
B50: Brazilian Ministry of Science, Technology, Innovation and Communication (MCTIC)
B51: 2017
B52: Report: "Greenhouse gas mitigation options in key sectors in Brazil"
B53: Version: "Sector modeling of low carbon options for the building sector"
B54: http://www.mctic.gov.br/mctic/export/sites/institucional/ciencia/SEPED/clima/arquivos/projeto_opcoes_mitigacao/publicacoes/Edificacoes.pdf
B55: page 186
B56: Figure 122 - Total Energy Consumption by End Use in the Commercial, Services and Public Sectors in the REF scenario (2010-2050)
B58: commercial-residential-lighting
B59: Brazilian Ministry of Science, Technology, Innovation and Communication (MCTIC) | C59: 0.04
B60: 2017
B61: Report: "Greenhouse gas mitigation options in key sectors in Brazil"
B62: Version: "Sector modeling of low carbon options for the building sector"
B63: http://www.mctic.gov.br/mctic/export/sites/institucional/ciencia/SEPED/clima/arquivos/projeto_opcoes_mitigacao/publicacoes/Edificacoes.pdf
B64: page 169
B65: Table 69 - Energy Consumption of the Commercial Sector and Services in the REF Scenario (2050 in ktep)
B67: page 174
B68: Figure 112 - Energy Consumption of Public Lighting in the REF Scenario (2010-2050)
B70: commercial-residential-appl
B71: Brazilian Ministry of Science, Technology, Innovation and Communication (MCTIC)
B72: 2017
B73: Report: "Greenhouse gas mitigation options in key sectors in Brazil"
B74: Version: "Sector modeling of low carbon options for the building sector"
B75: http://www.mctic.gov.br/mctic/export/sites/institucional/ciencia/SEPED/clima/arquivos/projeto_opcoes_mitigacao/publicacoes/Edificacoes.pdf
B76: page 169
B77: Table 69 - Energy Consumption of the Commercial Sector and Services in the REF Scenario (2050 in ktep)
B79: commercial-residential-other
B80: Brazilian Ministry of Science, Technology, Innovation and Communication (MCTIC)
B81: 2017
B82: Report: "Greenhouse gas mitigation options in key sectors in Brazil"
B83: Version: "Sector modeling of low carbon options for the building sector"
B84: http://www.mctic.gov.br/mctic/export/sites/institucional/ciencia/SEPED/clima/arquivos/projeto_opcoes_mitigacao/publicacoes/Edificacoes.pdf
B85: page 186
B86: Figure 122 - Total Energy Consumption by End Use in the Commercial, Services and Public Sectors in the REF scenario (2010-2050)
B88: BNEF
B89: 2020-2050
B90: https://about.bnef.com/insights/clean-energy/new-energy-outlook/
B92: Ministério de Minas e Energia (MME)
B93: Empresa de Pesquisa Energética (EPE)
B94: Demand Scenarios for the National Energy Plan 2050
B95: 2020-2050
B96: https://www.gov.br/mme/pt-br/assuntos/secretarias/sntep/publicacoes/estudos-do-pne-2050/02-relatorios-epe/06-relatorio-parcial-2-cenarios-de-demanda.pdf
A99: Notes: | B99: This variable tracks the equipments and energy service in buildings sector, providing the total demand.
B100: See below the subscript and meaning of each energy service for Brazil.
B102: Assumptions about Urban vs. Rural Residential Households:
B103: 1. Mitigation Option Project does not consider the rural urban split in its analysis, thus we don't assume this breakdown in Brazil's model.
B104: 0
B106: Assumptions about heating:
B107: 1. The annual average temperature in Brazil is 22 to 26 °C, therefore the heating components energy use is assumed negligible in the model.
B108: 0
B110: residential-cooling
B111: 1. In MOP's study cooling components represents the appliances to space cooling (AC and ventilator) and the appliances to food cooling (fridge and freezer);
B113: residential-appl
B114: 1. In MOP's study, appliances represents the follows gears: TV, electric iron, washing machine, computer, Water heaters (shower propose) and others.
B116: residential-other
B117: 1. Others represents cooking components.
B119: commercial-heating
B120: Not applied, explanation at urban-residential-heating.
B121: 0
...

Sheet urban-residential-cooling
A1: Notes:
A2: 1. In MOP's study cooling components represents the appliances to space cooling (AC and ventilator) and the appliances to cool food (fridge and freezer);
A3: 2. MOP computes the energy demand in ktep, to convert to BTU we assume the factor: 1 tep = 3,968e+7 BTU or 1 ktep = 3,968e+10 BTU;
A4: 3.9683051e+10
A6: Figure 85 - Energy Consumption from Climate Use in the REF Scenario by Equipment (2010-2050)
A29: The table below is from the excel file that generated the results for buildings sector.
A30: * Data in ktep
A31: Sector | B31: Demand | C31: Energetic / End Use | D31: 2010 | E31: 2011 | F31: 2012 | G31: 2013 | H31: 2014 | I31: 2015 | J31: 2016 | K31: 2017 | L31: 2018 | M31: 2019 | N31: 2020 | O31: 2021 | P31: 2022 | Q31: 2023 | R31: 2024 | S31: 2025 | T31: 2026 | U31: 2027 | V31: 2028 | W31: 2029 | X31: 2030 | Y31: 2031 | Z31: 2032 | AA31: 2033 | AB31: 2034 | AC31: 2035 | AD31: 2036 | AE31: 2037 | AF31: 2038 | AG31: 2039 | AH31: 2040 | AI31: 2041 | AJ31: 2042 | AK31: 2043 | AL31: 2044 | AM31: 2045 | AN31: 2046 | AO31: 2047 | AP31: 2048 | AQ31: 2049 | AR31: 2050
A32: Residential | B32: Water heating | C32: Natural gas | D32: 143
A33: Residential | B33: Water heating | C33: LPG | D33: 94.47
A34: Residential | B34: Water heating | C34: Electricity | D34: 1649
A35: Residential | B35: Water heating | C35: Solar | D35: 0
A36: Residential | B36: Cooking | C36: Natural gas | D36: 112
A37: Residential | B37: Cooking | C37: LPG | D37: 6203.53
A38: Residential | B38: Cooking | C38: Firewood | D38: 7276
A39: Residential | B39: Cooking | C39: Charcoal | D39: 509
A40: Residential | B40: Cooking | C40: Electricity | D40: 0 | E40: 0 | F40: 0 | G40: 0 | H40: 0 | I40: 0 | J40: 0 | K40: 0 | L40: 0 | M40: 0 | N40: 0 | O40: 0 | P40: 0 | Q40: 0 | R40: 0 | S40: 0 | T40: 0 | U40: 0 | V40: 0 | W40: 0 | X40: 0 | Y40: 0 | Z40: 0 | AA40: 0 | AB40: 0 | AC40: 0 | AD40: 0 | AE40: 0 | AF40: 0 | AG40: 0 | AH40: 0 | AI40: 0 | AJ40: 0 | AK40: 0 | AL40: 0 | AM40: 0 | AN40: 0 | AO40: 0 | AP40: 0 | AQ40: 0 | AR40: 0
A41: Residential | B41: Cooking | C41: Solar | D41: 0 | E41: 0 | F41: 0 | G41: 0 | H41: 0 | I41: 0 | J41: 0 | K41: 0 | L41: 0 | M41: 0 | N41: 0 | O41: 0 | P41: 0 | Q41: 0 | R41: 0 | S41: 0 | T41: 0 | U41: 0 | V41: 0 | W41: 0 | X41: 0 | Y41: 0 | Z41: 0 | AA41: 0 | AB41: 0 | AC41: 0 | AD41: 0 | AE41: 0 | AF41: 0 | AG41: 0 | AH41: 0 | AI41: 0 | AJ41: 0 | AK41: 0 | AL41: 0 | AM41: 0 | AN41: 0 | AO41: 0 | AP41: 0 | AQ41: 0 | AR41: 0
A42: Residential | B42: Lighting | C42: Electricity | D42: 1469.5035 | E42: 1510.4945 | F42: 1554.129 | G42: 1561.5737 | H42: 1597.2765 | I42: 1633.2376 | J42: 840.54232 | K42: 860.87933 | L42: 881.41056 | M42: 902.1359 | N42: 923.05523 | O42: 943.27573 | P42: 963.67751 | Q42: 984.26111 | R42: 1005.0261 | S42: 1025.9722 | T42: 1047.0981 | U42: 1068.4031 | V42: 1089.8876 | W42: 1111.5506 | X42: 1133.3915 | Y42: 1153.3292 | Z42: 1173.4237 | AA42: 1193.6749 | AB42: 1214.0829 | AC42: 1234.6476 | AD42: 1255.3691 | AE42: 1276.2474 | AF42: 1297.2824 | AG42: 1318.4741 | AH42: 1339.8227 | AI42: 1357.4019 | AJ42: 1375.0937 | AK42: 1392.8981 | AL42: 1410.8149 | AM42: 1428.8443 | AN42: 1446.9863 | AO42: 1465.2408 | AP42: 1483.6078 | AQ42: 1502.0873 | AR42: 1520.6794
A43: Residential | B43: Climatization | C43: Electricity | D43: 503 | E43: 533.32042 | F43: 572.10388 | G43: 610.31558 | H43: 660.48007 | I43: 711.10575 | J43: 758.78876 | K43: 811.23331 | L43: 871.4355 | M43: 932.29996 | N43: 986.67045 | O43: 1033.7892 | P43: 1073.513 | Q43: 1105.7979 | R43: 1135.5336 | S43: 1165.1267 | T43: 1194.5644 | U43: 1223.822 | V43: 1252.8592 | W43: 1281.6492 | X43: 1310.1654 | Y43: 1337.1299 | Z43: 1364.3634 | AA43: 1391.1548 | AB43: 1417.4795 | AC43: 1443.3122 | AD43: 1468.6267 | AE43: 1493.3959 | AF43: 1517.5919 | AG43: 1541.1861 | AH43: 1564.1487 | AI43: 1584.8023 | AJ43: 1604.6151 | AK43: 1623.5704 | AL43: 1641.6511 | AM43: 1658.8399 | AN43: 1675.1192 | AO43: 1690.471 | AP43: 1704.8769 | AQ43: 1718.3186 | AR43: 1730.7769
A44: Residential | B44: Cooling | C44: Electricity | D44: 2113 | E44: 2179.4516 | F44: 2251.1509 | G44: 2269.8381 | H44: 2330.3514 | I44: 2391.3793 | J44: 2452.9241 | K44: 2514.9756 | L44: 2577.5072 | M44: 2640.5049 | N44: 2703.9554 | O44: 2765.204 | P44: 2826.8313 | Q44: 2888.838 | R44: 2951.2124 | S44: 3013.9425 | T44: 3077.0059 | U44: 3140.3904 | V44: 3204.0957 | W44: 3268.1098 | X44: 3332.4199 | Y44: 3390.5292 | Z44: 3448.8307 | AA44: 3507.3146 | AB44: 3565.9711 | AC44: 3624.7903 | AD44: 3683.7625 | AE44: 3742.8775 | AF44: 3802.1255 | AG44: 3861.4964 | AH44: 3920.9801 | AI44: 3969.0867 | AJ44: 4017.1773 | AK44: 4065.2443 | AL44: 4113.28 | AM44: 4161.2767 | AN44: 4209.2265 | AO44: 4257.1217 | AP44: 4304.9544 | AQ44: 4352.7167 | AR44: 4400.4008
A45: Residential | B45: Others | C45: Electricity | D45: 3485 | E45: 3716.0276 | F45: 3864.0408 | G45: 3971.2619 | H45: 4140.8104 | I45: 4324.4473 | J45: 4516.6381 | K45: 4727.5973 | L45: 4960.2854 | M45: 5218.2018 | N45: 5505.4717 | O45: 5605.1595 | P45: 5806.5187 | Q45: 5933.718 | R45: 6085.7212 | S45: 6244.9617 | T45: 6412.285 | U45: 6588.1474 | V45: 6773.3026 | W45: 6813.1499 | X45: 6910.4825 | Y45: 6997.4141 | Z45: 7094.1214 | AA45: 7191.3229 | AB45: 7288.9952 | AC45: 7387.1176 | AD45: 7485.3369 | AE45: 7583.9646 | AF45: 7682.9819 | AG45: 7782.3747 | AH45: 7882.1347 | AI45: 7962.7447 | AJ45: 8049.6705 | AK45: 8136.75 | AL45: 8223.9861 | AM45: 8311.381 | AN45: 8398.9255 | AO45: 8486.6393 | AP45: 8574.5283 | AQ45: 8662.6028 | AR45: 8750.873
A46: Residential | B46: Lighting | C46: Kerosene | D46: 4
A47: Commercial | B47: Water heating | C47: Natural gas
A48: Commercial | B48: Water heating | C48: LPG
A49: Commercial | B49: Water heating | C49: Electricity
A50: Commercial | B50: Water heating | C50: Solar
A51: Commercial | B51: Cooking | C51: Natural gas
A52: Commercial | B52: Cooking | C52: LPG
A53: Commercial | B53: Cooking | C53: Firewood
A54: Commercial | B54: Cooking | C54: Charcoal
A55: Commercial | B55: Cooking | C55: Electricity
A56: Commercial | B56: Cooking | C56: Solar
A57: Commercial | B57: Climatization | C57: Natural gas
A58: Commercial | B58: Climatization | C58: Electricity | D58: 1262.0912 | E58: 1320.2971 | F58: 1378.503 | G58: 1436.709 | H58: 1494.9149 | I58: 1553.1208 | J58: 1663.8998 | K58: 1774.6787 | L58: 1885.4576 | M58: 1996.2365 | N58: 2107.0155 | O58: 2328.7621 | P58: 2550.5086 | Q58: 2772.2552 | R58: 2994.0018 | S58: 3215.7484 | T58: 3585.4385 | U58: 3955.1286 | V58: 4324.8187 | W58: 4694.5088 | X58: 5064.1989 | Y58: 5509.4927 | Z58: 5954.7866 | AA58: 6400.0804 | AB58: 6845.3742 | AC58: 7290.668 | AD58: 7688.0293 | AE58: 8085.3907 | AF58: 8482.7521 | AG58: 8880.1134 | AH58: 9277.4748 | AI58: 9592.5843 | AJ58: 9907.6938 | AK58: 10222.803 | AL58: 10537.913 | AM58: 10853.022 | AN58: 11144.848 | AO58: 11436.673 | AP58: 11728.498 | AQ58: 12020.323 | AR58: 12312.149
A59: Commercial | B59: Climatization | C59: Solar
A60: Commercial | B60: Lighting | C60: Electricity
A61: Commercial | B61: Street lighting | C61: Electricity
A62: Commercial | B62: Cooling | C62: Electricity
A63: Commercial | B63: Others | C63: Electricity
A64: Commercial | B64: Power cogeneration | C64: Natural gas

Sheet urban-residential-lighting
A1: Notes:
A2: 1. MOP computes the energy demand in ktep, to convert to BTU we assume the factor: 1 tep = 3,968e+7 BTU or 1 ktep = 3,968e+10 BTU;
A3: 3.9683051e+10
A5: Figure 78 - Energy Consumption of Lighting Use in the REF Scenario by Type of Technology (2010-2050)
A25: The table below is from the excel file that generated the results for buildings sector.
A26: * Data in ktep
A27: Sector | B27: Demand | C27: Energetic / End Use | D27: 2010 | E27: 2011 | F27: 2012 | G27: 2013 | H27: 2014 | I27: 2015 | J27: 2016 | K27: 2017 | L27: 2018 | M27: 2019 | N27: 2020 | O27: 2021 | P27: 2022 | Q27: 2023 | R27: 2024 | S27: 2025 | T27: 2026 | U27: 2027 | V27: 2028 | W27: 2029 | X27: 2030 | Y27: 2031 | Z27: 2032 | AA27: 2033 | AB27: 2034 | AC27: 2035 | AD27: 2036 | AE27: 2037 | AF27: 2038 | AG27: 2039 | AH27: 2040 | AI27: 2041 | AJ27: 2042 | AK27: 2043 | AL27: 2044 | AM27: 2045 | AN27: 2046 | AO27: 2047 | AP27: 2048 | AQ27: 2049 | AR27: 2050
A28: Residential | B28: Water heating | C28: Natural gas | D28: 143
A29: Residential | B29: Water heating | C29: LPG | D29: 94.47
A30: Residential | B30: Water heating | C30: Electricity | D30: 1649
A31: Residential | B31: Water heating | C31: Solar | D31: 0
A32: Residential | B32: Cooking | C32: Natural gas | D32: 112
A33: Residential | B33: Cooking | C33: LPG | D33: 6203.53
A34: Residential | B34: Cooking | C34: Firewood | D34: 7276
A35: Residential | B35: Cooking | C35: Charcoal | D35: 509
A36: Residential | B36: Cooking | C36: Electricity | D36: 0 | E36: 0 | F36: 0 | G36: 0 | H36: 0 | I36: 0 | J36: 0 | K36: 0 | L36: 0 | M36: 0 | N36: 0 | O36: 0 | P36: 0 | Q36: 0 | R36: 0 | S36: 0 | T36: 0 | U36: 0 | V36: 0 | W36: 0 | X36: 0 | Y36: 0 | Z36: 0 | AA36: 0 | AB36: 0 | AC36: 0 | AD36: 0 | AE36: 0 | AF36: 0 | AG36: 0 | AH36: 0 | AI36: 0 | AJ36: 0 | AK36: 0 | AL36: 0 | AM36: 0 | AN36: 0 | AO36: 0 | AP36: 0 | AQ36: 0 | AR36: 0
A37: Residential | B37: Cooking | C37: Solar | D37: 0 | E37: 0 | F37: 0 | G37: 0 | H37: 0 | I37: 0 | J37: 0 | K37: 0 | L37: 0 | M37: 0 | N37: 0 | O37: 0 | P37: 0 | Q37: 0 | R37: 0 | S37: 0 | T37: 0 | U37: 0 | V37: 0 | W37: 0 | X37: 0 | Y37: 0 | Z37: 0 | AA37: 0 | AB37: 0 | AC37: 0 | AD37: 0 | AE37: 0 | AF37: 0 | AG37: 0 | AH37: 0 | AI37: 0 | AJ37: 0 | AK37: 0 | AL37: 0 | AM37: 0 | AN37: 0 | AO37: 0 | AP37: 0 | AQ37: 0 | AR37: 0
A38: Residential | B38: Lighting | C38: Electricity | D38: 1469.5035 | E38: 1510.4945 | F38: 1554.129 | G38: 1561.5737 | H38: 1597.2765 | I38: 1633.2376 | J38: 840.54232 | K38: 860.87933 | L38: 881.41056 | M38: 902.1359 | N38: 923.05523 | O38: 943.27573 | P38: 963.67751 | Q38: 984.26111 | R38: 1005.0261 | S38: 1025.9722 | T38: 1047.0981 | U38: 1068.4031 | V38: 1089.8876 | W38: 1111.5506 | X38: 1133.3915 | Y38: 1153.3292 | Z38: 1173.4237 | AA38: 1193.6749 | AB38: 1214.0829 | AC38: 1234.6476 | AD38: 1255.3691 | AE38: 1276.2474 | AF38: 1297.2824 | AG38: 1318.4741 | AH38: 1339.8227 | AI38: 1357.4019 | AJ38: 1375.0937 | AK38: 1392.8981 | AL38: 1410.8149 | AM38: 1428.8443 | AN38: 1446.9863 | AO38: 1465.2408 | AP38: 1483.6078 | AQ38: 1502.0873 | AR38: 1520.6794
A39: Residential | B39: Climatization | C39: Electricity | D39: 503 | E39: 533.32042 | F39: 572.10388 | G39: 610.31558 | H39: 660.48007 | I39: 711.10575 | J39: 758.78876 | K39: 811.23331 | L39: 871.4355 | M39: 932.29996 | N39: 986.67045 | O39: 1033.7892 | P39: 1073.513 | Q39: 1105.7979 | R39: 1135.5336 | S39: 1165.1267 | T39: 1194.5644 | U39: 1223.822 | V39: 1252.8592 | W39: 1281.6492 | X39: 1310.1654 | Y39: 1337.1299 | Z39: 1364.3634 | AA39: 1391.1548 | AB39: 1417.4795 | AC39: 1443.3122 | AD39: 1468.6267 | AE39: 1493.3959 | AF39: 1517.5919 | AG39: 1541.1861 | AH39: 1564.1487 | AI39: 1584.8023 | AJ39: 1604.6151 | AK39: 1623.5704 | AL39: 1641.6511 | AM39: 1658.8399 | AN39: 1675.1192 | AO39: 1690.471 | AP39: 1704.8769 | AQ39: 1718.3186 | AR39: 1730.7769
A40: Residential | B40: Cooling | C40: Electricity | D40: 2113 | E40: 2179.4516 | F40: 2251.1509 | G40: 2269.8381 | H40: 2330.3514 | I40: 2391.3793 | J40: 2452.9241 | K40: 2514.9756 | L40: 2577.5072 | M40: 2640.5049 | N40: 2703.9554 | O40: 2765.204 | P40: 2826.8313 | Q40: 2888.838 | R40: 2951.2124 | S40: 3013.9425 | T40: 3077.0059 | U40: 3140.3904 | V40: 3204.0957 | W40: 3268.1098 | X40: 3332.4199 | Y40: 3390.5292 | Z40: 3448.8307 | AA40: 3507.3146 | AB40: 3565.9711 | AC40: 3624.7903 | AD40: 3683.7625 | AE40: 3742.8775 | AF40: 3802.1255 | AG40: 3861.4964 | AH40: 3920.9801 | AI40: 3969.0867 | AJ40: 4017.1773 | AK40: 4065.2443 | AL40: 4113.28 | AM40: 4161.2767 | AN40: 4209.2265 | AO40: 4257.1217 | AP40: 4304.9544 | AQ40: 4352.7167 | AR40: 4400.4008
A41: Residential | B41: Others | C41: Electricity | D41: 3485 | E41: 3716.0276 | F41: 3864.0408 | G41: 3971.2619 | H41: 4140.8104 | I41: 4324.4473 | J41: 4516.6381 | K41: 4727.5973 | L41: 4960.2854 | M41: 5218.2018 | N41: 5505.4717 | O41: 5605.1595 | P41: 5806.5187 | Q41: 5933.718 | R41: 6085.7212 | S41: 6244.9617 | T41: 6412.285 | U41: 6588.1474 | V41: 6773.3026 | W41: 6813.1499 | X41: 6910.4825 | Y41: 6997.4141 | Z41: 7094.1214 | AA41: 7191.3229 | AB41: 7288.9952 | AC41: 7387.1176 | AD41: 7485.3369 | AE41: 7583.9646 | AF41: 7682.9819 | AG41: 7782.3747 | AH41: 7882.1347 | AI41: 7962.7447 | AJ41: 8049.6705 | AK41: 8136.75 | AL41: 8223.9861 | AM41: 8311.381 | AN41: 8398.9255 | AO41: 8486.6393 | AP41: 8574.5283 | AQ41: 8662.6028 | AR41: 8750.873
A42: Residential | B42: Lighting | C42: Kerosene | D42: 4
A43: Commercial | B43: Water heating | C43: Natural gas
A44: Commercial | B44: Water heating | C44: LPG
A45: Commercial | B45: Water heating | C45: Electricity
A46: Commercial | B46: Water heating | C46: Solar
A47: Commercial | B47: Cooking | C47: Natural gas
A48: Commercial | B48: Cooking | C48: LPG
A49: Commercial | B49: Cooking | C49: Firewood
A50: Commercial | B50: Cooking | C50: Charcoal
A51: Commercial | B51: Cooking | C51: Electricity
A52: Commercial | B52: Cooking | C52: Solar
A53: Commercial | B53: Climatization | C53: Natural gas
A54: Commercial | B54: Climatization | C54: Electricity | D54: 1262.0912 | E54: 1320.2971 | F54: 1378.503 | G54: 1436.709 | H54: 1494.9149 | I54: 1553.1208 | J54: 1663.8998 | K54: 1774.6787 | L54: 1885.4576 | M54: 1996.2365 | N54: 2107.0155 | O54: 2328.7621 | P54: 2550.5086 | Q54: 2772.2552 | R54: 2994.0018 | S54: 3215.7484 | T54: 3585.4385 | U54: 3955.1286 | V54: 4324.8187 | W54: 4694.5088 | X54: 5064.1989 | Y54: 5509.4927 | Z54: 5954.7866 | AA54: 6400.0804 | AB54: 6845.3742 | AC54: 7290.668 | AD54: 7688.0293 | AE54: 8085.3907 | AF54: 8482.7521 | AG54: 8880.1134 | AH54: 9277.4748 | AI54: 9592.5843 | AJ54: 9907.6938 | AK54: 10222.803 | AL54: 10537.913 | AM54: 10853.022 | AN54: 11144.848 | AO54: 11436.673 | AP54: 11728.498 | AQ54: 12020.323 | AR54: 12312.149
A55: Commercial | B55: Climatization | C55: Solar
A56: Commercial | B56: Lighting | C56: Electricity
A57: Commercial | B57: Street lighting | C57: Electricity
A58: Commercial | B58: Cooling | C58: Electricity
A59: Commercial | B59: Others | C59: Electricity
A60: Commercial | B60: Power cogeneration | C60: Natural gas

Sheet urban-residential-appl
A1: Notes:
A2: 1. In MOP's study, appliances represents the follows gears: TV, electric iron, washing machine, computer, Water heaters (shower propose) and others.
A3: 2. MOP computes the energy demand in ktep, to convert to BTU we assume the factor: 1 tep = 3,968e+7 BTU or 1 ktep = 3,968e+10 BTU;
A4: 3.9683051e+10
A6: Figure 100 - Energy Consumption of Water Heating in the REF Scenario by Energy (2010-2050) | H6: Figure 101 - Energy Consumption of Other Uses in the REF Scenario by Type of Equipment (2010-2050)
A29: The table below is from the excel file that generated the results for buildings sector.
A31: Total power consumption (GWh and 10 ^ 3 TEP) | B31: 2010 | C31: 2011 | D31: 2012 | E31: 2013 | F31: 2014 | G31: 2015 | H31: 2016 | I31: 2017 | J31: 2018 | K31: 2019 | L31: 2020 | M31: 2021 | N31: 2022 | O31: 2023 | P31: 2024 | Q31: 2025 | R31: 2026 | S31: 2027 | T31: 2028 | U31: 2029 | V31: 2030 | W31: 2031 | X31: 2032 | Y31: 2033 | Z31: 2034 | AA31: 2035 | AB31: 2036 | AC31: 2037 | AD31: 2038 | AE31: 2039 | AF31: 2040 | AG31: 2041 | AH31: 2042 | AI31: 2043 | AJ31: 2044 | AK31: 2045 | AL31: 2046 | AM31: 2047 | AN31: 2048 | AO31: 2049 | AP31: 2050
A32: GWh | B32: 40528.454 | C32: 43217.401 | D32: 44938.794 | E32: 46185.775 | F32: 48157.625 | G32: 50293.322 | H32: 52528.501 | I32: 54981.956 | J32: 57688.12 | K32: 60687.687 | L32: 64028.636 | M32: 65188.005 | N32: 67529.812 | O32: 69009.141 | P32: 70776.938 | Q32: 72628.905 | R32: 74574.874 | S32: 76620.155 | T32: 78773.509 | U32: 79236.933 | V32: 80368.912 | W32: 81379.926 | X32: 82504.632 | Y32: 83635.085 | Z32: 84771.015 | AA32: 85912.178 | AB32: 87054.468 | AC32: 88201.508 | AD32: 89353.079 | AE32: 90509.017 | AF32: 91669.226 | AG32: 92606.721 | AH32: 93617.668 | AI32: 94630.403 | AJ32: 95644.958 | AK32: 96661.36 | AL32: 97679.503 | AM32: 98699.615 | AN32: 99721.764 | AO32: 100746.07 | AP32: 101772.65
A33: 10 ^ 3 TEP | B33: 3484.8197 | C33: 3716.0276 | D33: 3864.0408 | E33: 3971.2619 | F33: 4140.8104 | G33: 4324.4473 | H33: 4516.6381 | I33: 4727.5973 | J33: 4960.2854 | K33: 5218.2018 | L33: 5505.4717 | M33: 5605.1595 | N33: 5806.5187 | O33: 5933.718 | P33: 6085.7212 | Q33: 6244.9617 | R33: 6412.285 | S33: 6588.1474 | T33: 6773.3026 | U33: 6813.1499 | V33: 6910.4825 | W33: 6997.4141 | X33: 7094.1214 | Y33: 7191.3229 | Z33: 7288.9952 | AA33: 7387.1176 | AB33: 7485.3369 | AC33: 7583.9646 | AD33: 7682.9819 | AE33: 7782.3747 | AF33: 7882.1347 | AG33: 7962.7447 | AH33: 8049.6705 | AI33: 8136.75 | AJ33: 8223.9861 | AK33: 8311.381 | AL33: 8398.9255 | AM33: 8486.6393 | AN33: 8574.5283 | AO33: 8662.6028 | AP33: 8750.873
A36: Shareholding with elasticity | B36: 2010 | C36: 2011 | D36: 2012 | E36: 2013 | F36: 2014 | G36: 2015 | H36: 2016 | I36: 2017 | J36: 2018 | K36: 2019 | L36: 2020 | M36: 2021 | N36: 2022 | O36: 2023 | P36: 2024 | Q36: 2025 | R36: 2026 | S36: 2027 | T36: 2028 | U36: 2029 | V36: 2030 | W36: 2031 | X36: 2032 | Y36: 2033 | Z36: 2034 | AA36: 2035 | AB36: 2036 | AC36: 2037 | AD36: 2038 | AE36: 2039 | AF36: 2040 | AG36: 2041 | AH36: 2042 | AI36: 2043 | AJ36: 2044 | AK36: 2045 | AL36: 2046 | AM36: 2047 | AN36: 2048 | AO36: 2049 | AP36: 2050
A37: TV, iron, PC, machine of washing | B37: 0.76286412 | C37: 0.77341073 | D37: 0.77796129 | E37: 0.77985846 | F37: 0.78486547 | G37: 0.79009079 | H37: 0.79691154 | I37: 0.80388953 | J37: 0.81103829 | K37: 0.81836747 | L37: 0.82588144 | M37: 0.82671209 | N37: 0.83047907 | O37: 0.83186512 | P37: 0.83382053 | Q37: 0.83582007 | R37: 0.83784067 | S37: 0.83991786 | T37: 0.84205695 | U37: 0.84071011 | V37: 0.84066899 | W37: 0.84039118 | X37: 0.8402956 | Y37: 0.8401693 | Z37: 0.84001301 | AA37: 0.8398275 | AB37: 0.83965087 | AC37: 0.83944547 | AD37: 0.83921204 | AE37: 0.8389514 | AF37: 0.83866445 | AG37: 0.83798246 | AH37: 0.83740223 | AI37: 0.83679834 | AJ37: 0.83617163 | AK37: 0.8355229 | AL37: 0.8348544 | AM37: 0.83416548 | AN37: 0.83345692 | AO37: 0.83272956 | AP37: 0.8319842
A38: Other appliances | B38: 0.23713588 | C38: 0.22658927 | D38: 0.22203871 | E38: 0.22014154 | F38: 0.21513453 | G38: 0.20990921 | H38: 0.20308846 | I38: 0.19611047 | J38: 0.18896171 | K38: 0.18163253 | L38: 0.17411856 | M38: 0.17328791 | N38: 0.16952093 | O38: 0.16813488 | P38: 0.16617947 | Q38: 0.16417993 | R38: 0.16215933 | S38: 0.16008214 | T38: 0.15794305 | U38: 0.15928989 | V38: 0.15933101 | W38: 0.15960882 | X38: 0.1597044 | Y38: 0.1598307 | Z38: 0.15998699 | AA38: 0.1601725 | AB38: 0.16034913 | AC38: 0.16055453 | AD38: 0.16078796 | AE38: 0.1610486 | AF38: 0.16133555 | AG38: 0.16201754 | AH38: 0.16259777 | AI38: 0.16320166 | AJ38: 0.16382837 | AK38: 0.1644771 | AL38: 0.1651456 | AM38: 0.16583452 | AN38: 0.16654308 | AO38: 0.16727044 | AP38: 0.1680158
A41: Water heaters (shower propose)
A42: Residential Energy Consumption (ktep)
A44: Energetic used | B44: 2010 | C44: 2011 | D44: 2012 | E44: 2013 | F44: 2014 | G44: 2015 | H44: 2016 | I44: 2017 | J44: 2018 | K44: 2019 | L44: 2020 | M44: 2021 | N44: 2022 | O44: 2023 | P44: 2024 | Q44: 2025 | R44: 2026 | S44: 2027 | T44: 2028 | U44: 2029 | V44: 2030 | W44: 2031 | X44: 2032 | Y44: 2033 | Z44: 2034 | AA44: 2035 | AB44: 2036 | AC44: 2037 | AD44: 2038 | AE44: 2039 | AF44: 2040 | AG44: 2041 | AH44: 2042 | AI44: 2043 | AJ44: 2044 | AK44: 2045 | AL44: 2046 | AM44: 2047 | AN44: 2048 | AO44: 2049 | AP44: 2050
A45: Solar | B45: 0 | C45: 0 | D45: 0 | E45: 0 | F45: 0 | G45: 0 | H45: 0 | I45: 0 | J45: 0 | K45: 0 | L45: 0 | M45: 0 | N45: 0 | O45: 0 | P45: 0 | Q45: 0 | R45: 0 | S45: 0 | T45: 0 | U45: 0 | V45: 0 | W45: 0 | X45: 0 | Y45: 0 | Z45: 0 | AA45: 0 | AB45: 0 | AC45: 0 | AD45: 0 | AE45: 0 | AF45: 0 | AG45: 0 | AH45: 0 | AI45: 0 | AJ45: 0 | AK45: 0 | AL45: 0 | AM45: 0 | AN45: 0 | AO45: 0 | AP45: 0
A46: Natural gas | B46: 141.70927 | C46: 140.83056 | D46: 139.94945 | E46: 139.06593 | F46: 146.47133 | G46: 153.74879 | H46: 160.8983 | I46: 167.91987 | J46: 174.81349 | K46: 181.57918 | L46: 188.21691 | M46: 199.50993 | N46: 210.80294 | O46: 222.09596 | P46: 233.38897 | Q46: 244.68199 | R46: 255.975 | S46: 267.26802 | T46: 278.56103 | U46: 289.85405 | V46: 301.14706 | W46: 312.44008 | X46: 323.73309 | Y46: 335.02611 | Z46: 346.31912 | AA46: 357.61214 | AB46: 368.90515 | AC46: 380.19817 | AD46: 391.49118 | AE46: 402.7842 | AF46: 414.07721 | AG46: 429.13456 | AH46: 444.19192 | AI46: 459.24927 | AJ46: 474.30662 | AK46: 489.36398 | AL46: 504.42133 | AM46: 519.47868 | AN46: 534.53604 | AO46: 549.59339 | AP46: 564.65074
A47: LPG | B47: 93.617303 | C47: 89.975622 | D47: 86.379928 | E47: 82.830221 | F47: 82.164531 | G47: 81.498841 | H47: 80.833151 | I47: 80.16746 | J47: 79.50177 | K47: 78.83608 | L47: 78.17039 | M47: 79.733798 | N47: 81.297206 | O47: 82.860614 | P47: 84.424021 | Q47: 85.987429 | R47: 87.550837 | S47: 89.114245 | T47: 90.677653 | U47: 92.24106 | V47: 93.804468 | W47: 95.758728 | X47: 97.712988 | Y47: 99.667248 | Z47: 101.62151 | AA47: 103.57577 | AB47: 105.53003 | AC47: 107.48429 | AD47: 109.43855 | AE47: 111.39281 | AF47: 113.34707 | AG47: 116.86473 | AH47: 120.3824 | AI47: 123.90007 | AJ47: 127.41774 | AK47: 130.9354 | AL47: 134.45307 | AM47: 137.97074 | AN47: 141.48841 | AO47: 145.00607 | AP47: 148.52374
A48: Electricity | B48: 1653.1692 | C48: 1620.1468 | D48: 1587.4569 | E48: 1555.0996 | F48: 1534.1811 | G48: 1513.3525 | H48: 1481.4794 | I48: 1463.7073 | J48: 1445.9628 | K48: 1428.246 | L48: 1410.5568 | M48: 1405.7998 | N48: 1401.0428 | O48: 1396.2858 | P48: 1391.5288 | Q48: 1386.7718 | R48: 1382.0147 | S48: 1377.2577 | T48: 1372.5007 | U48: 1367.7437 | V48: 1362.9867 | W48: 1358.2297 | X48: 1353.4727 | Y48: 1348.7157 | Z48: 1343.9587 | AA48: 1339.2017 | AB48: 1334.4447 | AC48: 1329.6876 | AD48: 1324.9306 | AE48: 1320.1736 | AF48: 1315.4166 | AG48: 1307.5572 | AH48: 1299.6978 | AI48: 1291.8384 | AJ48: 1283.979 | AK48: 1276.1196 | AL48: 1268.2602 | AM48: 1260.4008 | AN48: 1252.5414 | AO48: 1244.6819 | AP48: 1236.8225

Sheet urban-residential-other
A1: Notes:
A2: 1. Others represents cooking components.
A3: 2. MOP computes the energy demand in ktep, to convert to BTU we assume the factor: 1 tep = 3,968e+7 BTU or 1 ktep = 3,968e+10 BTU;
A4: 3.9683051e+10
A6: Figure 97 - Energy Use of Cooking in the REF Scenario by Energy (2010-2050)
A27: The table below is from the excel file that generated the results for buildings sector.
A28: Energy consumption
A29: ktep
A30: Residential consumption Cooking | B30: 2010 | C30: 2011 | D30: 2012 | E30: 2013 | F30: 2014 | G30: 2015 | H30: 2016 | I30: 2017 | J30: 2018 | K30: 2019 | L30: 2020 | M30: 2021 | N30: 2022 | O30: 2023 | P30: 2024 | Q30: 2025 | R30: 2026 | S30: 2027 | T30: 2028 | U30: 2029 | V30: 2030 | W30: 2031 | X30: 2032 | Y30: 2033 | Z30: 2034 | AA30: 2035 | AB30: 2036 | AC30: 2037 | AD30: 2038 | AE30: 2039 | AF30: 2040 | AG30: 2041 | AH30: 2042 | AI30: 2043 | AJ30: 2044 | AK30: 2045 | AL30: 2046 | AM30: 2047 | AN30: 2048 | AO30: 2049 | AP30: 2050
A31: Natural gas | B31: 112 | C31: 122.95489 | D31: 156.11389 | E31: 192.79091 | F31: 227.16976 | G31: 261.79515 | H31: 296.63822 | I31: 331.66814 | J31: 366.85033 | K31: 402.15347 | L31: 437.54631 | M31: 475.05248 | N31: 512.90986 | O31: 551.09236 | P31: 589.57068 | Q31: 628.31597 | R31: 667.2979 | S31: 706.48629 | T31: 745.85184 | U31: 785.36295 | V31: 824.98659 | W31: 864.69259 | X31: 904.47644 | Y31: 944.30072 | Z31: 984.12742 | AA31: 1023.9173 | AB31: 1063.629 | AC31: 1103.2208 | AD31: 1142.6521 | AE31: 1181.8848 | AF31: 1220.8802 | AG31: 1259.598 | AH31: 1298.0002 | AI31: 1336.053 | AJ31: 1373.7223 | AK31: 1410.9761 | AL31: 1447.7826 | AM31: 1484.1112 | AN31: 1519.9343 | AO31: 1555.2251 | AP31: 1589.9589
A32: Firewood (biomass) | B32: 7276 | C32: 6112.1163 | D32: 6114.2115 | E32: 6213.2603 | F32: 6203.2166 | G32: 6184.927 | H32: 6158.3735 | I32: 6123.4708 | J32: 6080.0731 | K32: 6028.1125 | L32: 5967.5257 | M32: 6097.0064 | N32: 6226.133 | O32: 6354.8414 | P32: 6483.0315 | Q32: 6610.6139 | R32: 6737.4877 | S32: 6863.5581 | T32: 6988.7421 | U32: 7112.9376 | V32: 7236.0334 | W32: 7357.9477 | X32: 7478.8114 | Y32: 7598.4684 | Z32: 7716.7673 | AA32: 7833.5551 | AB32: 7948.6707 | AC32: 8061.9571 | AD32: 8173.2732 | AE32: 8282.4979 | AF32: 8389.5122 | AG32: 8494.1857 | AH32: 8596.4083 | AI32: 8696.0977 | AJ32: 8793.17 | AK32: 8887.5541 | AL32: 8979.1797 | AM32: 9067.9805 | AN32: 9153.9096 | AO32: 9236.9223 | AP32: 9316.9824
A33: LPG | B33: 6203.53 | C33: 6287.6665 | D33: 6286.6372 | E33: 6390.8767 | F33: 6388.7391 | G33: 6384.0668 | H33: 6376.9849 | I33: 6367.5406 | J33: 6355.7094 | K33: 6341.5384 | L33: 6325.0701 | M33: 6319.5874 | N33: 6311.8077 | O33: 6301.772 | P33: 6289.4863 | Q33: 6274.9692 | R33: 6258.2306 | S33: 6239.2885 | T33: 6218.1732 | U33: 6194.8992 | V33: 6169.4756 | W33: 6141.9386 | X33: 6112.4989 | Y33: 6081.1235 | Z33: 6047.7891 | AA33: 6012.4762 | AB33: 5975.1643 | AC33: 5935.8413 | AD33: 5894.5113 | AE33: 5851.1958 | AF33: 5805.9202 | AG33: 5758.7036 | AH33: 5709.5816 | AI33: 5658.6088 | AJ33: 5605.8383 | AK33: 5551.3312 | AL33: 5495.1482 | AM33: 5437.3515 | AN33: 5378.0137 | AO33: 5317.2068 | AP33: 5255.0056
A34: Charcoal (biomass) | B34: 509 | C34: 444.70434 | D34: 428.42003 | E34: 419.13337 | F34: 402.7024 | G34: 386.22728 | H34: 369.73874 | I34: 353.26181 | J34: 336.81715 | K34: 320.42915 | L34: 304.12143 | M34: 301.21182 | N34: 298.15614 | O34: 294.95838 | P34: 291.6209 | Q34: 288.14671 | R34: 284.53845 | S34: 280.79917 | T34: 276.93253 | U34: 272.94149 | V34: 268.82886 | W34: 264.59864 | X34: 260.26231 | Y34: 255.82073 | Z34: 251.27533 | AA34: 246.62781 | AB34: 241.87997 | AC34: 237.0341 | AD34: 232.09323 | AE34: 227.06119 | AF34: 221.94198 | AG34: 216.73948 | AH34: 211.45819 | AI34: 206.10337 | AJ34: 200.68022 | AK34: 195.19419 | AL34: 189.65072 | AM34: 184.05526 | AN34: 178.41355 | AO34: 172.73127 | AP34: 167.01413

Sheet commercial-residential-cooling
A1: Notes:
A2: 1. According to MOP Building Book, the approach to estimate commercial cooling follows an indirect method, c
A3: onsidering that in the commercial sector there is no disaggregated statistics on sales or ownership of air conditioning equipment.
A4: Additionally, only air conditioning is considered, disregarding the ventilators;
A5: 2. MOP computes the energy demand in ktep, to convert to BTU we assume the factor: 1 tep = 3,968e+7 BTU or 1 ktep = 3,968e+10 BTU;
A6: 3.9683051e+10
A8: Figure 122 - Total Energy Consumption by End Use in the Commercial, Services and Public Sectors in the REF scenario (2010-2050)
A31: Sector | B31: Demand | C31: Energetic / End Use | D31: 2010 | E31: 2011 | F31: 2012 | G31: 2013 | H31: 2014 | I31: 2015 | J31: 2016 | K31: 2017 | L31: 2018 | M31: 2019 | N31: 2020 | O31: 2021 | P31: 2022 | Q31: 2023 | R31: 2024 | S31: 2025 | T31: 2026 | U31: 2027 | V31: 2028 | W31: 2029 | X31: 2030 | Y31: 2031 | Z31: 2032 | AA31: 2033 | AB31: 2034 | AC31: 2035 | AD31: 2036 | AE31: 2037 | AF31: 2038 | AG31: 2039 | AH31: 2040 | AI31: 2041 | AJ31: 2042 | AK31: 2043 | AL31: 2044 | AM31: 2045 | AN31: 2046 | AO31: 2047 | AP31: 2048 | AQ31: 2049 | AR31: 2050
A32: Residential | B32: Water heating | C32: Natural gas | D32: 143
A33: Residential | B33: Water heating | C33: LPG | D33: 94.47
A34: Residential | B34: Water heating | C34: Electricity | D34: 1649
A35: Residential | B35: Water heating | C35: Solar | D35: 0
A36: Residential | B36: Cooking | C36: Natural gas | D36: 112
A37: Residential | B37: Cooking | C37: LPG | D37: 6203.53
A38: Residential | B38: Cooking | C38: Firewood | D38: 7276
A39: Residential | B39: Cooking | C39: Charcoal | D39: 509
A40: Residential | B40: Cooking | C40: Electricity | D40: 0 | E40: 0 | F40: 0 | G40: 0 | H40: 0 | I40: 0 | J40: 0 | K40: 0 | L40: 0 | M40: 0 | N40: 0 | O40: 0 | P40: 0 | Q40: 0 | R40: 0 | S40: 0 | T40: 0 | U40: 0 | V40: 0 | W40: 0 | X40: 0 | Y40: 0 | Z40: 0 | AA40: 0 | AB40: 0 | AC40: 0 | AD40: 0 | AE40: 0 | AF40: 0 | AG40: 0 | AH40: 0 | AI40: 0 | AJ40: 0 | AK40: 0 | AL40: 0 | AM40: 0 | AN40: 0 | AO40: 0 | AP40: 0 | AQ40: 0 | AR40: 0
A41: Residential | B41: Cooking | C41: Solar | D41: 0 | E41: 0 | F41: 0 | G41: 0 | H41: 0 | I41: 0 | J41: 0 | K41: 0 | L41: 0 | M41: 0 | N41: 0 | O41: 0 | P41: 0 | Q41: 0 | R41: 0 | S41: 0 | T41: 0 | U41: 0 | V41: 0 | W41: 0 | X41: 0 | Y41: 0 | Z41: 0 | AA41: 0 | AB41: 0 | AC41: 0 | AD41: 0 | AE41: 0 | AF41: 0 | AG41: 0 | AH41: 0 | AI41: 0 | AJ41: 0 | AK41: 0 | AL41: 0 | AM41: 0 | AN41: 0 | AO41: 0 | AP41: 0 | AQ41: 0 | AR41: 0
A42: Residential | B42: Lighting | C42: Electricity | D42: 1469.5035 | E42: 1510.4945 | F42: 1554.129 | G42: 1561.5737 | H42: 1597.2765 | I42: 1633.2376 | J42: 840.54232 | K42: 860.87933 | L42: 881.41056 | M42: 902.1359 | N42: 923.05523 | O42: 943.27573 | P42: 963.67751 | Q42: 984.26111 | R42: 1005.0261 | S42: 1025.9722 | T42: 1047.0981 | U42: 1068.4031 | V42: 1089.8876 | W42: 1111.5506 | X42: 1133.3915 | Y42: 1153.3292 | Z42: 1173.4237 | AA42: 1193.6749 | AB42: 1214.0829 | AC42: 1234.6476 | AD42: 1255.3691 | AE42: 1276.2474 | AF42: 1297.2824 | AG42: 1318.4741 | AH42: 1339.8227 | AI42: 1357.4019 | AJ42: 1375.0937 | AK42: 1392.8981 | AL42: 1410.8149 | AM42: 1428.8443 | AN42: 1446.9863 | AO42: 1465.2408 | AP42: 1483.6078 | AQ42: 1502.0873 | AR42: 1520.6794
A43: Residential | B43: Climatization | C43: Electricity | D43: 503 | E43: 533.32042 | F43: 572.10388 | G43: 610.31558 | H43: 660.48007 | I43: 711.10575 | J43: 758.78876 | K43: 811.23331 | L43: 871.4355 | M43: 932.29996 | N43: 986.67045 | O43: 1033.7892 | P43: 1073.513 | Q43: 1105.7979 | R43: 1135.5336 | S43: 1165.1267 | T43: 1194.5644 | U43: 1223.822 | V43: 1252.8592 | W43: 1281.6492 | X43: 1310.1654 | Y43: 1337.1299 | Z43: 1364.3634 | AA43: 1391.1548 | AB43: 1417.4795 | AC43: 1443.3122 | AD43: 1468.6267 | AE43: 1493.3959 | AF43: 1517.5919 | AG43: 1541.1861 | AH43: 1564.1487 | AI43: 1584.8023 | AJ43: 1604.6151 | AK43: 1623.5704 | AL43: 1641.6511 | AM43: 1658.8399 | AN43: 1675.1192 | AO43: 1690.471 | AP43: 1704.8769 | AQ43: 1718.3186 | AR43: 1730.7769
A44: Residential | B44: Cooling | C44: Electricity | D44: 2113 | E44: 2179.4516 | F44: 2251.1509 | G44: 2269.8381 | H44: 2330.3514 | I44: 2391.3793 | J44: 2452.9241 | K44: 2514.9756 | L44: 2577.5072 | M44: 2640.5049 | N44: 2703.9554 | O44: 2765.204 | P44: 2826.8313 | Q44: 2888.838 | R44: 2951.2124 | S44: 3013.9425 | T44: 3077.0059 | U44: 3140.3904 | V44: 3204.0957 | W44: 3268.1098 | X44: 3332.4199 | Y44: 3390.5292 | Z44: 3448.8307 | AA44: 3507.3146 | AB44: 3565.9711 | AC44: 3624.7903 | AD44: 3683.7625 | AE44: 3742.8775 | AF44: 3802.1255 | AG44: 3861.4964 | AH44: 3920.9801 | AI44: 3969.0867 | AJ44: 4017.1773 | AK44: 4065.2443 | AL44: 4113.28 | AM44: 4161.2767 | AN44: 4209.2265 | AO44: 4257.1217 | AP44: 4304.9544 | AQ44: 4352.7167 | AR44: 4400.4008
A45: Residential | B45: Others | C45: Electricity | D45: 3485 | E45: 3716.0276 | F45: 3864.0408 | G45: 3971.2619 | H45: 4140.8104 | I45: 4324.4473 | J45: 4516.6381 | K45: 4727.5973 | L45: 4960.2854 | M45: 5218.2018 | N45: 5505.4717 | O45: 5605.1595 | P45: 5806.5187 | Q45: 5933.718 | R45: 6085.7212 | S45: 6244.9617 | T45: 6412.285 | U45: 6588.1474 | V45: 6773.3026 | W45: 6813.1499 | X45: 6910.4825 | Y45: 6997.4141 | Z45: 7094.1214 | AA45: 7191.3229 | AB45: 7288.9952 | AC45: 7387.1176 | AD45: 7485.3369 | AE45: 7583.9646 | AF45: 7682.9819 | AG45: 7782.3747 | AH45: 7882.1347 | AI45: 7962.7447 | AJ45: 8049.6705 | AK45: 8136.75 | AL45: 8223.9861 | AM45: 8311.381 | AN45: 8398.9255 | AO45: 8486.6393 | AP45: 8574.5283 | AQ45: 8662.6028 | AR45: 8750.873
A46: Residential | B46: Lighting | C46: Kerosene | D46: 4
A47: Commercial | B47: Water heating | C47: Natural gas
A48: Commercial | B48: Water heating | C48: LPG
A49: Commercial | B49: Water heating | C49: Electricity
A50: Commercial | B50: Water heating | C50: Solar
A51: Commercial | B51: Cooking | C51: Natural gas
A52: Commercial | B52: Cooking | C52: LPG
A53: Commercial | B53: Cooking | C53: Firewood
A54: Commercial | B54: Cooking | C54: Charcoal
A55: Commercial | B55: Cooking | C55: Electricity
A56: Commercial | B56: Cooking | C56: Solar
A57: Commercial | B57: Climatization | C57: Natural gas
A58: Commercial | B58: Climatization | C58: Electricity | D58: 1262 | E58: 1436 | F58: 1609 | G58: 1783 | H58: 1956 | I58: 2130 | J58: 2303 | K58: 2477 | L58: 2650 | M58: 2824 | N58: 2997 | O58: 3171 | P58: 3345 | Q58: 3518 | R58: 3692 | S58: 3865 | T58: 4039 | U58: 4212 | V58: 4386 | W58: 4559 | X58: 4733 | Y58: 4906 | Z58: 5080 | AA58: 5253 | AB58: 5427 | AC58: 5601 | AD58: 5774 | AE58: 5948 | AF58: 6121 | AG58: 6295 | AH58: 6468 | AI58: 6642 | AJ58: 6815 | AK58: 6989 | AL58: 7162 | AM58: 7336 | AN58: 7509 | AO58: 7683 | AP58: 7857 | AQ58: 8030 | AR58: 8204
A59: Commercial | B59: Climatization | C59: Solar
A60: Commercial | B60: Lighting | C60: Electricity
A61: Commercial | B61: Street lighting | C61: Electricity
A62: Commercial | B62: Cooling | C62: Electricity
A63: Commercial | B63: Others | C63: Electricity
A64: Commercial | B64: Power cogeneration | C64: Natural gas

Sheet commercial-residential-lighting
A1: Notes:
A2: 1. According to MOP's analysis the lighting for commercial sector track the energy demand for commercial building and street lighting;
A3: 2. MOP computes the energy demand in MWh, to convert to BTU we assume the factor: 1 Wh = 3.412128 BTU or 1 MWh = 3412128.220 BTU;
A4: 3412128.2
A6: Figure 112 - Energy Consumption of Public Lighting in the REF Scenario (2010-2050) | I6: Table 69 - Energy Consumption of the Commercial Sector and Services in the REF Scenario (2050 in ktep)
A28: The table below is from the excel file that generated the results for buildings sector.
A30: Commercial | C30: 2010 | D30: 2011 | E30: 2012 | F30: 2013 | G30: 2014 | H30: 2015 | I30: 2016 | J30: 2017 | K30: 2018 | L30: 2019 | M30: 2020 | N30: 2021 | O30: 2022 | P30: 2023 | Q30: 2024 | R30: 2025 | S30: 2026 | T30: 2027 | U30: 2028 | V30: 2029 | W30: 2030 | X30: 2031 | Y30: 2032 | Z30: 2033 | AA30: 2034 | AB30: 2035 | AC30: 2036 | AD30: 2037 | AE30: 2038 | AF30: 2039 | AG30: 2040 | AH30: 2041 | AI30: 2042 | AJ30: 2043 | AK30: 2044 | AL30: 2045 | AM30: 2046 | AN30: 2047 | AO30: 2048 | AP30: 2049 | AQ30: 2050
A31: Total consumption | B31: MWh | C31: 37543097 | D31: 35179381 | E31: 32792513 | F31: 30380304 | G31: 27940762 | H31: 25472062 | I31: 25352523 | J31: 25237069 | K31: 25125539 | L31: 25017780 | M31: 24913647 | N31: 25084365 | O31: 25254708 | P31: 25424601 | Q31: 25593964 | R31: 25762716 | S31: 25961468 | T31: 26159920 | U31: 26357997 | V31: 26555626 | W31: 26752730 | X31: 26935005 | Y31: 27116527 | Z31: 27297224 | AA31: 27477023 | AB31: 27655846 | AC31: 27806611 | AD31: 27956060 | AE31: 28104120 | AF31: 28250720 | AG31: 28395784 | AH31: 28711936 | AI31: 29031760 | AJ31: 29355302 | AK31: 29682604 | AL31: 30013712 | AM31: 30306298 | AN31: 30601887 | AO31: 30900511 | AP31: 31202202 | AQ31: 31506992
A32: CONSUMPTION - INC | B32: MWh
A33: Southeast | C33: 6299517.3 | D33: 5084593.9 | E33: 3847481.6 | F33: 2587881 | G33: 1305489.3 | H33: 0 | I33: 0 | J33: 0 | K33: 0 | L33: 0 | M33: 0 | N33: 0 | O33: 0 | P33: 0 | Q33: 0 | R33: 0 | S33: 0 | T33: 0 | U33: 0 | V33: 0 | W33: 0 | X33: 0 | Y33: 0 | Z33: 0 | AA33: 0 | AB33: 0 | AC33: 0 | AD33: 0 | AE33: 0 | AF33: 0 | AG33: 0 | AH33: 0 | AI33: 0 | AJ33: 0 | AK33: 0 | AL33: 0 | AM33: 0 | AN33: 0 | AO33: 0 | AP33: 0 | AQ33: 0
A34: South | C34: 1915389.1 | D34: 1545987.6 | E34: 1169839.5 | F34: 786853.78 | G34: 396938.35 | H34: 0 | I34: 0 | J34: 0 | K34: 0 | L34: 0 | M34: 0 | N34: 0 | O34: 0 | P34: 0 | Q34: 0 | R34: 0 | S34: 0 | T34: 0 | U34: 0 | V34: 0 | W34: 0 | X34: 0 | Y34: 0 | Z34: 0 | AA34: 0 | AB34: 0 | AC34: 0 | AD34: 0 | AE34: 0 | AF34: 0 | AG34: 0 | AH34: 0 | AI34: 0 | AJ34: 0 | AK34: 0 | AL34: 0 | AM34: 0 | AN34: 0 | AO34: 0 | AP34: 0 | AQ34: 0
A35: Midwest | C35: 986824.99 | D35: 796506.16 | E35: 602711.42 | F35: 405393.87 | G35: 204506.06 | H35: 0 | I35: 0 | J35: 0 | K35: 0 | L35: 0 | M35: 0 | N35: 0 | O35: 0 | P35: 0 | Q35: 0 | R35: 0 | S35: 0 | T35: 0 | U35: 0 | V35: 0 | W35: 0 | X35: 0 | Y35: 0 | Z35: 0 | AA35: 0 | AB35: 0 | AC35: 0 | AD35: 0 | AE35: 0 | AF35: 0 | AG35: 0 | AH35: 0 | AI35: 0 | AJ35: 0 | AK35: 0 | AL35: 0 | AM35: 0 | AN35: 0 | AO35: 0 | AP35: 0 | AQ35: 0
A36: North | C36: 702864.22 | D36: 567310 | E36: 429280.06 | F36: 288741.01 | G36: 145659.05 | H36: 0 | I36: 0 | J36: 0 | K36: 0 | L36: 0 | M36: 0 | N36: 0 | O36: 0 | P36: 0 | Q36: 0 | R36: 0 | S36: 0 | T36: 0 | U36: 0 | V36: 0 | W36: 0 | X36: 0 | Y36: 0 | Z36: 0 | AA36: 0 | AB36: 0 | AC36: 0 | AD36: 0 | AE36: 0 | AF36: 0 | AG36: 0 | AH36: 0 | AI36: 0 | AJ36: 0 | AK36: 0 | AL36: 0 | AM36: 0 | AN36: 0 | AO36: 0 | AP36: 0 | AQ36: 0
A37: Northeast | C37: 1873631 | D37: 1512283 | E37: 1144335.4 | F37: 769699.3 | G37: 388284.55 | H37: 0 | I37: 0 | J37: 0 | K37: 0 | L37: 0 | M37: 0 | N37: 0 | O37: 0 | P37: 0 | Q37: 0 | R37: 0 | S37: 0 | T37: 0 | U37: 0 | V37: 0 | W37: 0 | X37: 0 | Y37: 0 | Z37: 0 | AA37: 0 | AB37: 0 | AC37: 0 | AD37: 0 | AE37: 0 | AF37: 0 | AG37: 0 | AH37: 0 | AI37: 0 | AJ37: 0 | AK37: 0 | AL37: 0 | AM37: 0 | AN37: 0 | AO37: 0 | AP37: 0 | AQ37: 0
A39: CONSUMPTION - FC | B39: MWh
A40: Southeast | C40: 2952898.7 | D40: 3086712.7 | E40: 3216633.6 | F40: 3343023.7 | G40: 3466207.7 | H40: 3586477.3 | I40: 3493393.9 | J40: 3400699.4 | K40: 3308337.7 | L40: 3216255.1 | M40: 3124399.3 | N40: 3082560.7 | O40: 3038217.4 | P40: 2991292.9 | Q40: 2941708.9 | R40: 2889385.3 | S40: 2833351.9 | T40: 2774448.8 | U40: 2712592.2 | V40: 2647696.3 | W40: 2579673.3 | X40: 2505030.6 | Y40: 2427285.2 | Z40: 2346356.2 | AA40: 2262160.6 | AB40: 2174613.8 | AC40: 2080494 | AD40: 1983136.7 | AE40: 1882467.1 | AF40: 1778408.8 | AG40: 1670883.9 | AH40: 1692969.1 | AI40: 1715346.2 | AJ40: 1738019.1 | AK40: 1760991.7 | AL40: 1784267.9 | AM40: 1805238.4 | AN40: 1826455.4 | AO40: 1847921.7 | AP40: 1869640.4 | AQ40: 1891614.2
A41: South | C41: 897838.63 | D41: 938525.21 | E41: 978028.08 | F41: 1016457.4 | G41: 1053911.9 | H41: 1090480.3 | I41: 1062178 | J41: 1033993.9 | K41: 1005911 | L41: 977913 | M41: 949983.94 | N41: 937262.79 | O41: 923780.05 | P41: 909512.5 | Q41: 894436.34 | R41: 878527.15 | S41: 861490.03 | T41: 843580.34 | U41: 824772.63 | V41: 805040.82 | W41: 784358.21 | X41: 761662.84 | Y41: 738024.11 | Z41: 713417.37 | AA41: 687817.42 | AB41: 661198.52 | AC41: 632581.08 | AD41: 602979.28 | AE41: 572370.34 | AF41: 540731.07 | AG41: 508037.77 | AH41: 514752.85 | AI41: 521556.69 | AJ41: 528450.46 | AK41: 535435.35 | AL41: 542512.57 | AM41: 548888.72 | AN41: 555339.81 | AO41: 561866.72 | AP41: 568470.34 | AQ41: 575151.57
A42: Midwest | C42: 462574.22 | D42: 483536.3 | E42: 503888.52 | F42: 523687.64 | G42: 542984.53 | H42: 561824.87 | I42: 547243.27 | J42: 532722.58 | K42: 518254.05 | L42: 503829.23 | M42: 489439.93 | N42: 482885.89 | O42: 475939.46 | P42: 468588.7 | Q42: 460821.33 | R42: 452624.78 | S42: 443847.1 | T42: 434619.88 | U42: 424929.98 | V42: 414763.99 | W42: 404108.13 | X42: 392415.27 | Y42: 380236.39 | Z42: 367558.79 | AA42: 354369.48 | AB42: 340655.19 | AC42: 325911.24 | AD42: 310660.13 | AE42: 294890.15 | AF42: 278589.32 | AG42: 261745.45 | AH42: 265205.12 | AI42: 268710.51 | AJ42: 272262.24 | AK42: 275860.92 | AL42: 279507.16 | AM42: 282792.21 | AN42: 286115.87 | AO42: 289478.59 | AP42: 292880.83 | AQ42: 296323.06
A43: North | C43: 329467.6 | D43: 344397.81 | E43: 358893.63 | F43: 372995.52 | G43: 386739.69 | H43: 400158.69 | I43: 389772.98 | J43: 379430.64 | K43: 369125.46 | L43: 358851.41 | M43: 348602.66 | N43: 343934.55 | O43: 338986.97 | P43: 333751.41 | Q43: 328219.11 | R43: 322381.13 | S43: 316129.25 | T43: 309557.18 | U43: 302655.57 | V43: 295414.86 | W43: 287825.24 | X43: 279497.03 | Y43: 270822.65 | Z43: 261793.05 | AA43: 252398.98 | AB43: 242631.01 | AC43: 232129.66 | AD43: 221267.09 | AE43: 210034.94 | AF43: 198424.71 | AG43: 186427.7 | AH43: 188891.84 | AI43: 191388.55 | AJ43: 193918.26 | AK43: 196481.41 | AL43: 199078.44 | AM43: 201418.21 | AN43: 203785.48 | AO43: 206180.57 | AP43: 208603.81 | AQ43: 211055.53
A44: Northeast | C44: 878264.52 | D44: 918064.09 | E44: 956705.74 | F44: 994297.26 | G44: 1030935.2 | H44: 1066706.3 | I44: 1039021.1 | J44: 1011451.4 | K44: 983980.8 | L44: 956593.17 | M44: 929273 | N44: 916829.18 | O44: 903640.39 | P44: 889683.89 | Q44: 874936.41 | R44: 859374.06 | S44: 842708.37 | T44: 825189.14 | U44: 806791.46 | V44: 787489.84 | W44: 767258.13 | X44: 745057.55 | Y44: 721934.18 | Z44: 697863.9 | AA44: 672822.07 | AB44: 646783.49 | AC44: 618789.95 | AD44: 589833.51 | AE44: 559891.89 | AF44: 528942.39 | AG44: 496961.85 | AH44: 503530.54 | AI44: 510186.05 | AJ44: 516929.52 | AK44: 523762.13 | AL44: 530685.06 | AM44: 536922.2 | AN44: 543232.64 | AO44: 549617.26 | AP44: 556076.91 | AQ44: 562612.48
A46: CONSUMPTION - FT | B46: MWh
A47: Southeast | C47: 10827295 | D47: 10597530 | E47: 10383466 | F47: 10183684 | G47: 9996932 | H47: 9822101 | I47: 9569592.7 | J47: 9317964.4 | K47: 9067070.4 | L47: 8816769.7 | M47: 8566925.9 | N47: 8395083.3 | O47: 8218772.1 | P47: 8037876.6 | Q47: 7852278.7 | R47: 7661858.4 | S47: 7478357.2 | T47: 7289014.1 | U47: 7093691 | V47: 6892246.9 | W47: 6684537.9 | X47: 6468230.6 | Y47: 6245460.4 | Z47: 6016087.3 | AA47: 5779968.9 | AB47: 5536959.7 | AC47: 5282305.4 | AD47: 5020893.4 | AE47: 4752591.8 | AF47: 4477266.3 | AG47: 4194780.6 | AH47: 4240182.7 | AI47: 4286100.1 | AJ47: 4332538.9 | AK47: 4379505 | AL47: 4427004.6 | AM47: 4469971.3 | AN47: 4513373.4 | AO47: 4557215.6 | AP47: 4601502.3 | AQ47: 4646238.2
A48: South | C48: 3292075 | D48: 3222214.1 | E48: 3157127.3 | F48: 3096382.9 | G48: 3039600.3 | H48: 2986442.3 | I48: 2909666.3 | J48: 2833157.9 | K48: 2756872.7 | L48: 2680768 | M48: 2604802.2 | N48: 2552552.9 | O48: 2498944.9 | P48: 2443943 | Q48: 2387511.3 | R48: 2329613.4 | S48: 2273819.2 | T48: 2216248.9 | U48: 2156860.2 | V48: 2095610.5 | W48: 2032455.9 | X48: 1966686.9 | Y48: 1898952.9 | Z48: 1829211.3 | AA48: 1757418.7 | AB48: 1683530.9 | AC48: 1606102.4 | AD48: 1526619.3 | AE48: 1445041.2 | AF48: 1361327.6 | AG48: 1275436.9 | AH48: 1289241.6 | AI48: 1303202.9 | AJ48: 1317322.8 | AK48: 1331603 | AL48: 1346045.4 | AM48: 1359109.6 | AN48: 1372306.1 | AO48: 1385636.5 | AP48: 1399102 | AQ48: 1412704.1
A49: Midwest | C49: 1696105.5 | D49: 1660112.5 | E49: 1626579.3 | F49: 1595283.2 | G49: 1566028.3 | H49: 1538640.9 | I49: 1499085.2 | J49: 1459667.4 | K49: 1420364.7 | L49: 1381154.8 | M49: 1342016.6 | N49: 1315097.3 | O49: 1287478 | P49: 1259140.5 | Q49: 1230066.4 | R49: 1200236.9 | S49: 1171491.3 | T49: 1141830.6 | U49: 1111233 | V49: 1079676.6 | W49: 1047138.8 | X49: 1013254.1 | Y49: 978356.93 | Z49: 942425.44 | AA49: 905437.28 | AB49: 867369.67 | AC49: 827477.85 | AD49: 786527.43 | AE49: 744497.73 | AF49: 701367.76 | AG49: 657116.12 | AH49: 664228.4 | AI49: 671421.41 | AJ49: 678696.08 | AK49: 686053.36 | AL49: 693494.22 | AM49: 700224.99 | AN49: 707023.97 | AO49: 713891.88 | AP49: 720829.44 | AQ49: 727837.36
A50: North | C50: 1208047.9 | D50: 1182412 | E50: 1158528 | F50: 1136237.4 | G50: 1115400.7 | H50: 1095894 | I50: 1067720.6 | J50: 1039645.3 | K50: 1011652 | L50: 983724.9 | M50: 955848.75 | N50: 936675.53 | O50: 917003.73 | P50: 896820.44 | Q50: 876112.48 | R50: 854866.48 | S50: 834392.45 | T50: 813266.64 | U50: 791473.6 | V50: 768997.62 | W50: 745822.63 | X50: 721688.29 | Y50: 696832.86 | Z50: 671240.72 | AA50: 644895.97 | AB50: 617782.39 | AC50: 589369.52 | AD50: 560202.66 | AE50: 530267.09 | AF50: 499547.85 | AG50: 468029.7 | AH50: 473095.41 | AI50: 478218.62 | AJ50: 483399.99 | AK50: 488640.2 | AL50: 493939.94 | AM50: 498733.91 | AN50: 503576.48 | AO50: 508468.13 | AP50: 513409.39 | AQ50: 518400.77
A51: Northeast | C51: 3220303.2 | D51: 3151965.4 | E51: 3088297.7 | F51: 3028877.6 | G51: 2973332.8 | H51: 2921333.8 | I51: 2846231.6 | J51: 2771391.2 | K51: 2696769.2 | L51: 2622323.6 | M51: 2548013.9 | N51: 2496903.7 | O51: 2444464.5 | P51: 2390661.7 | Q51: 2335460.3 | R51: 2278824.7 | S51: 2224246.9 | T51: 2167931.6 | U51: 2109837.7 | V51: 2049923.3 | W51: 1988145.6 | X51: 1923810.5 | Y51: 1857553.1 | Z51: 1789332 | AA51: 1719104.5 | AB51: 1646827.6 | AC51: 1571087.2 | AD51: 1493336.9 | AE51: 1413537.4 | AF51: 1331648.8 | AG51: 1247630.7 | AH51: 1261134.4 | AI51: 1274791.3 | AJ51: 1288603.4 | AK51: 1302572.2 | AL51: 1316699.8 | AM51: 1329479.1 | AN51: 1342388 | AO51: 1355427.7 | AP51: 1368599.7 | AQ51: 1381905.2
A53: CONSUMPTION - LED | B53: MWh
A54: Southeast | C54: 0 | D54: 46654.529 | E54: 91306.811 | F54: 134142.95 | G54: 175328.02 | H54: 215008.98 | I54: 496665.89 | J54: 779238.58 | K54: 1062842.9 | L54: 1347592 | M54: 1633596.7 | N54: 1938585.3 | O54: 2250347.1 | P54: 2569033.4 | Q54: 2894798 | R54: 3227797.8 | S54: 3573634.2 | T54: 3928020.9 | U54: 4291141.2 | V54: 4663181.9 | W54: 5044333.8 | X54: 5432772.8 | Y54: 5830374.4 | Z54: 6237321.2 | AA54: 6653799.3 | AB54: 7079998 | AC54: 7509408 | AD54: 7948108.9 | AE54: 8396269.4 | AF54: 8854061.1 | AG54: 9321658.8 | AH54: 9423263.2 | AI54: 9526025 | AJ54: 9629957.6 | AK54: 9735074.7 | AL54: 9841389.9 | AM54: 9933940.6 | AN54: 10027416 | AO54: 10121825 | AP54: 10217177 | AQ54: 10313483
A55: South | C55: 0 | D55: 14185.464 | E55: 27762.138 | F55: 40786.607 | G55: 53309.063 | H55: 65374.191 | I55: 151012.91 | J55: 236930.07 | K55: 323160.9 | L55: 409739.82 | M55: 496700.48 | N55: 589433.27 | O55: 684225.49 | P55: 781123.11 | Q55: 880172.92 | R55: 981422.6 | S55: 1086575.3 | T55: 1194327.8 | U55: 1304735.7 | V55: 1417855.9 | W55: 1533746.4 | X55: 1651852.5 | Y55: 1772744.6 | Z55: 1896478.2 | AA55: 2023109.7 | AB55: 2152696.8 | AC55: 2283260.4 | AD55: 2416648.8 | AE55: 2552913.5 | AF55: 2692106.6 | AG55: 2834281.2 | AH55: 2865174.4 | AI55: 2896419.4 | AJ55: 2928020.5 | AK55: 2959981.7 | AL55: 2992307.2 | AM55: 3020447.5 | AN55: 3048868.9 | AO55: 3077574.3 | AP55: 3106566.5 | AQ55: 3135848.5
A56: Midwest | C56: 0 | D56: 7308.4735 | E56: 14303.293 | F56: 21013.612 | G56: 27465.29 | H56: 33681.348 | I56: 77803.155 | J56: 122068.42 | K56: 166495.29 | L56: 211101.49 | M56: 255904.38 | N56: 303681.11 | O56: 352518.89 | P56: 402441.37 | Q56: 453472.69 | R56: 505637.4 | S56: 559812.99 | T56: 615327.97 | U56: 672211.09 | V56: 730491.61 | W56: 790199.39 | X56: 851048.69 | Y56: 913333.34 | Z56: 977081.93 | AA56: 1042323.6 | AB56: 1109088 | AC56: 1176355.5 | AD56: 1245078.3 | AE56: 1315283.1 | AF56: 1386996.6 | AG56: 1460246.1 | AH56: 1476162.6 | AI56: 1492260.3 | AJ56: 1508541.4 | AK56: 1525008.1 | AL56: 1541662.5 | AM56: 1556160.6 | AN56: 1570803.6 | AO56: 1585592.9 | AP56: 1600529.9 | AQ56: 1615616.2
A57: North | C57: 0 | D57: 5205.4463 | E57: 10187.493 | F57: 14966.905 | G57: 19562.1 | H57: 23989.476 | I57: 55415.149 | J57: 86942.998 | K57: 118585.95 | L57: 150356.64 | M57: 182267.4 | N57: 216296.29 | O57: 251080.9 | P57: 286638.1 | Q57: 322985.06 | R57: 360139.28 | S57: 398725.73 | T57: 438266.18 | U57: 478781.06 | V57: 520291.25 | W57: 562818.01 | X57: 606157.81 | Y57: 650519.93 | Z57: 695924.74 | AA57: 742392.99 | AB57: 789945.81 | AC57: 837856.93 | AD57: 886804.67 | AE57: 936807.86 | AF57: 987885.66 | AG57: 1040057.5 | AH57: 1051394 | AI57: 1062859.6 | AJ57: 1074455.8 | AK57: 1086184.1 | AL57: 1098046.2 | AM57: 1108372.5 | AN57: 1118801.9 | AO57: 1129335.5 | AP57: 1139974.4 | AQ57: 1150719.6
A58: Northeast | C58: 0 | D58: 13876.201 | E58: 27156.886 | F58: 39897.403 | G58: 52146.853 | H58: 63948.944 | I58: 147720.62 | J58: 231764.67 | K58: 316115.55 | L58: 400806.93 | M58: 485871.73 | N58: 576582.82 | O58: 669308.45 | P58: 764093.56 | Q58: 860983.96 | R58: 960026.25 | S58: 1062886.5 | T58: 1168289.8 | U58: 1276290.7 | V58: 1386944.7 | W58: 1500308.6 | X58: 1615839.9 | Y58: 1734096.4 | Z58: 1855132.3 | AA58: 1979003.1 | AB58: 2105765.1 | AC58: 2233482.2 | AD58: 2363962.6 | AE58: 2497256.5 | AF58: 2633415 | AG58: 2772490 | AH58: 2802709.7 | AI58: 2833273.5 | AJ58: 2864185.6 | AK58: 2895450 | AL58: 2927070.8 | AM58: 2954597.6 | AN58: 2982399.4 | AO58: 3010479 | AP58: 3038839.1 | AQ58: 3067482.7
A60: Street Lighting
A61: TOTAL CONSUMPTION | B61: MWh | C61: 12804741 | D61: 13101128 | E61: 13073554 | F61: 12730026 | G61: 12615503 | H61: 12488258 | I61: 12348343 | J61: 12371182 | K61: 12387389 | L61: 12396936 | M61: 12399798 | N61: 12384013 | O61: 12485791 | P61: 12585019 | Q61: 12681694 | R61: 12775807 | S61: 12867311 | T61: 13015877 | U61: 13163570 | V61: 13310387 | W61: 13456328 | X61: 13572451 | Y61: 13687690 | Z61: 13802043 | AA61: 13915511 | AB61: 14028093 | AC61: 14139791 | AD61: 14126033 | AE61: 14108734 | AF61: 14087894 | AG61: 14063514 | AH61: 13995115 | AI61: 13837201 | AJ61: 13675474 | AK61: 13509934 | AL61: 13340581 | AM61: 13167416 | AN61: 13260890 | AO61: 13354364 | AP61: 13447838 | AQ61: 13541312
A62: Southeast | C62: 5840598.2 | D62: 5956761.2 | E62: 5928246.5 | F62: 5772299.7 | G62: 5705061.4 | H62: 5632800.7 | I62: 5555624.7 | J62: 5552236.1 | K62: 5546094.8 | L62: 5537127.1 | M62: 5525286.3 | N62: 5505877.2 | O62: 5538509.9 | P62: 5569665.6 | Q62: 5599278.1 | R62: 5627275.2 | S62: 5653500 | T62: 5703985.7 | U62: 5753122.9 | V62: 5800746.9 | W62: 5846624.2 | X62: 5897078.5 | Y62: 5947148.3 | Z62: 5996833.4 | AA62: 6046134 | AB62: 6095049.9 | AC62: 6143581.3 | AD62: 6137603.5 | AE62: 6130087.3 | AF62: 6121032.8 | AG62: 6110439.8 | AH62: 6080721.2 | AI62: 6012109.2 | AJ62: 5941840.6 | AK62: 5869915.3 | AL62: 5796333.5 | AM62: 5721095.1 | AN62: 5761708.6 | AO62: 5802322.1 | AP62: 5842935.5 | AQ62: 5883549
A63: South | C63: 2154584.3 | D63: 2194636.7 | E63: 2192423 | F63: 2134739 | G63: 2109044.6 | H63: 2081619.6 | I63: 2052683.7 | J63: 2051326.1 | K63: 2049079.6 | L63: 2045924.9 | M63: 2041837.7 | N63: 2034904 | O63: 2047179.1 | P63: 2059071.7 | Q63: 2070558.6 | R63: 2081605.4 | S63: 2091996.5 | T63: 2111364.4 | U63: 2130428 | V63: 2149132.2 | W63: 2167412.3 | X63: 2186116.3 | Y63: 2204677.7 | Z63: 2223096.6 | AA63: 2241372.9 | AB63: 2259506.6 | AC63: 2277497.8 | AD63: 2275281.7 | AE63: 2272495.4 | AF63: 2269138.8 | AG63: 2265211.8 | AH63: 2254194.8 | AI63: 2228759.5 | AJ63: 2202710.1 | AK63: 2176046.6 | AL63: 2148768.9 | AM63: 2120877.2 | AN63: 2135933.1 | AO63: 2150989 | AP63: 2166044.9 | AQ63: 2181100.8
A64: Midwest | C64: 1346223.1 | D64: 1391842.8 | E64: 1388053.5 | F64: 1351766.5 | G64: 1356547.3 | H64: 1359597.5 | I64: 1360829.2 | J64: 1379800.4 | K64: 1398133.1 | L64: 1415808 | M64: 1432806.6 | N64: 1446851.4 | O64: 1475014.5 | P64: 1503379.6 | Q64: 1531995.9 | R64: 1560912.3 | S64: 1590244.3 | T64: 1627553.3 | U64: 1665814.5 | V64: 1705168 | W64: 1745803.9 | X64: 1760869.6 | Y64: 1775820.4 | Z64: 1790656.4 | AA64: 1805377.6 | AB64: 1819983.9 | AC64: 1834475.4 | AD64: 1832690.4 | AE64: 1830446.1 | AF64: 1827742.4 | AG64: 1824579.3 | AH64: 1815705.3 | AI64: 1795217.8 | AJ64: 1774235.5 | AK64: 1752758.6 | AL64: 1730787.1 | AM64: 1708320.8 | AN64: 1720448 | AO64: 1732575.2 | AP64: 1744702.5 | AQ64: 1756829.7
A65: North | C65: 697158.3 | D65: 714857.55 | E65: 717327.34 | F65: 698613.22 | G65: 704332.13 | H65: 708842.32 | I65: 712051.26 | J65: 724199.18 | K65: 735739.54 | L65: 746689.36 | M65: 757057.9 | N65: 765589.7 | O65: 781425.45 | P65: 797235.13 | Q65: 813065.35 | R65: 828960.63 | S65: 845008.69 | T65: 865251.62 | U65: 885976.57 | V65: 907286.19 | W65: 929301.14 | X65: 937320.68 | Y65: 945279.1 | Z65: 953176.38 | AA65: 961012.54 | AB65: 968787.56 | AC65: 976501.46 | AD65: 975551.31 | AE65: 974356.64 | AF65: 972917.45 | AG65: 971233.74 | AH65: 966510.06 | AI65: 955604.42 | AJ65: 944435.46 | AK65: 933003.18 | AL65: 921307.6 | AM65: 909348.71 | AN65: 915804.08 | AO65: 922259.46 | AP65: 928714.84 | AQ65: 935170.22
A66: Northeast | C66: 2766177 | D66: 2843030.1 | E66: 2847503.6 | F66: 2772607.7 | G66: 2740517.6 | H66: 2705398.3 | I66: 2667153.9 | J66: 2663620.3 | K66: 2658342.4 | L66: 2651386.6 | M66: 2642809.4 | N66: 2630790.7 | O66: 2643661.7 | P66: 2655667.1 | Q66: 2666796.2 | R66: 2677054 | S66: 2686561.7 | T66: 2707722.3 | U66: 2728227.9 | V66: 2748053.3 | W66: 2767186.4 | X66: 2791066.2 | Y66: 2814764.1 | Z66: 2838279.9 | AA66: 2861613.6 | AB66: 2884765.4 | AC66: 2907735.1 | AD66: 2904905.8 | AE66: 2901348.5 | AF66: 2897063 | AG66: 2892049.4 | AH66: 2877983.6 | AI66: 2845509.8 | AJ66: 2812251.9 | AK66: 2778210 | AL66: 2743384 | AM66: 2707773.9 | AN66: 2726996.1 | AO66: 2746218.3 | AP66: 2765440.5 | AQ66: 2784662.8

Sheet commercial-residential-appl
A1: Notes:
A2: 1. Appliances represent equipaments to water heating and cooking;
A3: 2. MOP computes the electric demand in MWh, to convert to BTU we assume the factor: 1 Wh = 3.412128 BTU or 1 MWh = 3412128.220 BTU;
A4: 3. MOP computes the fuel demand in tep, to convert to BTU we assume the factor: 1 tep = 3,968e+7 BTU.
A5: 3412128.2 | B5: MWh/BTU
A6: 39683051 | B6: TEP/BTU
A8: Table 69 - Energy Consumption of the Commercial Sector and Services in the REF Scenario (2050 in ktep)
A29: The table below is from the excel file that generated the results for buildings sector.
A30: ELECTRIC COOKING - SERVICES | C30: 2010 | D30: 2011 | E30: 2012 | F30: 2013 | G30: 2014 | H30: 2015 | I30: 2016 | J30: 2017 | K30: 2018 | L30: 2019 | M30: 2020 | N30: 2021 | O30: 2022 | P30: 2023 | Q30: 2024 | R30: 2025 | S30: 2026 | T30: 2027 | U30: 2028 | V30: 2029 | W30: 2030 | X30: 2031 | Y30: 2032 | Z30: 2033 | AA30: 2034 | AB30: 2035 | AC30: 2036 | AD30: 2037 | AE30: 2038 | AF30: 2039 | AG30: 2040 | AH30: 2041 | AI30: 2042 | AJ30: 2043 | AK30: 2044 | AL30: 2045 | AM30: 2046 | AN30: 2047 | AO30: 2048 | AP30: 2049 | AQ30: 2050
A31: CONSUMPTION | B31: MWh | C31: 598171.78 | D31: 603510.65 | E31: 608897.16 | F31: 614331.75 | G31: 619814.85 | H31: 625346.89 | I31: 633693.68 | J31: 642151.88 | K31: 650722.97 | L31: 659408.47 | M31: 668209.89 | N31: 680190.9 | O31: 692386.73 | P31: 704801.23 | Q31: 717438.33 | R31: 730302 | S31: 743163.51 | T31: 756251.53 | U31: 769570.04 | V31: 783123.11 | W31: 796914.86 | X31: 809849.48 | Y31: 822994.03 | Z31: 836351.93 | AA31: 849926.64 | AB31: 863721.68 | AC31: 876419.95 | AD31: 889304.9 | AE31: 902379.29 | AF31: 915645.89 | AG31: 929107.54 | AH31: 941388.19 | AI31: 953831.16 | AJ31: 966438.6 | AK31: 901569.33 | AL31: 992155.6 | AM31: 1003816.4 | AN31: 1015614.3 | AO31: 1027550.8 | AP31: 1039627.6 | AQ31: 1051846.3
A32: Southeast | C32: 329963.19 | D32: 332908.21 | E32: 335879.51 | F32: 338877.34 | G32: 341901.92 | H32: 344953.5 | I32: 349557.75 | J32: 354223.46 | K32: 358951.44 | L32: 363742.53 | M32: 368597.57 | N32: 375206.53 | O32: 381933.98 | P32: 388782.06 | Q32: 395752.93 | R32: 402848.78 | S32: 409943.44 | T32: 417163.05 | U32: 424509.8 | V32: 431985.93 | W32: 439593.73 | X32: 446728.72 | Y32: 453979.51 | Z32: 461347.99 | AA32: 468836.06 | AB32: 476445.67 | AC32: 483450.28 | AD32: 490557.88 | AE32: 497769.96 | AF32: 505088.08 | AG32: 512513.78 | AH32: 519288.03 | AI32: 526151.81 | AJ32: 533106.32 | AK32: 540152.75 | AL32: 547292.32 | AM32: 553724.65 | AN32: 560232.57 | AO32: 566816.99 | AP32: 573478.79 | AQ32: 580218.88
A33: South | C33: 101459.04 | D33: 102364.59 | E33: 103278.23 | F33: 104200.02 | G33: 105130.04 | H33: 106068.35 | I33: 107484.1 | J33: 108918.74 | K33: 110372.52 | L33: 111845.72 | M33: 113338.57 | N33: 115370.73 | O33: 117439.33 | P33: 119545.02 | Q33: 121688.46 | R33: 123870.34 | S33: 126051.85 | T33: 128271.77 | U33: 130530.8 | V33: 132829.6 | W33: 135168.89 | X33: 137362.8 | Y33: 139592.32 | Z33: 141858.02 | AA33: 144160.5 | AB33: 146500.35 | AC33: 148654.17 | AD33: 150839.65 | AE33: 153057.27 | AF33: 155307.49 | AG33: 157590.79 | AH33: 159673.77 | AI33: 161784.29 | AJ33: 163922.7 | AK33: 166089.38 | AL33: 168284.7 | AM33: 170262.55 | AN33: 172263.64 | AO33: 174288.26 | AP33: 176336.67 | AQ33: 178409.15
A34: Midwest | C34: 47441.113 | D34: 47864.539 | E34: 48291.745 | F34: 48722.763 | G34: 49157.628 | H34: 49596.375 | I34: 50258.361 | J34: 50929.182 | K34: 51608.957 | L34: 52297.805 | M34: 52995.848 | N34: 53946.064 | O34: 54913.318 | P34: 55897.914 | Q34: 56900.164 | R34: 57920.385 | S34: 58940.433 | T34: 59978.446 | U34: 61034.74 | V34: 62109.636 | W34: 63203.463 | X34: 64229.309 | Y34: 65271.806 | Z34: 66331.224 | AA34: 67407.836 | AB34: 68501.923 | AC34: 69509.025 | AD34: 70530.933 | AE34: 71567.865 | AF34: 72620.042 | AG34: 73687.688 | AH34: 74661.668 | AI34: 75648.523 | AJ34: 76648.421 | AK34: 18.181818 | AL34: 78688.041 | AM34: 79612.862 | AN34: 80548.552 | AO34: 81495.239 | AP34: 82453.052 | AQ34: 83422.123
A35: North | C35: 30182.451 | D35: 30451.838 | E35: 30723.63 | F35: 30997.848 | G35: 31274.513 | H35: 31553.647 | I35: 31974.808 | J35: 32401.591 | K35: 32834.07 | L35: 33272.321 | M35: 33716.422 | N35: 34320.958 | O35: 34936.333 | P35: 35562.742 | Q35: 36200.382 | R35: 36849.455 | S35: 37498.419 | T35: 38158.812 | U35: 38830.835 | V35: 39514.694 | W35: 40210.596 | X35: 40863.248 | Y35: 41526.494 | Z35: 42200.504 | AA35: 42885.455 | AB35: 43581.523 | AC35: 44222.25 | AD35: 44872.397 | AE35: 45532.102 | AF35: 46201.506 | AG35: 46880.751 | AH35: 47500.406 | AI35: 48128.252 | AJ35: 48764.396 | AK35: 49408.948 | AL35: 50062.02 | AM35: 50650.399 | AN35: 51245.693 | AO35: 51847.984 | AP35: 52457.353 | AQ35: 53073.884
A36: Northeast | C36: 89125.991 | D36: 89921.468 | E36: 90724.044 | F36: 91533.784 | G36: 92350.75 | H36: 93175.009 | I36: 94418.658 | J36: 95678.907 | K36: 96955.978 | L36: 98250.093 | M36: 99561.482 | N36: 101346.62 | O36: 103163.77 | P36: 105013.49 | Q36: 106896.39 | R36: 108813.04 | S36: 110729.37 | T36: 112679.45 | U36: 114663.87 | V36: 116683.24 | W36: 118738.18 | X36: 120665.4 | Y36: 122623.9 | Z36: 124614.19 | AA36: 126636.79 | AB36: 128692.21 | AC36: 130584.22 | AD36: 132504.05 | AE36: 134452.09 | AF36: 136428.78 | AG36: 138434.53 | AH36: 140264.32 | AI36: 142118.29 | AJ36: 143996.76 | AK36: 145900.06 | AL36: 147828.52 | AM36: 149565.95 | AN36: 151323.8 | AO36: 153102.31 | AP36: 154901.72 | AQ36: 156722.28
A38: ELECTRIC HEATING - SERVICES | C38: 2010 | D38: 2011 | E38: 2012 | F38: 2013 | G38: 2014 | H38: 2015 | I38: 2016 | J38: 2017 | K38: 2018 | L38: 2019 | M38: 2020 | N38: 2021 | O38: 2022 | P38: 2023 | Q38: 2024 | R38: 2025 | S38: 2026 | T38: 2027 | U38: 2028 | V38: 2029 | W38: 2030 | X38: 2031 | Y38: 2032 | Z38: 2033 | AA38: 2034 | AB38: 2035 | AC38: 2036 | AD38: 2037 | AE38: 2038 | AF38: 2039 | AG38: 2040 | AH38: 2041 | AI38: 2042 | AJ38: 2043 | AK38: 2044 | AL38: 2045 | AM38: 2046 | AN38: 2047 | AO38: 2048 | AP38: 2049 | AQ38: 2050
A39: CONSUMPTION | B39: MWh | C39: 1621937.4 | D39: 1636413.7 | E39: 1651019.1 | F39: 1665755 | G39: 1680622.4 | H39: 1695622.4 | I39: 1718254.7 | J39: 1741189 | K39: 1764429.5 | L39: 1787980.1 | M39: 1811845.1 | N39: 1844331.5 | O39: 1877400.4 | P39: 1911062.2 | Q39: 1945327.5 | R39: 1980207.3 | S39: 2015081.1 | T39: 2050569.2 | U39: 2086682.2 | V39: 2123431.2 | W39: 2160827.4 | X39: 2195899.5 | Y39: 2231540.9 | Z39: 2267760.7 | AA39: 2304568.4 | AB39: 2341973.5 | AC39: 2376404.8 | AD39: 2411342.2 | AE39: 2446793.3 | AF39: 2482765.6 | AG39: 2519266.7 | AH39: 2552565.6 | AI39: 2586304.6 | AJ39: 2620489.5 | AK39: 2655126.3 | AL39: 2690221 | AM39: 2721839.1 | AN39: 2753828.9 | AO39: 2786194.6 | AP39: 2818940.8 | AQ39: 2852071.8
A40: Southeast | C40: 857467.02 | D40: 865120.18 | E40: 872841.64 | F40: 880632.01 | G40: 888491.92 | H40: 896421.98 | I40: 908386.93 | J40: 920511.59 | K40: 932798.08 | L40: 945248.56 | M40: 957865.23 | N40: 975039.76 | O40: 992522.23 | P40: 1010318.2 | Q40: 1028433.2 | R40: 1046873 | S40: 1065309.7 | T40: 1084071.1 | U40: 1103162.9 | V40: 1122591 | W40: 1142361.2 | X40: 1160902.7 | Y40: 1179745.1 | Z40: 1198893.4 | AA40: 1218352.5 | AB40: 1238127.4 | AC40: 1256330.1 | AD40: 1274800.4 | AE40: 1293542.3 | AF40: 1312559.7 | AG40: 1331856.7 | AH40: 1349460.7 | AI40: 1367297.5 | AJ40: 1385370 | AK40: 1403681.4 | AL40: 1422234.8 | AM40: 1438950.3 | AN40: 1455862.3 | AO40: 1472973 | AP40: 1490284.9 | AQ40: 1507800.2
A41: South | C41: 259585.02 | D41: 261901.89 | E41: 264239.44 | F41: 266597.86 | G41: 268977.33 | H41: 271378.03 | I41: 275000.24 | J41: 278670.79 | K41: 282390.34 | L41: 286159.53 | M41: 289979.04 | N41: 295178.36 | O41: 300470.91 | P41: 305858.36 | Q41: 311342.4 | R41: 316924.77 | S41: 322506.21 | T41: 328185.93 | U41: 333965.69 | V41: 339847.23 | W41: 345832.36 | X41: 351445.51 | Y41: 357149.78 | Z41: 362946.62 | AA41: 368837.56 | AB41: 374824.11 | AC41: 380334.7 | AD41: 385926.31 | AE41: 391600.12 | AF41: 397357.35 | AG41: 403199.22 | AH41: 408528.58 | AI41: 413928.38 | AJ41: 419399.56 | AK41: 424943.05 | AL41: 430559.81 | AM41: 435620.18 | AN41: 440740.02 | AO41: 445920.04 | AP41: 451160.94 | AQ41: 456463.43
A42: Midwest | C42: 138563.48 | D42: 139800.2 | E42: 141047.96 | F42: 142306.86 | G42: 143576.99 | H42: 144858.46 | I42: 146791.95 | J42: 148751.25 | K42: 150736.7 | L42: 152748.65 | M42: 154787.46 | N42: 157562.8 | O42: 160387.9 | P42: 163263.66 | Q42: 166190.98 | R42: 169170.78 | S42: 172150.09 | T42: 175181.86 | U42: 178267.03 | V42: 181406.53 | W42: 184601.32 | X42: 187597.56 | Y42: 190642.43 | Z42: 193736.72 | AA42: 196881.23 | AB42: 200076.78 | AC42: 203018.27 | AD42: 206003.01 | AE42: 209031.62 | AF42: 212104.76 | AG42: 215223.09 | AH42: 218067.84 | AI42: 220950.19 | AJ42: 223870.64 | AK42: 226829.69 | AL42: 229827.85 | AM42: 232529.02 | AN42: 235261.93 | AO42: 238026.97 | AP42: 240824.5 | AQ42: 243654.91
A43: North | C43: 102292.68 | D43: 103205.67 | E43: 104126.82 | F43: 105056.18 | G43: 105993.84 | H43: 106939.86 | I43: 108367.24 | J43: 109813.67 | K43: 111279.4 | L43: 112764.7 | M43: 114269.82 | N43: 116318.68 | O43: 118404.27 | P43: 120527.26 | Q43: 122688.32 | R43: 124888.12 | S43: 127087.55 | T43: 129325.72 | U43: 131603.3 | V43: 133921 | W43: 136279.51 | X43: 138491.44 | Y43: 140739.28 | Z43: 143023.6 | AA43: 145344.99 | AB43: 147704.07 | AC43: 149875.58 | AD43: 152079.03 | AE43: 154314.86 | AF43: 156583.57 | AG43: 158885.63 | AH43: 160985.73 | AI43: 163113.59 | AJ43: 165269.57 | AK43: 167454.05 | AL43: 169667.41 | AM43: 171661.51 | AN43: 173679.05 | AO43: 175720.3 | AP43: 177785.54 | AQ43: 179875.05
A44: Northeast | C44: 264029.17 | D44: 266385.71 | E44: 268763.29 | F44: 271162.08 | G44: 273582.28 | H44: 276024.09 | I44: 279708.31 | J44: 283441.7 | K44: 287224.93 | L44: 291058.65 | M44: 294943.55 | N44: 300231.89 | O44: 305615.05 | P44: 311094.73 | Q44: 316672.66 | R44: 322350.6 | S44: 328027.59 | T44: 333804.56 | U44: 339683.26 | V44: 345665.5 | W44: 351753.09 | X44: 357462.35 | Y44: 363264.27 | Z44: 369160.36 | AA44: 375152.15 | AB44: 381241.19 | AC44: 386846.12 | AD44: 392533.46 | AE44: 398304.41 | AF44: 404160.2 | AG44: 410102.09 | AH44: 415522.69 | AI44: 421014.93 | AJ44: 426579.78 | AK44: 432218.17 | AL44: 437931.1 | AM44: 443078.1 | AN44: 448285.6 | AO44: 453554.3 | AP44: 458884.92 | AQ44: 464278.2
A46: FUEL COOKING - SERVICES | C46: 2010 | D46: 2011 | E46: 2012 | F46: 2013 | G46: 2014 | H46: 2015 | I46: 2016 | J46: 2017 | K46: 2018 | L46: 2019 | M46: 2020 | N46: 2021 | O46: 2022 | P46: 2023 | Q46: 2024 | R46: 2025 | S46: 2026 | T46: 2027 | U46: 2028 | V46: 2029 | W46: 2030 | X46: 2031 | Y46: 2032 | Z46: 2033 | AA46: 2034 | AB46: 2035 | AC46: 2036 | AD46: 2037 | AE46: 2038 | AF46: 2039 | AG46: 2040 | AH46: 2041 | AI46: 2042 | AJ46: 2043 | AK46: 2044 | AL46: 2045 | AM46: 2046 | AN46: 2047 | AO46: 2048 | AP46: 2049 | AQ46: 2050
A47: CONSUMPTION | B47: tep
A48: Natural gas | C48: 135882.84 | D48: 135919.41 | E48: 135966 | F48: 136022.45 | G48: 136088.6 | H48: 136164.31 | I48: 161841.27 | J48: 187784.85 | K48: 214002.04 | L48: 240499.83 | M48: =C48+C48*$B$77 -> 137245.02 | N48: =M48+M48*$B$77 -> 138620.86 | O48: =N48+N48*$B$77 -> 140010.49 | P48: =O48+O48*$B$77 -> 141414.05 | Q48: =P48+P48*$B$77 -> 142831.68 | R48: =Q48+Q48*$B$77 -> 144263.52 | S48: =R48+R48*$B$77 -> 145709.72 | T48: =S48+S48*$B$77 -> 147170.41 | U48: =T48+T48*$B$77 -> 148645.74 | ... AQ48: =AP48+AP48*$B$77 -> 185121.19
A49: LPG | C49: 370177.52 | D49: 370277.14 | E49: 370404.06 | F49: 370557.84 | G49: 370738.05 | H49: 370944.31 | I49: 369607.64 | J49: 368273.19 | K49: 366940.07 | L49: 365607.44 | M49: =L49+L49*$B$67 -> 369586.96 | N49: =M49+M49*$B$67 -> 373609.8 | O49: =N49+N49*$B$67 -> 377676.42 | P49: =O49+O49*$B$67 -> 381787.31 | Q49: =P49+P49*$B$67 -> 385942.94 | R49: =Q49+Q49*$B$67 -> 390143.81 | S49: =R49+R49*$B$67 -> 394390.4 | T49: =S49+S49*$B$67 -> 398683.22 | ... AQ49: =AP49+AP49*$B$67 -> 511405.21
A50: Charcoal (biomass) | C50: 79160.554 | D50: 79188.329 | E50: 79221.835 | F50: 79260.985 | G50: 79305.691 | H50: 79355.873 | I50: 63807.612 | J50: 48102.322 | K50: 32235.579 | L50: 16202.951 | M50: =(H50+H50*$B$60) -> 79394.995 | N50: =(M50+M50*$B$60) -> 79434.136 | O50: =(N50+N50*$B$60) -> 79473.296 | P50: =(O50+O50*$B$60) -> 79512.475 | Q50: =(P50+P50*$B$60) -> 79551.674 | R50: =(Q50+Q50*$B$60) -> 79590.892 | S50: =(R50+R50*$B$60) -> 79630.13 | T50: =(S50+S50*$B$60) -> 79669.386 | U50: =(T50+T50*$B$60) -> 79708.663 | ... AQ50: =(AP50+AP50*$B$60) -> 80577.654
A51: Firewood (biomass) | C51: 81635.795 | D51: 81664.438 | E51: 81698.992 | F51: 81739.365 | G51: 81785.47 | H51: 81837.221 | I51: 65802.787 | J51: 49606.415 | K51: 33243.541 | L51: 16709.595 | M51: =H51+H51*$B$60 -> 81877.566 | N51: =(M51+M51*$B$61) -> 81917.931 | O51: =(N51+N51*$B$61) -> 81958.315 | P51: =(O51+O51*$B$61) -> 81998.72 | Q51: =(P51+P51*$B$61) -> 82039.144 | R51: =(Q51+Q51*$B$61) -> 82079.589 | S51: =(R51+R51*$B$61) -> 82120.053 | T51: =(S51+S51*$B$61) -> 82160.538 | U51: =(T51+T51*$B$61) -> 82201.042 | ... AQ51: =(AP51+AP51*$B$61) -> 83097.205
A53: FUEL HEATING - SERVICES | C53: 2010 | D53: 2011 | E53: 2012 | F53: 2013 | G53: 2014 | H53: 2015 | I53: 2016 | J53: 2017 | K53: 2018 | L53: 2019 | M53: 2020 | N53: 2021 | O53: 2022 | P53: 2023 | Q53: 2024 | R53: 2025 | S53: 2026 | T53: 2027 | U53: 2028 | V53: 2029 | W53: 2030 | X53: 2031 | Y53: 2032 | Z53: 2033 | AA53: 2034 | AB53: 2035 | AC53: 2036 | AD53: 2037 | AE53: 2038 | AF53: 2039 | AG53: 2040 | AH53: 2041 | AI53: 2042 | AJ53: 2043 | AK53: 2044 | AL53: 2045 | AM53: 2046 | AN53: 2047 | AO53: 2048 | AP53: 2049 | AQ53: 2050
A54: CONSUMPTION | B54: tep
A55: Natural gas | C55: 231451.41 | D55: 232848.08 | E55: 234255.1 | F55: 235672.55 | G55: 237100.5 | H55: 238539.02 | I55: 256583.5 | J55: 274982.34 | K55: 293741.38 | L55: 312866.53 | M55: 332363.83 | N55: 339614.96 | O55: 347011.96 | P55: 354557.67 | Q55: 362254.95 | R55: 370106.76 | S55: 377997.68 | T55: 386044.09 | U55: 394248.94 | V55: 402615.26 | W55: 411146.12 | X55: 419275.12 | Y55: 427551.7 | Z55: 435978.44 | AA55: 444557.96 | AB55: 453292.94 | AC55: 461490.68 | AD55: 469823.19 | AE55: 478292.61 | AF55: 486901.09 | AG55: 495650.86 | AH55: 503806.18 | AI55: 512081.94 | AJ55: 520479.86 | AK55: 529001.67 | AL55: 537649.14 | AM55: 545634.16 | AN55: 553723.84 | AO55: 561919.53 | AP55: 570222.55 | AQ55: 578634.26
A56: LPG | C56: 236476.9 | D56: 237903.9 | E56: 239341.47 | F56: 240789.7 | G56: 242248.65 | H56: 243718.41 | I56: 244162.85 | J56: 244591.78 | K56: 245004.76 | L56: 245401.39 | M56: =L56+L56*$B$67 -> 248072.5 | N56: =M56+M56*$B$67 -> 250772.69 | O56: =N56+N56*$B$67 -> 253502.28 | P56: =O56+O56*$B$67 -> 256261.57 | Q56: =P56+P56*$B$67 -> 259050.89 | R56: =Q56+Q56*$B$67 -> 261870.58 | S56: =R56+R56*$B$67 -> 264720.96 | T56: =S56+S56*$B$67 -> 267602.36 | ... AQ56: =AP56+AP56*$B$67 -> 343263.11
A57: Diesel | C57: 40533.683 | D57: 40778.28 | E57: 41024.689 | F57: 41272.924 | G57: 41522.998 | H57: 41774.925 | I57: 33770.345 | J57: 25593.522 | K57: 17241.519 | L57: 8711.3546 | M57: 0 | N57: 0 | O57: 0 | P57: 0 | Q57: 0 | R57: 0 | S57: 0 | T57: 0 | U57: 0 | V57: 0 | W57: 0 | X57: 0 | Y57: 0 | Z57: 0 | AA57: 0 | AB57: 0 | AC57: 0 | AD57: 0 | AE57: 0 | AF57: 0 | AG57: 0 | AH57: 0 | AI57: 0 | AJ57: 0 | AK57: 0 | AL57: 0 | AM57: 0 | AN57: 0 | AO57: 0 | AP57: 0 | AQ57: 0
A58: Fuel oil | C58: 23957.085 | D58: 24101.652 | E58: 24247.29 | F58: 24394.007 | G58: 24541.811 | H58: 24690.71 | I58: 19959.672 | J58: 15126.831 | K58: 10190.452 | L58: 5148.7713 | M58: 0 | N58: 0 | O58: 0 | P58: 0 | Q58: 0 | R58: 0 | S58: 0 | T58: 0 | U58: 0 | V58: 0 | W58: 0 | X58: 0 | Y58: 0 | Z58: 0 | AA58: 0 | AB58: 0 | AC58: 0 | AD58: 0 | AE58: 0 | AF58: 0 | AG58: 0 | AH58: 0 | AI58: 0 | AJ58: 0 | AK58: 0 | AL58: 0 | AM58: 0 | AN58: 0 | AO58: 0 | AP58: 0 | AQ58: 0
A60: GR-Charcoal | B60: =(H50/C50)^(1/(H46-C46))-1 -> 0.00049298931
A61: GR-Biomass | B61: =(H51/C51)^(1/(H46-C46))-1 -> 0.00049298931
A63: Calibration file
B64: 2020 | C64: 2021 | D64: 2022 | E64: 2023 | F64: 2024 | G64: 2025 | H64: 2026 | I64: 2027 | J64: 2028 | K64: 2029 | L64: 2030 | M64: 2031 | N64: 2032 | O64: 2033 | P64: 2034 | Q64: 2035 | R64: 2036 | S64: 2037 | T64: 2038 | U64: 2039 | V64: 2040 | W64: 2041 | X64: 2042 | Y64: 2043 | Z64: 2044 | AA64: 2045 | AB64: 2046 | AC64: 2047 | AD64: 2048 | AE64: 2049 | AF64: 2050
A65: IEA (LPG) | B65: 25800000000000 | C65: 28800000000000 | D65: 29000000000000 | E65: 29300000000000 | F65: 29500000000000 | G65: 29700000000000 | H65: 29900000000000 | I65: 30100000000000 | J65: 30400000000000 | K65: 30600000000000 | L65: 30800000000000 | M65: 31000000000000 | N65: 31300000000000 | O65: 31500000000000 | P65: 31700000000000 | Q65: 32000000000000 | R65: 32200000000000 | S65: 32400000000000 | T65: 32700000000000 | U65: 32900000000000 | V65: 33100000000000 | W65: 33400000000000 | X65: 33600000000000 | Y65: 33900000000000 | Z65: 34100000000000 | AA65: 34400000000000 | AB65: 34600000000000 | AC65: 34900000000000 | AD65: 35100000000000 | AE65: 35400000000000 | AF65: 35700000000000
A67: GR-IEA | B67: =(AF65/B65)^(1/(AF64-B64))-1 -> 0.010884685
B69: 2020 | C69: 2021 | D69: 2022 | E69: 2023 | F69: 2024 | G69: 2025 | H69: 2026 | I69: 2027 | J69: 2028 | K69: 2029 | L69: 2030 | M69: 2031 | N69: 2032 | O69: 2033 | P69: 2034 | Q69: 2035 | R69: 2036 | S69: 2037 | T69: 2038 | U69: 2039 | V69: 2040 | W69: 2041 | X69: 2042 | Y69: 2043 | Z69: 2044 | AA69: 2045 | AB69: 2046 | AC69: 2047 | AD69: 2048 | AE69: 2049 | AF69: 2050
A70: EPS | B70: 23800000000000 | C70: 24300000000000 | D70: 24900000000000 | E70: 25400000000000 | F70: 26000000000000 | G70: 26500000000000 | H70: 27100000000000 | I70: 27700000000000 | J70: 28300000000000 | K70: 28900000000000 | L70: 29500000000000 | M70: 30000000000000 | N70: 30600000000000 | O70: 31200000000000 | P70: 31900000000000 | Q70: 32500000000000 | R70: 33100000000000 | S70: 33700000000000 | T70: 34300000000000 | U70: 34900000000000 | V70: 35500000000000 | W70: 36100000000000 | X70: 36700000000000 | Y70: 37300000000000 | Z70: 37900000000000 | AA70: 38500000000000 | AB70: 39000000000000 | AC70: 39600000000000 | AD70: 40200000000000 | AE70: 40800000000000 | AF70: 41400000000000
A71: BNEF | B71: 4450000000000 | C71: 5400000000000 | D71: 5500000000000 | E71: 5590000000000 | F71: 5590000000000 | G71: 5690000000000 | H71: 5780000000000 | I71: 5780000000000 | J71: 5880000000000 | K71: 5970000000000 | L71: 5970000000000 | M71: 6070000000000 | N71: 6160000000000 | O71: 6160000000000 | P71: 6260000000000 | Q71: 6350000000000 | R71: 6350000000000 | S71: 6450000000000 | T71: 6540000000000 | U71: 6630000000000 | V71: 6630000000000 | W71: 6730000000000 | X71: 6820000000000 | Y71: 6920000000000 | Z71: 6920000000000 | AA71: 7010000000000 | AB71: 7110000000000 | AC71: 7200000000000 | AD71: 7300000000000 | AE71: 7300000000000 | AF71: 7390000000000
A72: EIA | B72: 4300000000000 | C72: 5200000000000 | D72: 5000000000000 | E72: 5100000000000 | F72: 5200000000000 | G72: 5300000000000 | H72: 5300000000000 | I72: 5400000000000 | J72: 5500000000000 | K72: 5500000000000 | L72: 5600000000000 | M72: 5600000000000 | N72: 5600000000000 | O72: 5700000000000 | P72: 5700000000000 | Q72: 5700000000000 | R72: 5700000000000 | S72: 5700000000000 | T72: 5800000000000 | U72: 5800000000000 | V72: 5800000000000 | W72: 5800000000000 | X72: 5800000000000 | Y72: 5800000000000 | Z72: 5800000000000 | AA72: 5800000000000 | AB72: 5800000000000 | AC72: 5800000000000 | AD72: 5800000000000 | AE72: 5800000000000 | AF72: 5800000000000
A73: IEA | B73: 4410000000000 | C73: 5440000000000 | D73: 6470000000000 | E73: 7510000000000 | F73: 8540000000000 | G73: 9570000000000 | H73: 10600000000000 | I73: 11600000000000 | J73: 12700000000000 | K73: 13700000000000 | L73: 14700000000000 | M73: 15800000000000 | N73: 16800000000000 | O73: 17800000000000 | P73: 18900000000000 | Q73: 19900000000000 | R73: 20900000000000 | S73: 22000000000000 | T73: 23000000000000 | U73: 24000000000000 | V73: 25100000000000 | W73: 26100000000000 | X73: 27100000000000 | Y73: 28200000000000 | Z73: 29200000000000 | AA73: 30200000000000 | AB73: 31300000000000 | AC73: 32300000000000 | AD73: 33300000000000 | AE73: 34400000000000 | AF73: 35400000000000
A75: GR-BNEF | B75: =(AF71/B71)^(1/(AF69-B69))-1 -> 0.017051195
A76: GR-IEA | B76: =(AF73/B73)^(1/(AF69-B69))-1 -> 0.071894779
A77: GR-EIA | B77: =(AF72/B72)^(1/(AF69-B69))-1 -> 0.010024677

Sheet commercial-residential-other
A1: Notes:
A2: 1. To estimate the others demand for commercial we had to rely on the figure 122 from MOP Building Book; We estimate some points using webplotdigitizer tool and then we linear interpolated the data to get the time serie.
A3: 2. MOP computes the energy demand in ktep, to convert to BTU we assume the factor: 1 tep = 3,968e+7 BTU or 1 ktep = 3,968e+10 BTU;
A4: 3.9683051e+10
A6: Figure 122 - Total Energy Consumption by End Use in the Commercial, Services and Public Sectors in the REF scenario (2010-2050)
A29: OTHER ELECTRICAL - SERVICES | B29: ktep
B30: 2015 | C30: 2016 | D30: 2017 | E30: 2018 | F30: 2019 | G30: 2020 | H30: 2021 | I30: 2022 | J30: 2023 | K30: 2024 | L30: 2025 | M30: 2026 | N30: 2027 | O30: 2028 | P30: 2029 | Q30: 2030 | R30: 2031 | S30: 2032 | T30: 2033 | U30: 2034 | V30: 2035 | W30: 2036 | X30: 2037 | Y30: 2038 | Z30: 2039 | AA30: 2040 | AB30: 2041 | AC30: 2042 | AD30: 2043 | AE30: 2044 | AF30: 2045 | AG30: 2046 | AH30: 2047 | AI30: 2048 | AJ30: 2049 | AK30: 2050
B31: 3070 | C31: 3130.5 | D31: 3191 | E31: 3251.5 | F31: 3312 | G31: 3372.5 | H31: 3433 | I31: 3493.5 | J31: 3554 | K31: 3614.5 | L31: 3675 | M31: 3768 | N31: 3861 | O31: 3954 | P31: 4047 | Q31: 4140 | R31: 4233 | S31: 4326 | T31: 4419 | U31: 4512 | V31: 4605 | W31: 4698 | X31: 4791 | Y31: 4884 | Z31: 4917.9167 | AA31: 4951.8333 | AB31: 4985.75 | AC31: 5019.6667 | AD31: 5053.5833 | AE31: 5087.5 | AF31: 5121.4167 | AG31: 5155.3333 | AH31: 5189.25 | AI31: 5223.1667 | AJ31: 5257.0833 | AK31: 5291

Sheet Electricity Share
A1: Residential-absolute | B1: 2020 | C1: 2021 | D1: 2022 | E1: 2023 | F1: 2024 | G1: 2025 | H1: 2026 | I1: 2027 | J1: 2028 | K1: 2029 | L1: 2030 | M1: 2031 | N1: 2032 | O1: 2033 | P1: 2034 | Q1: 2035 | R1: 2036 | S1: 2037 | T1: 2038 | U1: 2039 | V1: 2040 | W1: 2041 | X1: 2042 | Y1: 2043 | Z1: 2044 | AA1: 2045 | AB1: 2046 | AC1: 2047 | AD1: 2048 | AE1: 2049 | AF1: 2050
A2: Heating | B2: 0 | C2: 0 | D2: 0 | E2: 0 | F2: 0 | G2: 0 | H2: 0 | I2: 0 | J2: 0 | K2: 0 | L2: 0 | M2: 0 | N2: 0 | O2: 0 | P2: 0 | Q2: 0 | R2: 0 | S2: 0 | T2: 0 | U2: 0 | V2: 0 | W2: 0 | X2: 0 | Y2: 0 | Z2: 0 | AA2: 0 | AB2: 0 | AC2: 0 | AD2: 0 | AE2: 0 | AF2: 0
A3: Cooling | B3: =SUM('urban-residential-cooling'!M43:M44)*'urban-residential-cooling'!$A$4 -> 1.417798e+14 | C3: =SUM('urban-residential-cooling'!N43:N44)*'urban-residential-cooling'!$A$4 -> 1.4645529e+14 | D3: =SUM('urban-residential-cooling'!O43:O44)*'urban-residential-cooling'!$A$4 -> 1.5075564e+14 | E3: =SUM('urban-residential-cooling'!P43:P44)*'urban-residential-cooling'!$A$4 -> 1.5477756e+14 | F3: =SUM('urban-residential-cooling'!Q43:Q44)*'urban-residential-cooling'!$A$4 -> 1.5851934e+14 | G3: =SUM('urban-residential-cooling'!R43:R44)*'urban-residential-cooling'!$A$4 -> 1.6217455e+14 | H3: =SUM('urban-residential-cooling'!S43:S44)*'urban-residential-cooling'!$A$4 -> 1.6583822e+14 | I3: =SUM('urban-residential-cooling'!T43:T44)*'urban-residential-cooling'!$A$4 -> 1.6950894e+14 | ... AF3: =SUM('urban-residential-cooling'!AQ43:AQ44)*'urban-residential-cooling'!$A$4 -> 2.409172e+14
A4: Lighting | B4: ='urban-residential-lighting'!M38*'urban-residential-lighting'!$A$3 -> 3.5799505e+13 | C4: ='urban-residential-lighting'!N38*'urban-residential-lighting'!$A$3 -> 3.6629648e+13 | D4: ='urban-residential-lighting'!O38*'urban-residential-lighting'!$A$3 -> 3.7432059e+13 | E4: ='urban-residential-lighting'!P38*'urban-residential-lighting'!$A$3 -> 3.8241664e+13 | F4: ='urban-residential-lighting'!Q38*'urban-residential-lighting'!$A$3 -> 3.9058484e+13 | G4: ='urban-residential-lighting'!R38*'urban-residential-lighting'!$A$3 -> 3.9882504e+13 | H4: ='urban-residential-lighting'!S38*'urban-residential-lighting'!$A$3 -> 4.0713709e+13 | I4: ='urban-residential-lighting'!T38*'urban-residential-lighting'!$A$3 -> 4.1552049e+13 | ... AF4: ='urban-residential-lighting'!AQ38*'urban-residential-lighting'!$A$3 -> 5.9607407e+13
A5: Appliances | B5: =SUM('urban-residential-appl'!K33,'urban-residential-appl'!K48)*'urban-residential-appl'!$A$4 -> 2.6375133e+14 | C5: =SUM('urban-residential-appl'!L33,'urban-residential-appl'!L48)*'urban-residential-appl'!$A$4 -> 2.7444911e+14 | D5: =SUM('urban-residential-appl'!M33,'urban-residential-appl'!M48)*'urban-residential-appl'!$A$4 -> 2.7821626e+14 | E5: =SUM('urban-residential-appl'!N33,'urban-residential-appl'!N48)*'urban-residential-appl'!$A$4 -> 2.8601803e+14 | F5: =SUM('urban-residential-appl'!O33,'urban-residential-appl'!O48)*'urban-residential-appl'!$A$4 -> 2.9087692e+14 | G5: =SUM('urban-residential-appl'!P33,'urban-residential-appl'!P48)*'urban-residential-appl'!$A$4 -> 2.9672009e+14 | H5: =SUM('urban-residential-appl'!Q33,'urban-residential-appl'!Q48)*'urban-residential-appl'!$A$4 -> 3.0285047e+14 | I5: =SUM('urban-residential-appl'!R33,'urban-residential-appl'!R48)*'urban-residential-appl'!$A$4 -> 3.093016e+14 | ... AF5: =SUM('urban-residential-appl'!AO33,'urban-residential-appl'!AO48)*'urban-residential-appl'!$A$4 -> 3.9315129e+14
A6: Other | B6: 0 | C6: 0 | D6: 0 | E6: 0 | F6: 0 | G6: 0 | H6: 0 | I6: 0 | J6: 0 | K6: 0 | L6: 0 | M6: 0 | N6: 0 | O6: 0 | P6: 0 | Q6: 0 | R6: 0 | S6: 0 | T6: 0 | U6: 0 | V6: 0 | W6: 0 | X6: 0 | Y6: 0 | Z6: 0 | AA6: 0 | AB6: 0 | AC6: 0 | AD6: 0 | AE6: 0 | AF6: 0
A7: Total | B7: =SUM(B2:B6) -> 4.4133063e+14 | C7: =SUM(C2:C6) -> 4.5753405e+14 | D7: =SUM(D2:D6) -> 4.6640396e+14 | E7: =SUM(E2:E6) -> 4.7903726e+14 | F7: =SUM(F2:F6) -> 4.8845474e+14 | G7: =SUM(G2:G6) -> 4.9877715e+14 | H7: =SUM(H2:H6) -> 5.094024e+14 | I7: =SUM(I2:I6) -> 5.2036259e+14 | ... AF7: =SUM(AF2:AF6) -> 693675898943038
A9: Commercial-absolute | B9: 2020 | C9: 2021 | D9: 2022 | E9: 2023 | F9: 2024 | G9: 2025 | H9: 2026 | I9: 2027 | J9: 2028 | K9: 2029 | L9: 2030 | M9: 2031 | N9: 2032 | O9: 2033 | P9: 2034 | Q9: 2035 | R9: 2036 | S9: 2037 | T9: 2038 | U9: 2039 | V9: 2040 | W9: 2041 | X9: 2042 | Y9: 2043 | Z9: 2044 | AA9: 2045 | AB9: 2046 | AC9: 2047 | AD9: 2048 | AE9: 2049 | AF9: 2050
A10: Heating | B10: 0 | C10: 0 | D10: 0 | E10: 0 | F10: 0 | G10: 0 | H10: 0 | I10: 0 | J10: 0 | K10: 0 | L10: 0 | M10: 0 | N10: 0 | O10: 0 | P10: 0 | Q10: 0 | R10: 0 | S10: 0 | T10: 0 | U10: 0 | V10: 0 | W10: 0 | X10: 0 | Y10: 0 | Z10: 0 | AA10: 0 | AB10: 0 | AC10: 0 | AD10: 0 | AE10: 0 | AF10: 0
A11: Cooling | B11: ='commercial-residential-cooling'!M58*'commercial-residential-cooling'!$A$6 -> 1.1206494e+14 | C11: ='commercial-residential-cooling'!N58*'commercial-residential-cooling'!$A$6 -> 1.189301e+14 | D11: ='commercial-residential-cooling'!O58*'commercial-residential-cooling'!$A$6 -> 1.2583496e+14 | E11: ='commercial-residential-cooling'!P58*'commercial-residential-cooling'!$A$6 -> 1.3273981e+14 | F11: ='commercial-residential-cooling'!Q58*'commercial-residential-cooling'!$A$6 -> 1.3960497e+14 | G11: ='commercial-residential-cooling'!R58*'commercial-residential-cooling'!$A$6 -> 1.4650983e+14 | H11: ='commercial-residential-cooling'!S58*'commercial-residential-cooling'!$A$6 -> 1.5337499e+14 | I11: ='commercial-residential-cooling'!T58*'commercial-residential-cooling'!$A$6 -> 1.6027984e+14 | ... AF11: ='commercial-residential-cooling'!AQ58*'commercial-residential-cooling'!$A$6 -> 3.186549e+14
A12: Lighting | B12: =SUM('commercial-residential-lighting'!L31,'commercial-residential-lighting'!L61)*'commercial-residential-lighting'!$A$4 -> 1.2766381e+14 | C12: =SUM('commercial-residential-lighting'!M31,'commercial-residential-lighting'!M61)*'commercial-residential-lighting'!$A$4 -> 1.2731826e+14 | D12: =SUM('commercial-residential-lighting'!N31,'commercial-residential-lighting'!N61)*'commercial-residential-lighting'!$A$4 -> 1.2784691e+14 | E12: =SUM('commercial-residential-lighting'!O31,'commercial-residential-lighting'!O61)*'commercial-residential-lighting'!$A$4 -> 1.2877542e+14 | F12: =SUM('commercial-residential-lighting'!P31,'commercial-residential-lighting'!P61)*'commercial-residential-lighting'!$A$4 -> 1.296937e+14 | G12: =SUM('commercial-residential-lighting'!Q31,'commercial-residential-lighting'!Q61)*'commercial-residential-lighting'!$A$4 -> 1.3060145e+14 | H12: =SUM('commercial-residential-lighting'!R31,'commercial-residential-lighting'!R61)*'commercial-residential-lighting'!$A$4 -> 1.3149838e+14 | I12: =SUM('commercial-residential-lighting'!S31,'commercial-residential-lighting'!S61)*'commercial-residential-lighting'!$A$4 -> 1.3248877e+14 | ... AF12: =SUM('commercial-residential-lighting'!AP31,'commercial-residential-lighting'!AP61)*'commercial-residential-lighting'!$A$4 -> 1.5235166e+14
A13: Appliances | B13: =SUM('commercial-residential-appl'!L31,'commercial-residential-appl'!L39)*'commercial-residential-appl'!$A$5 -> 8.3508036e+12 | C13: =SUM('commercial-residential-appl'!M31,'commercial-residential-appl'!M39)*'commercial-residential-appl'!$A$5 -> 8.4622656e+12 | D13: =SUM('commercial-residential-appl'!N31,'commercial-residential-appl'!N39)*'commercial-residential-appl'!$A$5 -> 8.6139941e+12 | E13: =SUM('commercial-residential-appl'!O31,'commercial-residential-appl'!O39)*'commercial-residential-appl'!$A$5 -> 8.7684431e+12 | F13: =SUM('commercial-residential-appl'!P31,'commercial-residential-appl'!P39)*'commercial-residential-appl'!$A$5 -> 8.9256613e+12 | G13: =SUM('commercial-residential-appl'!Q31,'commercial-residential-appl'!Q39)*'commercial-residential-appl'!$A$5 -> 9.0856985e+12 | H13: =SUM('commercial-residential-appl'!R31,'commercial-residential-appl'!R39)*'commercial-residential-appl'!$A$5 -> 9.2486052e+12 | I13: =SUM('commercial-residential-appl'!S31,'commercial-residential-appl'!S39)*'commercial-residential-appl'!$A$5 -> 9.4114844e+12 | ... AF13: =SUM('commercial-residential-appl'!AP31,'commercial-residential-appl'!AP39)*'commercial-residential-appl'!$A$5 -> 1.316593e+13
A14: Other | B14: ='commercial-residential-other'!F31*'commercial-residential-other'!$A$4 -> 1.3143027e+14 | C14: ='commercial-residential-other'!G31*'commercial-residential-other'!$A$4 -> 1.3383109e+14 | D14: ='commercial-residential-other'!H31*'commercial-residential-other'!$A$4 -> 1.3623191e+14 | E14: ='commercial-residential-other'!I31*'commercial-residential-other'!$A$4 -> 1.3863274e+14 | F14: ='commercial-residential-other'!J31*'commercial-residential-other'!$A$4 -> 1.4103356e+14 | G14: ='commercial-residential-other'!K31*'commercial-residential-other'!$A$4 -> 1.4343439e+14 | H14: ='commercial-residential-other'!L31*'commercial-residential-other'!$A$4 -> 1.4583521e+14 | I14: ='commercial-residential-other'!M31*'commercial-residential-other'!$A$4 -> 1.4952574e+14 | ... AF14: ='commercial-residential-other'!AJ31*'commercial-residential-other'!$A$4 -> 2.0861711e+14
A15: Total | B15: =SUM(B10:B14) -> 3.7950981e+14 | C15: =SUM(C10:C14) -> 3.8854172e+14 | D15: =SUM(D10:D14) -> 3.9852777e+14 | E15: =SUM(E10:E14) -> 4.0891641e+14 | F15: =SUM(F10:F14) -> 4.192579e+14 | G15: =SUM(G10:G14) -> 4.2963137e+14 | H15: =SUM(H10:H14) -> 4.3995719e+14 | I15: =SUM(I10:I14) -> 451705839986365 | ... AF15: =SUM(AF10:AF14) -> 6.927896e+14
A17: Residential-Share | B17: 2020 | C17: 2021 | D17: 2022 | E17: 2023 | F17: 2024 | G17: 2025 | H17: 2026 | I17: 2027 | J17: 2028 | K17: 2029 | L17: 2030 | M17: 2031 | N17: 2032 | O17: 2033 | P17: 2034 | Q17: 2035 | R17: 2036 | S17: 2037 | T17: 2038 | U17: 2039 | V17: 2040 | W17: 2041 | X17: 2042 | Y17: 2043 | Z17: 2044 | AA17: 2045 | AB17: 2046 | AC17: 2047 | AD17: 2048 | AE17: 2049 | AF17: 2050
A18: Heating | B18: =B2/B$7 -> 0 | C18: =C2/C$7 -> 0 | D18: =D2/D$7 -> 0 | E18: =E2/E$7 -> 0 | F18: =F2/F$7 -> 0 | G18: =G2/G$7 -> 0 | H18: =H2/H$7 -> 0 | I18: =I2/I$7 -> 0 | ... AF18: =AF2/AF$7 -> 0
A19: Cooling | B19: =B3/B$7 -> 0.32125529 | C19: =C3/C$7 -> 0.32009703 | D19: =D3/D$7 -> 0.32322977 | E19: =E3/E$7 -> 0.3231013 | F19: =F3/F$7 -> 0.3245323 | G19: =G3/G$7 -> 0.32514431 | H19: =H3/H$7 -> 0.32555445 | I19: =I3/I$7 -> 0.3257516 | ... AF19: =AF3/AF$7 -> 0.34730514
A20: Lighting | B20: =B4/B$7 -> 0.081117199 | C20: =C4/C$7 -> 0.080058845 | D20: =D4/D$7 -> 0.080256735 | E20: =E4/E$7 -> 0.07983025 | F20: =F4/F$7 -> 0.079963364 | G20: =G4/G$7 -> 0.079960568 | H20: =H4/H$7 -> 0.079924455 | I20: =I4/I$7 -> 0.079852107 | ... AF20: =AF4/AF$7 -> 0.085929765
A21: Appliances | B21: =B5/B$7 -> 0.59762751 | C21: =C5/C$7 -> 0.59984412 | D21: =D5/D$7 -> 0.5965135 | E21: =E5/E$7 -> 0.59706845 | F21: =F5/F$7 -> 0.59550434 | G21: =G5/G$7 -> 0.59489512 | H21: =H5/H$7 -> 0.59452109 | I21: =I5/I$7 -> 0.5943963 | ... AF21: =AF5/AF$7 -> 0.5667651
A22: Other | B22: =B6/B$7 -> 0 | C22: =C6/C$7 -> 0 | D22: =D6/D$7 -> 0 | E22: =E6/E$7 -> 0 | F22: =F6/F$7 -> 0 | G22: =G6/G$7 -> 0 | H22: =H6/H$7 -> 0 | I22: =I6/I$7 -> 0 | ... AF22: =AF6/AF$7 -> 0
A24: Commercial-share | B24: 2020 | C24: 2021 | D24: 2022 | E24: 2023 | F24: 2024 | G24: 2025 | H24: 2026 | I24: 2027 | J24: 2028 | K24: 2029 | L24: 2030 | M24: 2031 | N24: 2032 | O24: 2033 | P24: 2034 | Q24: 2035 | R24: 2036 | S24: 2037 | T24: 2038 | U24: 2039 | V24: 2040 | W24: 2041 | X24: 2042 | Y24: 2043 | Z24: 2044 | AA24: 2045 | AB24: 2046 | AC24: 2047 | AD24: 2048 | AE24: 2049 | AF24: 2050
A25: Heating | B25: =B10/B$15 -> 0 | C25: =C10/C$15 -> 0 | D25: =D10/D$15 -> 0 | E25: =E10/E$15 -> 0 | F25: =F10/F$15 -> 0 | G25: =G10/G$15 -> 0 | H25: =H10/H$15 -> 0 | I25: =I10/I$15 -> 0 | ... AF25: =AF10/AF$15 -> 0
A26: Cooling | B26: =B11/B$15 -> 0.29528864 | C26: =C11/C$15 -> 0.30609353 | D26: =D11/D$15 -> 0.31574953 | E26: =E11/E$15 -> 0.32461355 | F26: =F11/F$15 -> 0.33298114 | G26: =G11/G$15 -> 0.34101287 | H26: =H11/H$15 -> 0.34861345 | I26: =I11/I$15 -> 0.35483235 | ... AF26: =AF11/AF$15 -> 0.45995913
A27: Lighting | B27: =B12/B$15 -> 0.33639132 | C27: =C12/C$15 -> 0.32768234 | D27: =D12/D$15 -> 0.32079799 | E27: =E12/E$15 -> 0.31491869 | F27: =F12/F$15 -> 0.3093411 | G27: =G12/G$15 -> 0.30398491 | H27: =H12/H$15 -> 0.29888904 | I27: =I12/I$15 -> 0.29330764 | ... AF27: =AF12/AF$15 -> 0.21991044
A28: Appliances | B28: =B13/B$15 -> 0.022004184 | C28: =C13/C$15 -> 0.021779555 | D28: =D13/D$15 -> 0.021614539 | E28: =E13/E$15 -> 0.021443119 | F28: =F13/F$15 -> 0.021289191 | G28: =G13/G$15 -> 0.021147661 | H28: =H13/H$15 -> 0.021021602 | I28: =I13/I$15 -> 0.020835428 | ... AF28: =AF13/AF$15 -> 0.019004226
A29: Other | B29: =B14/B$15 -> 0.34631586 | C29: =C14/C$15 -> 0.34444458 | D29: =D14/D$15 -> 0.34183794 | E29: =E14/E$15 -> 0.33902464 | F29: =F14/F$15 -> 0.33638857 | G29: =G14/G$15 -> 0.33385456 | H29: =H14/H$15 -> 0.33147591 | I29: =I14/I$15 -> 0.33102458 | ... AF29: =AF14/AF$15 -> 0.30112621
A31: Adjustement
A32: Time (Year) | B32: 2020 | C32: 2021 | D32: 2022 | E32: 2023 | F32: 2024 | G32: 2025 | H32: 2026 | I32: 2027 | J32: 2028 | K32: 2029 | L32: 2030 | M32: 2031 | N32: 2032 | O32: 2033 | P32: 2034 | Q32: 2035 | R32: 2036 | S32: 2037 | T32: 2038 | U32: 2039 | V32: 2040 | W32: 2041 | X32: 2042 | Y32: 2043 | Z32: 2044 | AA32: 2045 | AB32: 2046 | AC32: 2047 | AD32: 2048 | AE32: 2049 | AF32: 2050
A33: EIA-residential | B33: 625000000000000 | C33: 649000000000000 | D33: 657000000000000 | E33: 649000000000000 | F33: 653000000000000 | G33: 657000000000000 | H33: 661000000000000 | I33: 665000000000000 | J33: 670000000000000 | K33: 677000000000000 | L33: 687000000000000 | M33: 698000000000000 | N33: 709000000000000 | O33: 719000000000000 | P33: 729000000000000 | Q33: 739000000000000 | R33: 745000000000000 | S33: 750000000000000 | T33: 755000000000000 | U33: 760000000000000 | V33: 765000000000000 | W33: 772000000000000 | X33: 780000000000000 | Y33: 787000000000000 | Z33: 794000000000000 | AA33: 801000000000000 | AB33: 811000000000000 | AC33: 821000000000000 | AD33: 831000000000000 | AE33: 842000000000000 | AF33: 852000000000000
A34: EIA-commercial | B34: 535000000000000 | C34: 570000000000000 | D34: 591000000000000 | E34: 596000000000000 | F34: 604000000000000 | G34: 616000000000000 | H34: 626000000000000 | I34: 636000000000000 | J34: 647000000000000 | K34: 658000000000000 | L34: 668000000000000 | M34: 678000000000000 | N34: 687000000000000 | O34: 696000000000000 | P34: 705000000000000 | Q34: 712000000000000 | R34: 716000000000000 | S34: 719000000000000 | T34: 721000000000000 | U34: 724000000000000 | V34: 726000000000000 | W34: 730000000000000 | X34: 734000000000000 | Y34: 737000000000000 | Z34: 740000000000000 | AA34: 743000000000000 | AB34: 748000000000000 | AC34: 752000000000000 | AD34: 757000000000000 | AE34: 761000000000000 | AF34: 766000000000000
A37: Residential | B37: 2020 | C37: 2021 | D37: 2022 | E37: 2023 | F37: 2024 | G37: 2025 | H37: 2026 | I37: 2027 | J37: 2028 | K37: 2029 | L37: 2030 | M37: 2031 | N37: 2032 | O37: 2033 | P37: 2034 | Q37: 2035 | R37: 2036 | S37: 2037 | T37: 2038 | U37: 2039 | V37: 2040 | W37: 2041 | X37: 2042 | Y37: 2043 | Z37: 2044 | AA37: 2045 | AB37: 2046 | AC37: 2047 | AD37: 2048 | AE37: 2049 | AF37: 2050
A38: Heating | B38: =B18*B$33 -> 0 | C38: =C18*C$33 -> 0 | D38: =D18*D$33 -> 0 | E38: =E18*E$33 -> 0 | F38: =F18*F$33 -> 0 | G38: =G18*G$33 -> 0 | H38: =H18*H$33 -> 0 | I38: =I18*I$33 -> 0 | ... AF38: =AF18*AF$33 -> 0
A39: Cooling | B39: =B19*B$33 -> 2.0078455e+14 | C39: =C19*C$33 -> 2.0774297e+14 | D39: =D19*D$33 -> 2.1236196e+14 | E39: =E19*E$33 -> 2.0969275e+14 | F39: =F19*F$33 -> 2.1191959e+14 | G39: =G19*G$33 -> 2.1361981e+14 | H39: =H19*H$33 -> 2.1519149e+14 | I39: =I19*I$33 -> 2.1662481e+14 | ... AF39: =AF19*AF$33 -> 2.9590398e+14
A40: Lighting | B40: =B20*B$33 -> 5.069825e+13 | C40: =C20*C$33 -> 5.195819e+13 | D40: =D20*D$33 -> 5.2728675e+13 | E40: =E20*E$33 -> 5.1809832e+13 | F40: =F20*F$33 -> 5.2216077e+13 | G40: =G20*G$33 -> 5.2534093e+13 | H40: =H20*H$33 -> 5.2830065e+13 | I40: =I20*I$33 -> 5.3101651e+13 | ... AF40: =AF20*AF$33 -> 7.321216e+13
A41: Appliances | B41: =B21*B$33 -> 3.735172e+14 | C41: =C21*C$33 -> 3.8929884e+14 | D41: =D21*D$33 -> 3.9190937e+14 | E41: =E21*E$33 -> 3.8749742e+14 | F41: =F21*F$33 -> 3.8886433e+14 | G41: =G21*G$33 -> 3.908461e+14 | H41: =H21*H$33 -> 3.9297844e+14 | I41: =I21*I$33 -> 3.9527354e+14 | ... AF41: =AF21*AF$33 -> 4.8288386e+14
A42: Other | B42: =B22*B$33 -> 0 | C42: =C22*C$33 -> 0 | D42: =D22*D$33 -> 0 | E42: =E22*E$33 -> 0 | F42: =F22*F$33 -> 0 | G42: =G22*G$33 -> 0 | H42: =H22*H$33 -> 0 | I42: =I22*I$33 -> 0 | ... AF42: =AF22*AF$33 -> 0
A45: Commercial-absolute | B45: 2020 | C45: 2021 | D45: 2022 | E45: 2023 | F45: 2024 | G45: 2025 | H45: 2026 | I45: 2027 | J45: 2028 | K45: 2029 | L45: 2030 | M45: 2031 | N45: 2032 | O45: 2033 | P45: 2034 | Q45: 2035 | R45: 2036 | S45: 2037 | T45: 2038 | U45: 2039 | V45: 2040 | W45: 2041 | X45: 2042 | Y45: 2043 | Z45: 2044 | AA45: 2045 | AB45: 2046 | AC45: 2047 | AD45: 2048 | AE45: 2049 | AF45: 2050
A46: Heating | B46: =B25*B$34 -> 0 | C46: =C25*C$34 -> 0 | D46: =D25*D$34 -> 0 | E46: =E25*E$34 -> 0 | F46: =F25*F$34 -> 0 | G46: =G25*G$34 -> 0 | H46: =H25*H$34 -> 0 | I46: =I25*I$34 -> 0 | ... AF46: =AF25*AF$34 -> 0
A47: Cooling | B47: =B26*B$34 -> 1.5797942e+14 | C47: =C26*C$34 -> 1.7447331e+14 | D47: =D26*D$34 -> 1.8660797e+14 | E47: =E26*E$34 -> 1.9346967e+14 | F47: =F26*F$34 -> 2.0112061e+14 | G47: =G26*G$34 -> 2.1006393e+14 | H47: =H26*H$34 -> 2.1823202e+14 | I47: =I26*I$34 -> 2.2567337e+14 | ... AF47: =AF26*AF$34 -> 3.5232869e+14
A48: Lighting | B48: =B27*B$34 -> 1.7996936e+14 | C48: =C27*C$34 -> 1.8677893e+14 | D48: =D27*D$34 -> 1.8959161e+14 | E48: =E27*E$34 -> 1.8769154e+14 | F48: =F27*F$34 -> 1.8684202e+14 | G48: =G27*G$34 -> 1.8725471e+14 | H48: =H27*H$34 -> 1.8710454e+14 | I48: =I27*I$34 -> 1.8654366e+14 | ... AF48: =AF27*AF$34 -> 1.6845139e+14
A49: Appliances | B49: =B28*B$34 -> 1.1772238e+13 | C49: =C28*C$34 -> 1.2414346e+13 | D49: =D28*D$34 -> 1.2774193e+13 | E49: =E28*E$34 -> 1.2780099e+13 | F49: =F28*F$34 -> 1.2858671e+13 | G49: =G28*G$34 -> 1.3026959e+13 | H49: =H28*H$34 -> 1.3159523e+13 | I49: =I28*I$34 -> 1.3251332e+13 | ... AF49: =AF28*AF$34 -> 1.4557237e+13
A50: Other | B50: =B29*B$34 -> 1.8527898e+14 | C50: =C29*C$34 -> 1.9633341e+14 | D50: =D29*D$34 -> 2.0202623e+14 | E50: =E29*E$34 -> 2.0205869e+14 | F50: =F29*F$34 -> 2.031787e+14 | G50: =G29*G$34 -> 2.0565441e+14 | H50: =H29*H$34 -> 2.0750392e+14 | I50: =I29*I$34 -> 2.1053163e+14 | ... AF50: =AF29*AF$34 -> 2.3066268e+14
A52: BNEF Data-Residential (BTU)
A53: Year | B53: 2020 | C53: 2021 | D53: 2022 | E53: 2023 | F53: 2024 | G53: 2025 | H53: 2026 | I53: 2027 | J53: 2028 | K53: 2029 | L53: 2030 | M53: 2031 | N53: 2032 | O53: 2033 | P53: 2034 | Q53: 2035 | R53: 2036 | S53: 2037 | T53: 2038 | U53: 2039 | V53: 2040 | W53: 2041 | X53: 2042 | Y53: 2043 | Z53: 2044 | AA53: 2045 | AB53: 2046 | AC53: 2047 | AD53: 2048 | AE53: 2049 | AF53: 2050
A54: Biomass
A55: Natural gas
A57: Source | B57: BNEF

Sheet BNEF Data - Projections
A1: Database | B1: Sector | C1: Report | D1: Scenario | E1: Region | F1: Macro sector | G1: Sector | H1: Indicator | I1: Fuel/type | J1: Unit | K1: Note | L1: 2000 | M1: 2001 | N1: 2002 | O1: 2003 | P1: 2004 | Q1: 2005 | R1: 2006 | S1: 2007 | T1: 2008 | U1: 2009 | V1: 2010 | W1: 2011 | X1: 2012 | Y1: 2013 | Z1: 2014 | AA1: 2015 | AB1: 2016 | AC1: 2017 | AD1: 2018 | AE1: 2019 | AF1: 2020 | AG1: 2021 | AH1: 2022 | AI1: 2023 | AJ1: 2024 | AK1: 2025 | AL1: 2026 | AM1: 2027 | AN1: 2028 | AO1: 2029 | AP1: 2030 | AQ1: 2031 | AR1: 2032 | AS1: 2033 | AT1: 2034 | AU1: 2035 | AV1: 2036 | AW1: 2037 | AX1: 2038 | AY1: 2039 | AZ1: 2040 | BA1: 2041 | BB1: 2042 | BC1: 2043 | BD1: 2044 | BE1: 2045 | BF1: 2046 | BG1: 2047 | BH1: 2048 | BI1: 2049 | BJ1: 2050
A2: BNEF | B2: Residential Buildings | C2: NEO 2024 | D2: ETS | E2: Brazil | F2: Buildings | G2: Residential buildings | H2: Secondary energy consumption | I2: Heat | J2: PJ | L2: 0 | M2: 0 | N2: 0 | O2: 0 | P2: 0 | Q2: 0 | R2: 0 | S2: 0 | T2: 0 | U2: 0 | V2: 0 | W2: 0 | X2: 0 | Y2: 0 | Z2: 0 | AA2: 0 | AB2: 0 | AC2: 0 | AD2: 0 | AE2: 0 | AF2: 0 | AG2: 0 | AH2: 0 | AI2: 0 | AJ2: 0 | AK2: 0 | AL2: 0 | AM2: 0 | AN2: 0 | AO2: 0 | AP2: 0 | AQ2: 0 | AR2: 0 | AS2: 0 | AT2: 0 | AU2: 0 | AV2: 0 | AW2: 0 | AX2: 0 | AY2: 0 | AZ2: 0 | BA2: 0 | BB2: 0 | BC2: 0 | BD2: 0 | BE2: 0 | BF2: 0 | BG2: 0 | BH2: 0 | BI2: 0 | BJ2: 0
C3: NEO 2024 | D3: ETS | E3: Brazil | F3: Buildings | G3: Residential buildings | H3: Secondary energy consumption | I3: Electricity | J3: PJ | L3: 0 | M3: 0 | N3: 0 | O3: 0 | P3: 0 | Q3: 0 | R3: 0 | S3: 0 | T3: 0 | U3: 0 | V3: 0 | W3: 0 | X3: 0 | Y3: 0 | Z3: 0 | AA3: 0 | AB3: 0 | AC3: 0 | AD3: 0 | AE3: 0 | AF3: 0 | AG3: 0 | AH3: 0 | AI3: 0 | AJ3: 0 | AK3: 0 | AL3: 0 | AM3: 0 | AN3: 0 | AO3: 0 | AP3: 0 | AQ3: 0 | AR3: 0 | AS3: 0 | AT3: 0 | AU3: 0 | AV3: 0 | AW3: 0 | AX3: 0 | AY3: 0 | AZ3: 0 | BA3: 0 | BB3: 0 | BC3: 0 | BD3: 0 | BE3: 0 | BF3: 0 | BG3: 0 | BH3: 0 | BI3: 0 | BJ3: 0
C4: NEO 2024 | D4: ETS | E4: Brazil | F4: Buildings | G4: Residential buildings | H4: Secondary energy consumption | I4: Hydrogen | J4: PJ | L4: 0 | M4: 0 | N4: 0 | O4: 0 | P4: 0 | Q4: 0 | R4: 0 | S4: 0 | T4: 0 | U4: 0 | V4: 0 | W4: 0 | X4: 0 | Y4: 0 | Z4: 0 | AA4: 0 | AB4: 0 | AC4: 0 | AD4: 0 | AE4: 0 | AF4: 0 | AG4: 0 | AH4: 0 | AI4: 0 | AJ4: 0 | AK4: 0 | AL4: 0 | AM4: 0 | AN4: 0 | AO4: 0 | AP4: 0 | AQ4: 0 | AR4: 0 | AS4: 0 | AT4: 0 | AU4: 0 | AV4: 0 | AW4: 0 | AX4: 0 | AY4: 0 | AZ4: 0 | BA4: 0 | BB4: 0 | BC4: 0 | BD4: 0 | BE4: 0 | BF4: 0 | BG4: 0 | BH4: 0 | BI4: 0 | BJ4: 0
C5: NEO 2024 | D5: ETS | E5: Brazil | F5: Buildings | G5: Residential buildings | H5: Final energy consumption | I5: Unabated coal | J5: PJ | L5: 0 | M5: 0 | N5: 0 | O5: 0 | P5: 0 | Q5: 0 | R5: 0 | S5: 0 | T5: 0 | U5: 0 | V5: 0 | W5: 0 | X5: 0 | Y5: 0 | Z5: 0 | AA5: 0 | AB5: 0 | AC5: 0 | AD5: 0 | AE5: 0 | AF5: 0 | AG5: 0 | AH5: 0 | AI5: 0 | AJ5: 0 | AK5: 0 | AL5: 0 | AM5: 0 | AN5: 0 | AO5: 0 | AP5: 0 | AQ5: 0 | AR5: 0 | AS5: 0 | AT5: 0 | AU5: 0 | AV5: 0 | AW5: 0 | AX5: 0 | AY5: 0 | AZ5: 0 | BA5: 0 | BB5: 0 | BC5: 0 | BD5: 0 | BE5: 0 | BF5: 0 | BG5: 0 | BH5: 0 | BI5: 0 | BJ5: 0
C6: NEO 2024 | D6: ETS | E6: Brazil | F6: Buildings | G6: Residential buildings | H6: Final energy consumption | I6: Unabated gas | J6: PJ | L6: 6.5 | M6: 6.1 | N6: 6.5 | O6: 7.2 | P6: 7.6 | Q6: 8 | R6: 8.7 | S6: 9.2 | T6: 9.6 | U6: 10 | V6: 10.7 | W6: 11.7 | X6: 12.4 | Y6: 13.4 | Z6: 13 | AA6: 13 | AB6: 14.9 | AC6: 15.9 | AD6: 16.9 | AE6: 17.1 | AF6: 18.6 | AG6: 19.1 | AH6: 19.4 | AI6: 20 | AJ6: 20.3 | AK6: 20.8 | AL6: 21.3 | AM6: 21.8 | AN6: 22.3 | AO6: 22.7 | AP6: 23.2 | AQ6: 23.6 | AR6: 24 | AS6: 24.4 | AT6: 24.8 | AU6: 25.1 | AV6: 25.5 | AW6: 25.8 | AX6: 26.1 | AY6: 26.3 | AZ6: 26.6 | BA6: 26.8 | BB6: 27 | BC6: 27.2 | BD6: 27.3 | BE6: 27.4 | BF6: 27.5 | BG6: 27.5 | BH6: 27.5 | BI6: 27.5 | BJ6: 27.4
C7: NEO 2024 | D7: ETS | E7: Brazil | F7: Buildings | G7: Residential buildings | H7: Final energy consumption | I7: Unabated oil | J7: PJ | L7: 266 | M7: 267 | N7: 258 | O7: 240 | P7: 245 | Q7: 240 | R7: 240 | S7: 247 | T7: 253 | U7: 256 | V7: 264 | W7: 267 | X7: 268 | Y7: 273 | Z7: 274 | AA7: 274 | AB7: 275 | AC7: 277 | AD7: 274 | AE7: 272 | AF7: 282 | AG7: 273 | AH7: 271 | AI7: 283 | AJ7: 285 | AK7: 285 | AL7: 285 | AM7: 284 | AN7: 283 | AO7: 282 | AP7: 281 | AQ7: 280 | AR7: 279 | AS7: 277 | AT7: 276 | AU7: 275 | AV7: 273 | AW7: 271 | AX7: 269 | AY7: 267 | AZ7: 265 | BA7: 263 | BB7: 260 | BC7: 258 | BD7: 255 | BE7: 252 | BF7: 249 | BG7: 246 | BH7: 242 | BI7: 238 | BJ7: 234
C8: NEO 2024 | D8: ETS | E8: Brazil | F8: Buildings | G8: Residential buildings | H8: Final energy consumption | I8: Coal with CCS | J8: PJ | L8: 0 | M8: 0 | N8: 0 | O8: 0 | P8: 0 | Q8: 0 | R8: 0 | S8: 0 | T8: 0 | U8: 0 | V8: 0 | W8: 0 | X8: 0 | Y8: 0 | Z8: 0 | AA8: 0 | AB8: 0 | AC8: 0 | AD8: 0 | AE8: 0 | AF8: 0 | AG8: 0 | AH8: 0 | AI8: 0 | AJ8: 0 | AK8: 0 | AL8: 0 | AM8: 0 | AN8: 0 | AO8: 0 | AP8: 0 | AQ8: 0 | AR8: 0 | AS8: 0 | AT8: 0 | AU8: 0 | AV8: 0 | AW8: 0 | AX8: 0 | AY8: 0 | AZ8: 0 | BA8: 0 | BB8: 0 | BC8: 0 | BD8: 0 | BE8: 0 | BF8: 0 | BG8: 0 | BH8: 0 | BI8: 0 | BJ8: 0
C9: NEO 2024 | D9: ETS | E9: Brazil | F9: Buildings | G9: Residential buildings | H9: Final energy consumption | I9: Gas with CCS | J9: PJ | L9: 0 | M9: 0 | N9: 0 | O9: 0 | P9: 0 | Q9: 0 | R9: 0 | S9: 0 | T9: 0 | U9: 0 | V9: 0 | W9: 0 | X9: 0 | Y9: 0 | Z9: 0 | AA9: 0 | AB9: 0 | AC9: 0 | AD9: 0 | AE9: 0 | AF9: 0 | AG9: 0 | AH9: 0 | AI9: 0 | AJ9: 0 | AK9: 0 | AL9: 0 | AM9: 0 | AN9: 0 | AO9: 0 | AP9: 0 | AQ9: 0 | AR9: 0 | AS9: 0 | AT9: 0 | AU9: 0 | AV9: 0 | AW9: 0 | AX9: 0 | AY9: 0 | AZ9: 0 | BA9: 0 | BB9: 0 | BC9: 0 | BD9: 0 | BE9: 0 | BF9: 0 | BG9: 0 | BH9: 0 | BI9: 0 | BJ9: 0
C10: NEO 2024 | D10: ETS | E10: Brazil | F10: Buildings | G10: Residential buildings | H10: Final energy consumption | I10: Oil with CCS | J10: PJ | L10: 0 | M10: 0 | N10: 0 | O10: 0 | P10: 0 | Q10: 0 | R10: 0 | S10: 0 | T10: 0 | U10: 0 | V10: 0 | W10: 0 | X10: 0 | Y10: 0 | Z10: 0 | AA10: 0 | AB10: 0 | AC10: 0 | AD10: 0 | AE10: 0 | AF10: 0 | AG10: 0 | AH10: 0 | AI10: 0 | AJ10: 0 | AK10: 0 | AL10: 0 | AM10: 0 | AN10: 0 | AO10: 0 | AP10: 0 | AQ10: 0 | AR10: 0 | AS10: 0 | AT10: 0 | AU10: 0 | AV10: 0 | AW10: 0 | AX10: 0 | AY10: 0 | AZ10: 0 | BA10: 0 | BB10: 0 | BC10: 0 | BD10: 0 | BE10: 0 | BF10: 0 | BG10: 0 | BH10: 0 | BI10: 0 | BJ10: 0
C11: NEO 2024 | D11: ETS | E11: Brazil | F11: Buildings | G11: Residential buildings | H11: Final energy consumption | I11: Bioenergy | J11: PJ | L11: 292 | M11: 305 | N11: 340 | O11: 354 | P11: 359 | Q11: 366 | R11: 368 | S11: 349 | T11: 345 | U11: 340 | V11: 326 | W11: 293 | X11: 291 | Y11: 257 | Z11: 276 | AA11: 285 | AB11: 272 | AC11: 288 | AD11: 321 | AE11: 313 | AF11: 319 | AG11: 329 | AH11: 301 | AI11: 297 | AJ11: 290 | AK11: 286 | AL11: 281 | AM11: 277 | AN11: 272 | AO11: 268 | AP11: 263 | AQ11: 258 | AR11: 254 | AS11: 249 | AT11: 244 | AU11: 239 | AV11: 235 | AW11: 230 | AX11: 225 | AY11: 220 | AZ11: 215 | BA11: 210 | BB11: 205 | BC11: 200 | BD11: 194 | BE11: 189 | BF11: 184 | BG11: 179 | BH11: 173 | BI11: 168 | BJ11: 162
C12: NEO 2024 | D12: ETS | E12: Brazil | F12: Buildings | G12: Residential buildings | H12: Final energy consumption | I12: Other renewables | J12: PJ | L12: 2.2 | M12: 2.9 | N12: 3.8 | O12: 4.6 | P12: 5.4 | Q12: 6.3 | R12: 7.2 | S12: 8.3 | T12: 9.4 | U12: 10.5 | V12: 11.8 | W12: 13.2 | X12: 14.7 | Y12: 16.5 | Z12: 18.6 | AA12: 20.6 | AB12: 22.6 | AC12: 24.3 | AD12: 25.9 | AE12: 27.5 | AF12: 29.2 | AG12: 30 | AH12: 31.4 | AI12: 32.7 | AJ12: 33.7 | AK12: 34.9 | AL12: 36.2 | AM12: 37.3 | AN12: 38.4 | AO12: 39.6 | AP12: 40.7 | AQ12: 41.7 | AR12: 42.7 | AS12: 43.7 | AT12: 44.7 | AU12: 45.6 | AV12: 46.5 | AW12: 47.3 | AX12: 48.1 | AY12: 48.9 | AZ12: 49.6 | BA12: 50.2 | BB12: 50.8 | BC12: 51.3 | BD12: 51.8 | BE12: 52.2 | BF12: 52.5 | BG12: 52.8 | BH12: 53 | BI12: 53 | BJ12: 53
C13: NEO 2024 | D13: ETS | E13: Brazil | F13: Buildings | G13: Residential buildings | H13: Final energy consumption | I13: Heat | J13: PJ | L13: 0 | M13: 0 | N13: 0 | O13: 0 | P13: 0 | Q13: 0 | R13: 0 | S13: 0 | T13: 0 | U13: 0 | V13: 0 | W13: 0 | X13: 0 | Y13: 0 | Z13: 0 | AA13: 0 | AB13: 0 | AC13: 0 | AD13: 0 | AE13: 0 | AF13: 0 | AG13: 0 | AH13: 0 | AI13: 0 | AJ13: 0 | AK13: 0 | AL13: 0 | AM13: 0 | AN13: 0 | AO13: 0 | AP13: 0 | AQ13: 0 | AR13: 0 | AS13: 0 | AT13: 0 | AU13: 0 | AV13: 0 | AW13: 0 | AX13: 0 | AY13: 0 | AZ13: 0 | BA13: 0 | BB13: 0 | BC13: 0 | BD13: 0 | BE13: 0 | BF13: 0 | BG13: 0 | BH13: 0 | BI13: 0 | BJ13: 0
C14: NEO 2024 | D14: ETS | E14: Brazil | F14: Buildings | G14: Residential buildings | H14: Final energy consumption | I14: Electricity | J14: PJ | L14: 301 | M14: 266 | N14: 262 | O14: 274 | P14: 283 | Q14: 300 | R14: 309 | S14: 327 | T14: 344 | U14: 366 | V14: 390 | W14: 403 | X14: 424 | Y14: 450 | Z14: 476 | AA14: 472 | AB14: 478 | AC14: 484 | AD14: 496 | AE14: 515 | AF14: 536 | AG14: 542 | AH14: 560 | AI14: 559 | AJ14: 573 | AK14: 585 | AL14: 597 | AM14: 609 | AN14: 622 | AO14: 633 | AP14: 645 | AQ14: 655 | AR14: 666 | AS14: 676 | AT14: 686 | AU14: 696 | AV14: 706 | AW14: 715 | AX14: 723 | AY14: 732 | AZ14: 740 | BA14: 748 | BB14: 755 | BC14: 763 | BD14: 770 | BE14: 777 | BF14: 784 | BG14: 791 | BH14: 798 | BI14: 805 | BJ14: 812
C15: NEO 2024 | D15: ETS | E15: Brazil | F15: Buildings | G15: Residential buildings | H15: Final energy consumption | I15: Hydrogen | J15: PJ | L15: 0 | M15: 0 | N15: 0 | O15: 0 | P15: 0 | Q15: 0 | R15: 0 | S15: 0 | T15: 0 | U15: 0 | V15: 0 | W15: 0 | X15: 0 | Y15: 0 | Z15: 0 | AA15: 0 | AB15: 0 | AC15: 0 | AD15: 0 | AE15: 0 | AF15: 0 | AG15: 0 | AH15: 0 | AI15: 0 | AJ15: 0 | AK15: 0 | AL15: 0 | AM15: 0 | AN15: 0 | AO15: 0 | AP15: 0 | AQ15: 0 | AR15: 0 | AS15: 0 | AT15: 0 | AU15: 0 | AV15: 0 | AW15: 0 | AX15: 0 | AY15: 0 | AZ15: 0 | BA15: 0 | BB15: 0 | BC15: 0 | BD15: 0 | BE15: 0 | BF15: 0 | BG15: 0 | BH15: 0 | BI15: 0 | BJ15: 0
A17: Conversion | B17: PJ to BTU | C17: 948000000000
A20: Database | B20: Sector | C20: Report | D20: Scenario | E20: Region | F20: Macro sector | G20: Sector | H20: Indicator | I20: Fuel/type | J20: Unit | K20: Note | L20: 2000 | M20: 2001 | N20: 2002 | O20: 2003 | P20: 2004 | Q20: 2005 | R20: 2006 | S20: 2007 | T20: 2008 | U20: 2009 | V20: 2010 | W20: 2011 | X20: 2012 | Y20: 2013 | Z20: 2014 | AA20: 2015 | AB20: 2016 | AC20: 2017 | AD20: 2018 | AE20: 2019 | AF20: 2020 | AG20: 2021 | AH20: 2022 | AI20: 2023 | AJ20: 2024 | AK20: 2025 | AL20: 2026 | AM20: 2027 | AN20: 2028 | AO20: 2029 | AP20: 2030 | AQ20: 2031 | AR20: 2032 | AS20: 2033 | AT20: 2034 | AU20: 2035 | AV20: 2036 | AW20: 2037 | AX20: 2038 | AY20: 2039 | AZ20: 2040 | BA20: 2041 | BB20: 2042 | BC20: 2043 | BD20: 2044 | BE20: 2045 | BF20: 2046 | BG20: 2047 | BH20: 2048 | BI20: 2049 | BJ20: 2050
A21: BNEF | B21: Residential Buildings | C21: NEO 2024 | D21: ETS | E21: Brazil | F21: Buildings | G21: Residential buildings | H21: Secondary energy consumption | I21: Heat | J21: BTU | L21: =L2*$C$17 -> 0 | M21: =M2*$C$17 -> 0 | N21: =N2*$C$17 -> 0 | O21: =O2*$C$17 -> 0 | P21: =P2*$C$17 -> 0 | Q21: =Q2*$C$17 -> 0 | R21: =R2*$C$17 -> 0 | S21: =S2*$C$17 -> 0 | ... BJ21: =BJ2*$C$17 -> 0
C22: NEO 2024 | D22: ETS | E22: Brazil | F22: Buildings | G22: Residential buildings | H22: Secondary energy consumption | I22: Electricity | J22: BTU | L22: =L3*$C$17 -> 0 | M22: =M3*$C$17 -> 0 | N22: =N3*$C$17 -> 0 | O22: =O3*$C$17 -> 0 | P22: =P3*$C$17 -> 0 | Q22: =Q3*$C$17 -> 0 | R22: =R3*$C$17 -> 0 | S22: =S3*$C$17 -> 0 | ... BJ22: =BJ3*$C$17 -> 0
C23: NEO 2024 | D23: ETS | E23: Brazil | F23: Buildings | G23: Residential buildings | H23: Secondary energy consumption | I23: Hydrogen | J23: BTU | L23: =L4*$C$17 -> 0 | M23: =M4*$C$17 -> 0 | N23: =N4*$C$17 -> 0 | O23: =O4*$C$17 -> 0 | P23: =P4*$C$17 -> 0 | Q23: =Q4*$C$17 -> 0 | R23: =R4*$C$17 -> 0 | S23: =S4*$C$17 -> 0 | ... BJ23: =BJ4*$C$17 -> 0
C24: NEO 2024 | D24: ETS | E24: Brazil | F24: Buildings | G24: Residential buildings | H24: Final energy consumption | I24: Unabated coal | J24: BTU | L24: =L5*$C$17 -> 0 | M24: =M5*$C$17 -> 0 | N24: =N5*$C$17 -> 0 | O24: =O5*$C$17 -> 0 | P24: =P5*$C$17 -> 0 | Q24: =Q5*$C$17 -> 0 | R24: =R5*$C$17 -> 0 | S24: =S5*$C$17 -> 0 | ... BJ24: =BJ5*$C$17 -> 0
C25: NEO 2024 | D25: ETS | E25: Brazil | F25: Buildings | G25: Residential buildings | H25: Final energy consumption | I25: Unabated gas | J25: BTU | L25: =L6*$C$17 -> 6162000000000 | M25: =M6*$C$17 -> 5782800000000 | N25: =N6*$C$17 -> 6162000000000 | O25: =O6*$C$17 -> 6825600000000 | P25: =P6*$C$17 -> 7204800000000 | Q25: =Q6*$C$17 -> 7584000000000 | R25: =R6*$C$17 -> 8.2476e+12 | S25: =S6*$C$17 -> 8.7216e+12 | ... BJ25: =BJ6*$C$17 -> 25975200000000
C26: NEO 2024 | D26: ETS | E26: Brazil | F26: Buildings | G26: Residential buildings | H26: Final energy consumption | I26: Unabated oil | J26: BTU | L26: =L7*$C$17 -> 252168000000000 | M26: =M7*$C$17 -> 253116000000000 | N26: =N7*$C$17 -> 244584000000000 | O26: =O7*$C$17 -> 227520000000000 | P26: =P7*$C$17 -> 232260000000000 | Q26: =Q7*$C$17 -> 227520000000000 | R26: =R7*$C$17 -> 227520000000000 | S26: =S7*$C$17 -> 234156000000000 | ... BJ26: =BJ7*$C$17 -> 221832000000000
C27: NEO 2024 | D27: ETS | E27: Brazil | F27: Buildings | G27: Residential buildings | H27: Final energy consumption | I27: Coal with CCS | J27: BTU | L27: =L8*$C$17 -> 0 | M27: =M8*$C$17 -> 0 | N27: =N8*$C$17 -> 0 | O27: =O8*$C$17 -> 0 | P27: =P8*$C$17 -> 0 | Q27: =Q8*$C$17 -> 0 | R27: =R8*$C$17 -> 0 | S27: =S8*$C$17 -> 0 | ... BJ27: =BJ8*$C$17 -> 0
C28: NEO 2024 | D28: ETS | E28: Brazil | F28: Buildings | G28: Residential buildings | H28: Final energy consumption | I28: Gas with CCS | J28: BTU | L28: =L9*$C$17 -> 0 | M28: =M9*$C$17 -> 0 | N28: =N9*$C$17 -> 0 | O28: =O9*$C$17 -> 0 | P28: =P9*$C$17 -> 0 | Q28: =Q9*$C$17 -> 0 | R28: =R9*$C$17 -> 0 | S28: =S9*$C$17 -> 0 | ... BJ28: =BJ9*$C$17 -> 0
C29: NEO 2024 | D29: ETS | E29: Brazil | F29: Buildings | G29: Residential buildings | H29: Final energy consumption | I29: Oil with CCS | J29: BTU | L29: =L10*$C$17 -> 0 | M29: =M10*$C$17 -> 0 | N29: =N10*$C$17 -> 0 | O29: =O10*$C$17 -> 0 | P29: =P10*$C$17 -> 0 | Q29: =Q10*$C$17 -> 0 | R29: =R10*$C$17 -> 0 | S29: =S10*$C$17 -> 0 | ... BJ29: =BJ10*$C$17 -> 0
C30: NEO 2024 | D30: ETS | E30: Brazil | F30: Buildings | G30: Residential buildings | H30: Final energy consumption | I30: Bioenergy | J30: BTU | L30: =L11*$C$17 -> 276816000000000 | M30: =M11*$C$17 -> 289140000000000 | N30: =N11*$C$17 -> 322320000000000 | O30: =O11*$C$17 -> 335592000000000 | P30: =P11*$C$17 -> 340332000000000 | Q30: =Q11*$C$17 -> 346968000000000 | R30: =R11*$C$17 -> 348864000000000 | S30: =S11*$C$17 -> 330852000000000 | ... BJ30: =BJ11*$C$17 -> 153576000000000
C31: NEO 2024 | D31: ETS | E31: Brazil | F31: Buildings | G31: Residential buildings | H31: Final energy consumption | I31: Other renewables | J31: BTU | L31: =L12*$C$17 -> 2.0856e+12 | M31: =M12*$C$17 -> 2749200000000 | N31: =N12*$C$17 -> 3602400000000 | O31: =O12*$C$17 -> 4.3608e+12 | P31: =P12*$C$17 -> 5119200000000 | Q31: =Q12*$C$17 -> 5972400000000 | R31: =R12*$C$17 -> 6825600000000 | S31: =S12*$C$17 -> 7.8684e+12 | ... BJ31: =BJ12*$C$17 -> 50244000000000
C32: NEO 2024 | D32: ETS | E32: Brazil | F32: Buildings | G32: Residential buildings | H32: Final energy consumption | I32: Heat | J32: BTU | L32: =L13*$C$17 -> 0 | M32: =M13*$C$17 -> 0 | N32: =N13*$C$17 -> 0 | O32: =O13*$C$17 -> 0 | P32: =P13*$C$17 -> 0 | Q32: =Q13*$C$17 -> 0 | R32: =R13*$C$17 -> 0 | S32: =S13*$C$17 -> 0 | ... BJ32: =BJ13*$C$17 -> 0
C33: NEO 2024 | D33: ETS | E33: Brazil | F33: Buildings | G33: Residential buildings | H33: Final energy consumption | I33: Electricity | J33: BTU | L33: =L14*$C$17 -> 285348000000000 | M33: =M14*$C$17 -> 252168000000000 | N33: =N14*$C$17 -> 248376000000000 | O33: =O14*$C$17 -> 259752000000000 | P33: =P14*$C$17 -> 268284000000000 | Q33: =Q14*$C$17 -> 284400000000000 | R33: =R14*$C$17 -> 292932000000000 | S33: =S14*$C$17 -> 309996000000000 | ... BJ33: =BJ14*$C$17 -> 769776000000000
C34: NEO 2024 | D34: ETS | E34: Brazil | F34: Buildings | G34: Residential buildings | H34: Final energy consumption | I34: Hydrogen | J34: BTU | L34: =L15*$C$17 -> 0 | M34: =M15*$C$17 -> 0 | N34: =N15*$C$17 -> 0 | O34: =O15*$C$17 -> 0 | P34: =P15*$C$17 -> 0 | Q34: =Q15*$C$17 -> 0 | R34: =R15*$C$17 -> 0 | S34: =S15*$C$17 -> 0 | ... BJ34: =BJ15*$C$17 -> 0
A37: Database | B37: Sector | C37: Report | D37: Scenario | E37: Region | F37: Macro sector | G37: Sector | H37: Indicator | I37: Fuel/type | J37: Unit | K37: Note | L37: 2000 | M37: 2001 | N37: 2002 | O37: 2003 | P37: 2004 | Q37: 2005 | R37: 2006 | S37: 2007 | T37: 2008 | U37: 2009 | V37: 2010 | W37: 2011 | X37: 2012 | Y37: 2013 | Z37: 2014 | AA37: 2015 | AB37: 2016 | AC37: 2017 | AD37: 2018 | AE37: 2019 | AF37: 2020 | AG37: 2021 | AH37: 2022 | AI37: 2023 | AJ37: 2024 | AK37: 2025 | AL37: 2026 | AM37: 2027 | AN37: 2028 | AO37: 2029 | AP37: 2030 | AQ37: 2031 | AR37: 2032 | AS37: 2033 | AT37: 2034 | AU37: 2035 | AV37: 2036 | AW37: 2037 | AX37: 2038 | AY37: 2039 | AZ37: 2040 | BA37: 2041 | BB37: 2042 | BC37: 2043 | BD37: 2044 | BE37: 2045 | BF37: 2046 | BG37: 2047 | BH37: 2048 | BI37: 2049 | BJ37: 2050
A38: BNEF | B38: Buildings Commercial | C38: NEO 2024 | D38: ETS | E38: Brazil | F38: Buildings | G38: Commercial buildings | H38: Secondary energy consumption | I38: Heat | J38: PJ | L38: 0 | M38: 0 | N38: 0 | O38: 0 | P38: 0 | Q38: 0 | R38: 0 | S38: 0 | T38: 0 | U38: 0 | V38: 0 | W38: 0 | X38: 0 | Y38: 0 | Z38: 0 | AA38: 0 | AB38: 0 | AC38: 0 | AD38: 0 | AE38: 0 | AF38: 0 | AG38: 0 | AH38: 0 | AI38: 0 | AJ38: 0 | AK38: 0 | AL38: 0 | AM38: 0 | AN38: 0 | AO38: 0 | AP38: 0 | AQ38: 0 | AR38: 0 | AS38: 0 | AT38: 0 | AU38: 0 | AV38: 0 | AW38: 0 | AX38: 0 | AY38: 0 | AZ38: 0 | BA38: 0 | BB38: 0 | BC38: 0 | BD38: 0 | BE38: 0 | BF38: 0 | BG38: 0 | BH38: 0 | BI38: 0 | BJ38: 0
C39: NEO 2024 | D39: ETS | E39: Brazil | F39: Buildings | G39: Commercial buildings | H39: Secondary energy consumption | I39: Electricity | J39: PJ | L39: 0 | M39: 0 | N39: 0 | O39: 0 | P39: 0 | Q39: 0 | R39: 0 | S39: 0 | T39: 0 | U39: 0 | V39: 0 | W39: 0 | X39: 0 | Y39: 0 | Z39: 0 | AA39: 0 | AB39: 0 | AC39: 0 | AD39: 0 | AE39: 0 | AF39: 0 | AG39: 0 | AH39: 0 | AI39: 0 | AJ39: 0 | AK39: 0 | AL39: 0 | AM39: 0 | AN39: 0 | AO39: 0 | AP39: 0 | AQ39: 0 | AR39: 0 | AS39: 0 | AT39: 0 | AU39: 0 | AV39: 0 | AW39: 0 | AX39: 0 | AY39: 0 | AZ39: 0 | BA39: 0 | BB39: 0 | BC39: 0 | BD39: 0 | BE39: 0 | BF39: 0 | BG39: 0 | BH39: 0 | BI39: 0 | BJ39: 0
C40: NEO 2024 | D40: ETS | E40: Brazil | F40: Buildings | G40: Commercial buildings | H40: Secondary energy consumption | I40: Hydrogen | J40: PJ | L40: 0 | M40: 0 | N40: 0 | O40: 0 | P40: 0 | Q40: 0 | R40: 0 | S40: 0 | T40: 0 | U40: 0 | V40: 0 | W40: 0 | X40: 0 | Y40: 0 | Z40: 0 | AA40: 0 | AB40: 0 | AC40: 0 | AD40: 0 | AE40: 0 | AF40: 0 | AG40: 0 | AH40: 0 | AI40: 0 | AJ40: 0 | AK40: 0 | AL40: 0 | AM40: 0 | AN40: 0 | AO40: 0 | AP40: 0 | AQ40: 0 | AR40: 0 | AS40: 0 | AT40: 0 | AU40: 0 | AV40: 0 | AW40: 0 | AX40: 0 | AY40: 0 | AZ40: 0 | BA40: 0 | BB40: 0 | BC40: 0 | BD40: 0 | BE40: 0 | BF40: 0 | BG40: 0 | BH40: 0 | BI40: 0 | BJ40: 0
C41: NEO 2024 | D41: ETS | E41: Brazil | F41: Buildings | G41: Commercial buildings | H41: Final energy consumption | I41: Unabated coal | J41: PJ | L41: 0 | M41: 0 | N41: 0 | O41: 0 | P41: 0 | Q41: 0 | R41: 0 | S41: 0 | T41: 0 | U41: 0 | V41: 0 | W41: 0 | X41: 0 | Y41: 0 | Z41: 0 | AA41: 0 | AB41: 0 | AC41: 0 | AD41: 0 | AE41: 0 | AF41: 0 | AG41: 0 | AH41: 0 | AI41: 0 | AJ41: 0 | AK41: 0 | AL41: 0 | AM41: 0 | AN41: 0 | AO41: 0 | AP41: 0 | AQ41: 0 | AR41: 0 | AS41: 0 | AT41: 0 | AU41: 0 | AV41: 0 | AW41: 0 | AX41: 0 | AY41: 0 | AZ41: 0 | BA41: 0 | BB41: 0 | BC41: 0 | BD41: 0 | BE41: 0 | BF41: 0 | BG41: 0 | BH41: 0 | BI41: 0 | BJ41: 0
C42: NEO 2024 | D42: ETS | E42: Brazil | F42: Buildings | G42: Commercial buildings | H42: Final energy consumption | I42: Unabated gas | J42: PJ | L42: 4 | M42: 7 | N42: 9.4 | O42: 10.1 | P42: 11 | Q42: 11.8 | R42: 13.4 | S42: 13.9 | T42: 7.3 | U42: 7.5 | V42: 11 | W42: 9.7 | X42: 9.9 | Y42: 9.5 | Z42: 9.2 | AA42: 6.6 | AB42: 7.4 | AC42: 5.6 | AD42: 6.4 | AE42: 6.2 | AF42: 4.7 | AG42: 5.7 | AH42: 5.8 | AI42: 5.9 | AJ42: 5.9 | AK42: 6 | AL42: 6.1 | AM42: 6.1 | AN42: 6.2 | AO42: 6.3 | AP42: 6.3 | AQ42: 6.4 | AR42: 6.5 | AS42: 6.5 | AT42: 6.6 | AU42: 6.7 | AV42: 6.7 | AW42: 6.8 | AX42: 6.9 | AY42: 7 | AZ42: 7 | BA42: 7.1 | BB42: 7.2 | BC42: 7.3 | BD42: 7.3 | BE42: 7.4 | BF42: 7.5 | BG42: 7.6 | BH42: 7.7 | BI42: 7.7 | BJ42: 7.8
C43: NEO 2024 | D43: ETS | E43: Brazil | F43: Buildings | G43: Commercial buildings | H43: Final energy consumption | I43: Unabated oil | J43: PJ | L43: 56.9 | M43: 57.5 | N43: 61.1 | O43: 46.6 | P43: 49 | Q43: 44.7 | R43: 43.1 | S43: 45 | T43: 45.2 | U43: 36.5 | V43: 31.5 | W43: 33.8 | X43: 30.9 | Y43: 29.8 | Z43: 31 | AA43: 29.1 | AB43: 28.6 | AC43: 29 | AD43: 29 | AE43: 29.5 | AF43: 27.2 | AG43: 30.4 | AH43: 30 | AI43: 29.6 | AJ43: 29.2 | AK43: 28.8 | AL43: 28.4 | AM43: 28 | AN43: 27.7 | AO43: 27.3 | AP43: 26.9 | AQ43: 26.5 | AR43: 26.2 | AS43: 25.8 | AT43: 25.5 | AU43: 25.1 | AV43: 24.8 | AW43: 24.5 | AX43: 24.1 | AY43: 23.8 | AZ43: 23.5 | BA43: 23.2 | BB43: 22.9 | BC43: 22.5 | BD43: 22.2 | BE43: 21.9 | BF43: 21.6 | BG43: 21.4 | BH43: 21.1 | BI43: 20.8 | BJ43: 20.5
C44: NEO 2024 | D44: ETS | E44: Brazil | F44: Buildings | G44: Commercial buildings | H44: Final energy consumption | I44: Coal with CCS | J44: PJ | L44: 0 | M44: 0 | N44: 0 | O44: 0 | P44: 0 | Q44: 0 | R44: 0 | S44: 0 | T44: 0 | U44: 0 | V44: 0 | W44: 0 | X44: 0 | Y44: 0 | Z44: 0 | AA44: 0 | AB44: 0 | AC44: 0 | AD44: 0 | AE44: 0 | AF44: 0 | AG44: 0 | AH44: 0 | AI44: 0 | AJ44: 0 | AK44: 0 | AL44: 0 | AM44: 0 | AN44: 0 | AO44: 0 | AP44: 0 | AQ44: 0 | AR44: 0 | AS44: 0 | AT44: 0 | AU44: 0 | AV44: 0 | AW44: 0 | AX44: 0 | AY44: 0 | AZ44: 0 | BA44: 0 | BB44: 0 | BC44: 0 | BD44: 0 | BE44: 0 | BF44: 0 | BG44: 0 | BH44: 0 | BI44: 0 | BJ44: 0
C45: NEO 2024 | D45: ETS | E45: Brazil | F45: Buildings | G45: Commercial buildings | H45: Final energy consumption | I45: Gas with CCS | J45: PJ | L45: 0 | M45: 0 | N45: 0 | O45: 0 | P45: 0 | Q45: 0 | R45: 0 | S45: 0 | T45: 0 | U45: 0 | V45: 0 | W45: 0 | X45: 0 | Y45: 0 | Z45: 0 | AA45: 0 | AB45: 0 | AC45: 0 | AD45: 0 | AE45: 0 | AF45: 0 | AG45: 0 | AH45: 0 | AI45: 0 | AJ45: 0 | AK45: 0 | AL45: 0 | AM45: 0 | AN45: 0 | AO45: 0 | AP45: 0 | AQ45: 0 | AR45: 0 | AS45: 0 | AT45: 0 | AU45: 0 | AV45: 0 | AW45: 0 | AX45: 0 | AY45: 0 | AZ45: 0 | BA45: 0 | BB45: 0 | BC45: 0 | BD45: 0 | BE45: 0 | BF45: 0 | BG45: 0 | BH45: 0 | BI45: 0 | BJ45: 0
C46: NEO 2024 | D46: ETS | E46: Brazil | F46: Buildings | G46: Commercial buildings | H46: Final energy consumption | I46: Oil with CCS | J46: PJ | L46: 0 | M46: 0 | N46: 0 | O46: 0 | P46: 0 | Q46: 0 | R46: 0 | S46: 0 | T46: 0 | U46: 0 | V46: 0 | W46: 0 | X46: 0 | Y46: 0 | Z46: 0 | AA46: 0 | AB46: 0 | AC46: 0 | AD46: 0 | AE46: 0 | AF46: 0 | AG46: 0 | AH46: 0 | AI46: 0 | AJ46: 0 | AK46: 0 | AL46: 0 | AM46: 0 | AN46: 0 | AO46: 0 | AP46: 0 | AQ46: 0 | AR46: 0 | AS46: 0 | AT46: 0 | AU46: 0 | AV46: 0 | AW46: 0 | AX46: 0 | AY46: 0 | AZ46: 0 | BA46: 0 | BB46: 0 | BC46: 0 | BD46: 0 | BE46: 0 | BF46: 0 | BG46: 0 | BH46: 0 | BI46: 0 | BJ46: 0
C47: NEO 2024 | D47: ETS | E47: Brazil | F47: Buildings | G47: Commercial buildings | H47: Final energy consumption | I47: Bioenergy | J47: PJ | L47: 5.8 | M47: 5.6 | N47: 5.2 | O47: 5.9 | P47: 5.7 | Q47: 5.9 | R47: 6 | S47: 6.3 | T47: 6.5 | U47: 6.6 | V47: 7.3 | W47: 7.8 | X47: 7.8 | Y47: 7.8 | Z47: 7.9 | AA47: 7.6 | AB47: 7.3 | AC47: 7.4 | AD47: 7.1 | AE47: 6.9 | AF47: 6.6 | AG47: 6.9 | AH47: 6.9 | AI47: 7 | AJ47: 7 | AK47: 7.1 | AL47: 7.1 | AM47: 7.2 | AN47: 7.2 | AO47: 7.3 | AP47: 7.3 | AQ47: 7.4 | AR47: 7.4 | AS47: 7.5 | AT47: 7.5 | AU47: 7.6 | AV47: 7.6 | AW47: 7.7 | AX47: 7.7 | AY47: 7.8 | AZ47: 7.9 | BA47: 7.9 | BB47: 8 | BC47: 8 | BD47: 8.1 | BE47: 8.1 | BF47: 8.2 | BG47: 8.3 | BH47: 8.3 | BI47: 8.4 | BJ47: 8.4
C48: NEO 2024 | D48: ETS | E48: Brazil | F48: Buildings | G48: Commercial buildings | H48: Final energy consumption | I48: Other renewables | J48: PJ | L48: 0.1 | M48: 0.2 | N48: 0.4 | O48: 0.5 | P48: 0.7 | Q48: 0.8 | R48: 1 | S48: 1.2 | T48: 1.4 | U48: 1.6 | V48: 1.9 | W48: 2.1 | X48: 2.5 | Y48: 2.9 | Z48: 3.4 | AA48: 3.9 | AB48: 4.4 | AC48: 4.8 | AD48: 5.2 | AE48: 5.6 | AF48: 6.1 | AG48: 7.4 | AH48: 8.1 | AI48: 8.9 | AJ48: 9.8 | AK48: 10.7 | AL48: 11.8 | AM48: 12.9 | AN48: 14.2 | AO48: 15.5 | AP48: 17.1 | AQ48: 18.7 | AR48: 20.5 | AS48: 22.5 | AT48: 24.7 | AU48: 27.1 | AV48: 29.8 | AW48: 32.7 | AX48: 35.8 | AY48: 39.3 | AZ48: 43.1 | BA48: 47.3 | BB48: 51.9 | BC48: 57 | BD48: 62.5 | BE48: 68.6 | BF48: 75.3 | BG48: 82.6 | BH48: 90.6 | BI48: 99.4 | BJ48: 109
C49: NEO 2024 | D49: ETS | E49: Brazil | F49: Buildings | G49: Commercial buildings | H49: Final energy consumption | I49: Heat | J49: PJ | L49: 0 | M49: 0 | N49: 0 | O49: 0 | P49: 0 | Q49: 0 | R49: 0 | S49: 0 | T49: 0 | U49: 0 | V49: 0 | W49: 0 | X49: 0 | Y49: 0 | Z49: 0 | AA49: 0 | AB49: 0 | AC49: 0 | AD49: 0 | AE49: 0 | AF49: 0 | AG49: 0 | AH49: 0 | AI49: 0 | AJ49: 0 | AK49: 0 | AL49: 0 | AM49: 0 | AN49: 0 | AO49: 0 | AP49: 0 | AQ49: 0 | AR49: 0 | AS49: 0 | AT49: 0 | AU49: 0 | AV49: 0 | AW49: 0 | AX49: 0 | AY49: 0 | AZ49: 0 | BA49: 0 | BB49: 0 | BC49: 0 | BD49: 0 | BE49: 0 | BF49: 0 | BG49: 0 | BH49: 0 | BI49: 0 | BJ49: 0
C50: NEO 2024 | D50: ETS | E50: Brazil | F50: Buildings | G50: Commercial buildings | H50: Final energy consumption | I50: Electricity | J50: PJ | L50: 276 | M50: 259 | N50: 265 | O50: 281 | P50: 289 | Q50: 310 | R50: 318 | S50: 332 | T50: 349 | U50: 364 | V50: 384 | W50: 404 | X50: 431 | Y50: 453 | Z50: 481 | AA50: 486 | AB50: 476 | AC50: 481 | AD50: 490 | AE50: 507 | AF50: 459 | AG50: 476 | AH50: 510 | AI50: 505 | AJ50: 512 | AK50: 519 | AL50: 526 | AM50: 533 | AN50: 541 | AO50: 548 | AP50: 556 | AQ50: 563 | AR50: 570 | AS50: 576 | AT50: 583 | AU50: 590 | AV50: 596 | AW50: 603 | AX50: 610 | AY50: 617 | AZ50: 624 | BA50: 630 | BB50: 637 | BC50: 644 | BD50: 651 | BE50: 658 | BF50: 665 | BG50: 672 | BH50: 679 | BI50: 686 | BJ50: 693
C51: NEO 2024 | D51: ETS | E51: Brazil | F51: Buildings | G51: Commercial buildings | H51: Final energy consumption | I51: Hydrogen | J51: PJ | L51: 0 | M51: 0 | N51: 0 | O51: 0 | P51: 0 | Q51: 0 | R51: 0 | S51: 0 | T51: 0 | U51: 0 | V51: 0 | W51: 0 | X51: 0 | Y51: 0 | Z51: 0 | AA51: 0 | AB51: 0 | AC51: 0 | AD51: 0 | AE51: 0 | AF51: 0 | AG51: 0 | AH51: 0 | AI51: 0 | AJ51: 0 | AK51: 0 | AL51: 0 | AM51: 0 | AN51: 0 | AO51: 0 | AP51: 0 | AQ51: 0 | AR51: 0 | AS51: 0 | AT51: 0 | AU51: 0 | AV51: 0 | AW51: 0 | AX51: 0 | AY51: 0 | AZ51: 0 | BA51: 0 | BB51: 0 | BC51: 0 | BD51: 0 | BE51: 0 | BF51: 0 | BG51: 0 | BH51: 0 | BI51: 0 | BJ51: 0
A54: Database | B54: Sector | C54: Report | D54: Scenario | E54: Region | F54: Macro sector | G54: Sector | H54: Indicator | I54: Fuel/type | J54: Unit | K54: Note | L54: 2000 | M54: 2001 | N54: 2002 | O54: 2003 | P54: 2004 | Q54: 2005 | R54: 2006 | S54: 2007 | T54: 2008 | U54: 2009 | V54: 2010 | W54: 2011 | X54: 2012 | Y54: 2013 | Z54: 2014 | AA54: 2015 | AB54: 2016 | AC54: 2017 | AD54: 2018 | AE54: 2019 | AF54: 2020 | AG54: 2021 | AH54: 2022 | AI54: 2023 | AJ54: 2024 | AK54: 2025 | AL54: 2026 | AM54: 2027 | AN54: 2028 | AO54: 2029 | AP54: 2030 | AQ54: 2031 | AR54: 2032 | AS54: 2033 | AT54: 2034 | AU54: 2035 | AV54: 2036 | AW54: 2037 | AX54: 2038 | AY54: 2039 | AZ54: 2040 | BA54: 2041 | BB54: 2042 | BC54: 2043 | BD54: 2044 | BE54: 2045 | BF54: 2046 | BG54: 2047 | BH54: 2048 | BI54: 2049 | BJ54: 2050
A55: BNEF | B55: Buildings Commercial | C55: NEO 2024 | D55: ETS | E55: Brazil | F55: Buildings | G55: Commercial buildings | H55: Secondary energy consumption | I55: Heat | J55: BTU | L55: =L38*$C$17 -> 0 | M55: =M38*$C$17 -> 0 | N55: =N38*$C$17 -> 0 | O55: =O38*$C$17 -> 0 | P55: =P38*$C$17 -> 0 | Q55: =Q38*$C$17 -> 0 | R55: =R38*$C$17 -> 0 | S55: =S38*$C$17 -> 0 | ... BJ55: =BJ38*$C$17 -> 0
C56: NEO 2024 | D56: ETS | E56: Brazil | F56: Buildings | G56: Commercial buildings | H56: Secondary energy consumption | I56: Electricity | J56: BTU | L56: =L39*$C$17 -> 0 | M56: =M39*$C$17 -> 0 | N56: =N39*$C$17 -> 0 | O56: =O39*$C$17 -> 0 | P56: =P39*$C$17 -> 0 | Q56: =Q39*$C$17 -> 0 | R56: =R39*$C$17 -> 0 | S56: =S39*$C$17 -> 0 | ... BJ56: =BJ39*$C$17 -> 0
C57: NEO 2024 | D57: ETS | E57: Brazil | F57: Buildings | G57: Commercial buildings | H57: Secondary energy consumption | I57: Hydrogen | J57: BTU | L57: =L40*$C$17 -> 0 | M57: =M40*$C$17 -> 0 | N57: =N40*$C$17 -> 0 | O57: =O40*$C$17 -> 0 | P57: =P40*$C$17 -> 0 | Q57: =Q40*$C$17 -> 0 | R57: =R40*$C$17 -> 0 | S57: =S40*$C$17 -> 0 | ... BJ57: =BJ40*$C$17 -> 0
C58: NEO 2024 | D58: ETS | E58: Brazil | F58: Buildings | G58: Commercial buildings | H58: Final energy consumption | I58: Unabated coal | J58: BTU | L58: =L41*$C$17 -> 0 | M58: =M41*$C$17 -> 0 | N58: =N41*$C$17 -> 0 | O58: =O41*$C$17 -> 0 | P58: =P41*$C$17 -> 0 | Q58: =Q41*$C$17 -> 0 | R58: =R41*$C$17 -> 0 | S58: =S41*$C$17 -> 0 | ... BJ58: =BJ41*$C$17 -> 0
C59: NEO 2024 | D59: ETS | E59: Brazil | F59: Buildings | G59: Commercial buildings | H59: Final energy consumption | I59: Unabated gas | J59: BTU | L59: =L42*$C$17 -> 3792000000000 | M59: =M42*$C$17 -> 6636000000000 | N59: =N42*$C$17 -> 8911200000000 | O59: =O42*$C$17 -> 9574800000000 | P59: =P42*$C$17 -> 10428000000000 | Q59: =Q42*$C$17 -> 11186400000000 | R59: =R42*$C$17 -> 12703200000000 | S59: =S42*$C$17 -> 13177200000000 | ... BJ59: =BJ42*$C$17 -> 7394400000000
C60: NEO 2024 | D60: ETS | E60: Brazil | F60: Buildings | G60: Commercial buildings | H60: Final energy consumption | I60: Unabated oil | J60: BTU | L60: =L43*$C$17 -> 53941200000000 | M60: =M43*$C$17 -> 54510000000000 | N60: =N43*$C$17 -> 57922800000000 | O60: =O43*$C$17 -> 44176800000000 | P60: =P43*$C$17 -> 46452000000000 | Q60: =Q43*$C$17 -> 42375600000000 | R60: =R43*$C$17 -> 40858800000000 | S60: =S43*$C$17 -> 42660000000000 | ... BJ60: =BJ43*$C$17 -> 19434000000000
C61: NEO 2024 | D61: ETS | E61: Brazil | F61: Buildings | G61: Commercial buildings | H61: Final energy consumption | I61: Coal with CCS | J61: BTU | L61: =L44*$C$17 -> 0 | M61: =M44*$C$17 -> 0 | N61: =N44*$C$17 -> 0 | O61: =O44*$C$17 -> 0 | P61: =P44*$C$17 -> 0 | Q61: =Q44*$C$17 -> 0 | R61: =R44*$C$17 -> 0 | S61: =S44*$C$17 -> 0 | ... BJ61: =BJ44*$C$17 -> 0
C62: NEO 2024 | D62: ETS | E62: Brazil | F62: Buildings | G62: Commercial buildings | H62: Final energy consumption | I62: Gas with CCS | J62: BTU | L62: =L45*$C$17 -> 0 | M62: =M45*$C$17 -> 0 | N62: =N45*$C$17 -> 0 | O62: =O45*$C$17 -> 0 | P62: =P45*$C$17 -> 0 | Q62: =Q45*$C$17 -> 0 | R62: =R45*$C$17 -> 0 | S62: =S45*$C$17 -> 0 | ... BJ62: =BJ45*$C$17 -> 0
C63: NEO 2024 | D63: ETS | E63: Brazil | F63: Buildings | G63: Commercial buildings | H63: Final energy consumption | I63: Oil with CCS | J63: BTU | L63: =L46*$C$17 -> 0 | M63: =M46*$C$17 -> 0 | N63: =N46*$C$17 -> 0 | O63: =O46*$C$17 -> 0 | P63: =P46*$C$17 -> 0 | Q63: =Q46*$C$17 -> 0 | R63: =R46*$C$17 -> 0 | S63: =S46*$C$17 -> 0 | ... BJ63: =BJ46*$C$17 -> 0
C64: NEO 2024 | D64: ETS | E64: Brazil | F64: Buildings | G64: Commercial buildings | H64: Final energy consumption | I64: Bioenergy | J64: BTU | L64: =L47*$C$17 -> 5498400000000 | M64: =M47*$C$17 -> 5308800000000 | N64: =N47*$C$17 -> 4929600000000 | O64: =O47*$C$17 -> 5593200000000 | P64: =P47*$C$17 -> 5403600000000 | Q64: =Q47*$C$17 -> 5593200000000 | R64: =R47*$C$17 -> 5688000000000 | S64: =S47*$C$17 -> 5972400000000 | ... BJ64: =BJ47*$C$17 -> 7963200000000
C65: NEO 2024 | D65: ETS | E65: Brazil | F65: Buildings | G65: Commercial buildings | H65: Final energy consumption | I65: Other renewables | J65: BTU | L65: =L48*$C$17 -> 94800000000 | M65: =M48*$C$17 -> 189600000000 | N65: =N48*$C$17 -> 379200000000 | O65: =O48*$C$17 -> 474000000000 | P65: =P48*$C$17 -> 663600000000 | Q65: =Q48*$C$17 -> 758400000000 | R65: =R48*$C$17 -> 948000000000 | S65: =S48*$C$17 -> 1137600000000 | ... BJ65: =BJ48*$C$17 -> 103332000000000
C66: NEO 2024 | D66: ETS | E66: Brazil | F66: Buildings | G66: Commercial buildings | H66: Final energy consumption | I66: Heat | J66: BTU | L66: =L49*$C$17 -> 0 | M66: =M49*$C$17 -> 0 | N66: =N49*$C$17 -> 0 | O66: =O49*$C$17 -> 0 | P66: =P49*$C$17 -> 0 | Q66: =Q49*$C$17 -> 0 | R66: =R49*$C$17 -> 0 | S66: =S49*$C$17 -> 0 | ... BJ66: =BJ49*$C$17 -> 0
C67: NEO 2024 | D67: ETS | E67: Brazil | F67: Buildings | G67: Commercial buildings | H67: Final energy consumption | I67: Electricity | J67: BTU | L67: =L50*$C$17 -> 261648000000000 | M67: =M50*$C$17 -> 245532000000000 | N67: =N50*$C$17 -> 251220000000000 | O67: =O50*$C$17 -> 266388000000000 | P67: =P50*$C$17 -> 273972000000000 | Q67: =Q50*$C$17 -> 293880000000000 | R67: =R50*$C$17 -> 301464000000000 | S67: =S50*$C$17 -> 314736000000000 | ... BJ67: =BJ50*$C$17 -> 656964000000000
C68: NEO 2024 | D68: ETS | E68: Brazil | F68: Buildings | G68: Commercial buildings | H68: Final energy consumption | I68: Hydrogen | J68: BTU | L68: =L51*$C$17 -> 0 | M68: =M51*$C$17 -> 0 | N68: =N51*$C$17 -> 0 | O68: =O51*$C$17 -> 0 | P68: =P51*$C$17 -> 0 | Q68: =Q51*$C$17 -> 0 | R68: =R51*$C$17 -> 0 | S68: =S51*$C$17 -> 0 | ... BJ68: =BJ51*$C$17 -> 0

Sheet Urban-residential-heating-MSTIC
A1: Year | B1: 2020 | C1: 2021 | D1: 2022 | E1: 2023 | F1: 2024 | G1: 2025 | H1: 2026 | I1: 2027 | J1: 2028 | K1: 2029 | L1: 2030 | M1: 2031 | N1: 2032 | O1: 2033 | P1: 2034 | Q1: 2035 | R1: 2036 | S1: 2037 | T1: 2038 | U1: 2039 | V1: 2040 | W1: 2041 | X1: 2042 | Y1: 2043 | Z1: 2044 | AA1: 2045 | AB1: 2046 | AC1: 2047 | AD1: 2048 | AE1: 2049 | AF1: 2050
A2: electricity (BTU) | B2: =About!$B$108 -> 0 | C2: =About!$B$108 -> 0 | D2: =About!$B$108 -> 0 | E2: =About!$B$108 -> 0 | F2: =About!$B$108 -> 0 | G2: =About!$B$108 -> 0 | H2: =About!$B$108 -> 0 | I2: =About!$B$108 -> 0 | ... AF2: =About!$B$108 -> 0
A3: coal (BTU) | B3: =About!$B$108 -> 0 | C3: =About!$B$108 -> 0 | D3: =About!$B$108 -> 0 | E3: =About!$B$108 -> 0 | F3: =About!$B$108 -> 0 | G3: =About!$B$108 -> 0 | H3: =About!$B$108 -> 0 | I3: =About!$B$108 -> 0 | ... AF3: =About!$B$108 -> 0
A4: natural gas (BTU) | B4: =About!$B$108 -> 0 | C4: =About!$B$108 -> 0 | D4: =About!$B$108 -> 0 | E4: =About!$B$108 -> 0 | F4: =About!$B$108 -> 0 | G4: =About!$B$108 -> 0 | H4: =About!$B$108 -> 0 | I4: =About!$B$108 -> 0 | ... AF4: =About!$B$108 -> 0
A5: petroleum diesel (BTU) | B5: =About!$B$108 -> 0 | C5: =About!$B$108 -> 0 | D5: =About!$B$108 -> 0 | E5: =About!$B$108 -> 0 | F5: =About!$B$108 -> 0 | G5: =About!$B$108 -> 0 | H5: =About!$B$108 -> 0 | I5: =About!$B$108 -> 0 | ... AF5: =About!$B$108 -> 0
A6: heat (BTU) | B6: =About!$B$108 -> 0 | C6: =About!$B$108 -> 0 | D6: =About!$B$108 -> 0 | E6: =About!$B$108 -> 0 | F6: =About!$B$108 -> 0 | G6: =About!$B$108 -> 0 | H6: =About!$B$108 -> 0 | I6: =About!$B$108 -> 0 | ... AF6: =About!$B$108 -> 0
A7: biomass (BTU) | B7: =About!$B$108 -> 0 | C7: =About!$B$108 -> 0 | D7: =About!$B$108 -> 0 | E7: =About!$B$108 -> 0 | F7: =About!$B$108 -> 0 | G7: =About!$B$108 -> 0 | H7: =About!$B$108 -> 0 | I7: =About!$B$108 -> 0 | ... AF7: =About!$B$108 -> 0
A8: kerosene (BTU) | B8: =About!$B$108 -> 0 | C8: =About!$B$108 -> 0 | D8: =About!$B$108 -> 0 | E8: =About!$B$108 -> 0 | F8: =About!$B$108 -> 0 | G8: =About!$B$108 -> 0 | H8: =About!$B$108 -> 0 | I8: =About!$B$108 -> 0 | ... AF8: =About!$B$108 -> 0
A9: heavy or residual fuel oil (BTU) | B9: =About!$B$108 -> 0 | C9: =About!$B$108 -> 0 | D9: =About!$B$108 -> 0 | E9: =About!$B$108 -> 0 | F9: =About!$B$108 -> 0 | G9: =About!$B$108 -> 0 | H9: =About!$B$108 -> 0 | I9: =About!$B$108 -> 0 | ... AF9: =About!$B$108 -> 0
A10: LPG propane or butane (BTU) | B10: =About!$B$108 -> 0 | C10: =About!$B$108 -> 0 | D10: =About!$B$108 -> 0 | E10: =About!$B$108 -> 0 | F10: =About!$B$108 -> 0 | G10: =About!$B$108 -> 0 | H10: =About!$B$108 -> 0 | I10: =About!$B$108 -> 0 | ... AF10: =About!$B$108 -> 0
A11: hydrogen (BTU) | B11: =About!$B$108 -> 0 | C11: =About!$B$108 -> 0 | D11: =About!$B$108 -> 0 | E11: =About!$B$108 -> 0 | F11: =About!$B$108 -> 0 | G11: =About!$B$108 -> 0 | H11: =About!$B$108 -> 0 | I11: =About!$B$108 -> 0 | ... AF11: =About!$B$108 -> 0

Sheet Urban-residential-cooling-MSTIC
A1: Year | B1: 2020 | C1: 2021 | D1: 2022 | E1: 2023 | F1: 2024 | G1: 2025 | H1: 2026 | I1: 2027 | J1: 2028 | K1: 2029 | L1: 2030 | M1: 2031 | N1: 2032 | O1: 2033 | P1: 2034 | Q1: 2035 | R1: 2036 | S1: 2037 | T1: 2038 | U1: 2039 | V1: 2040 | W1: 2041 | X1: 2042 | Y1: 2043 | Z1: 2044 | AA1: 2045 | AB1: 2046 | AC1: 2047 | AD1: 2048 | AE1: 2049 | AF1: 2050
A2: electricity (BTU) | B2: ='Electricity Share'!B39 -> 2.0078455e+14 | C2: ='Electricity Share'!C39 -> 2.0774297e+14 | D2: ='Electricity Share'!D39 -> 2.1236196e+14 | E2: ='Electricity Share'!E39 -> 2.0969275e+14 | F2: ='Electricity Share'!F39 -> 2.1191959e+14 | G2: ='Electricity Share'!G39 -> 2.1361981e+14 | H2: ='Electricity Share'!H39 -> 2.1519149e+14 | I2: ='Electricity Share'!I39 -> 2.1662481e+14 | ... AF2: ='Electricity Share'!AF39 -> 2.9590398e+14
A3: coal (BTU) | B3: 0 | C3: 0 | D3: 0 | E3: 0 | F3: 0 | G3: 0 | H3: 0 | I3: 0 | J3: 0 | K3: 0 | L3: 0 | M3: 0 | N3: 0 | O3: 0 | P3: 0 | Q3: 0 | R3: 0 | S3: 0 | T3: 0 | U3: 0 | V3: 0 | W3: 0 | X3: 0 | Y3: 0 | Z3: 0 | AA3: 0 | AB3: 0 | AC3: 0 | AD3: 0 | AE3: 0 | AF3: 0
A4: natural gas (BTU) | B4: 0 | C4: 0 | D4: 0 | E4: 0 | F4: 0 | G4: 0 | H4: 0 | I4: 0 | J4: 0 | K4: 0 | L4: 0 | M4: 0 | N4: 0 | O4: 0 | P4: 0 | Q4: 0 | R4: 0 | S4: 0 | T4: 0 | U4: 0 | V4: 0 | W4: 0 | X4: 0 | Y4: 0 | Z4: 0 | AA4: 0 | AB4: 0 | AC4: 0 | AD4: 0 | AE4: 0 | AF4: 0
A5: petroleum diesel (BTU) | B5: 0 | C5: 0 | D5: 0 | E5: 0 | F5: 0 | G5: 0 | H5: 0 | I5: 0 | J5: 0 | K5: 0 | L5: 0 | M5: 0 | N5: 0 | O5: 0 | P5: 0 | Q5: 0 | R5: 0 | S5: 0 | T5: 0 | U5: 0 | V5: 0 | W5: 0 | X5: 0 | Y5: 0 | Z5: 0 | AA5: 0 | AB5: 0 | AC5: 0 | AD5: 0 | AE5: 0 | AF5: 0
A6: heat (BTU) | B6: 0 | C6: 0 | D6: 0 | E6: 0 | F6: 0 | G6: 0 | H6: 0 | I6: 0 | J6: 0 | K6: 0 | L6: 0 | M6: 0 | N6: 0 | O6: 0 | P6: 0 | Q6: 0 | R6: 0 | S6: 0 | T6: 0 | U6: 0 | V6: 0 | W6: 0 | X6: 0 | Y6: 0 | Z6: 0 | AA6: 0 | AB6: 0 | AC6: 0 | AD6: 0 | AE6: 0 | AF6: 0
A7: biomass (BTU) | B7: 0 | C7: 0 | D7: 0 | E7: 0 | F7: 0 | G7: 0 | H7: 0 | I7: 0 | J7: 0 | K7: 0 | L7: 0 | M7: 0 | N7: 0 | O7: 0 | P7: 0 | Q7: 0 | R7: 0 | S7: 0 | T7: 0 | U7: 0 | V7: 0 | W7: 0 | X7: 0 | Y7: 0 | Z7: 0 | AA7: 0 | AB7: 0 | AC7: 0 | AD7: 0 | AE7: 0 | AF7: 0
A8: kerosene (BTU) | B8: 0 | C8: 0 | D8: 0 | E8: 0 | F8: 0 | G8: 0 | H8: 0 | I8: 0 | J8: 0 | K8: 0 | L8: 0 | M8: 0 | N8: 0 | O8: 0 | P8: 0 | Q8: 0 | R8: 0 | S8: 0 | T8: 0 | U8: 0 | V8: 0 | W8: 0 | X8: 0 | Y8: 0 | Z8: 0 | AA8: 0 | AB8: 0 | AC8: 0 | AD8: 0 | AE8: 0 | AF8: 0
A9: heavy or residual fuel oil (BTU) | B9: 0 | C9: 0 | D9: 0 | E9: 0 | F9: 0 | G9: 0 | H9: 0 | I9: 0 | J9: 0 | K9: 0 | L9: 0 | M9: 0 | N9: 0 | O9: 0 | P9: 0 | Q9: 0 | R9: 0 | S9: 0 | T9: 0 | U9: 0 | V9: 0 | W9: 0 | X9: 0 | Y9: 0 | Z9: 0 | AA9: 0 | AB9: 0 | AC9: 0 | AD9: 0 | AE9: 0 | AF9: 0
A10: LPG propane or butane (BTU) | B10: 0 | C10: 0 | D10: 0 | E10: 0 | F10: 0 | G10: 0 | H10: 0 | I10: 0 | J10: 0 | K10: 0 | L10: 0 | M10: 0 | N10: 0 | O10: 0 | P10: 0 | Q10: 0 | R10: 0 | S10: 0 | T10: 0 | U10: 0 | V10: 0 | W10: 0 | X10: 0 | Y10: 0 | Z10: 0 | AA10: 0 | AB10: 0 | AC10: 0 | AD10: 0 | AE10: 0 | AF10: 0
A11: hydrogen (BTU) | B11: 0 | C11: 0 | D11: 0 | E11: 0 | F11: 0 | G11: 0 | H11: 0 | I11: 0 | J11: 0 | K11: 0 | L11: 0 | M11: 0 | N11: 0 | O11: 0 | P11: 0 | Q11: 0 | R11: 0 | S11: 0 | T11: 0 | U11: 0 | V11: 0 | W11: 0 | X11: 0 | Y11: 0 | Z11: 0 | AA11: 0 | AB11: 0 | AC11: 0 | AD11: 0 | AE11: 0 | AF11: 0

Sheet Urban-residential-lighting-MSTI
A1: Year | B1: 2020 | C1: 2021 | D1: 2022 | E1: 2023 | F1: 2024 | G1: 2025 | H1: 2026 | I1: 2027 | J1: 2028 | K1: 2029 | L1: 2030 | M1: 2031 | N1: 2032 | O1: 2033 | P1: 2034 | Q1: 2035 | R1: 2036 | S1: 2037 | T1: 2038 | U1: 2039 | V1: 2040 | W1: 2041 | X1: 2042 | Y1: 2043 | Z1: 2044 | AA1: 2045 | AB1: 2046 | AC1: 2047 | AD1: 2048 | AE1: 2049 | AF1: 2050
A2: electricity (BTU) | B2: ='Electricity Share'!B40 -> 5.069825e+13 | C2: ='Electricity Share'!C40 -> 5.195819e+13 | D2: ='Electricity Share'!D40 -> 5.2728675e+13 | E2: ='Electricity Share'!E40 -> 5.1809832e+13 | F2: ='Electricity Share'!F40 -> 5.2216077e+13 | G2: ='Electricity Share'!G40 -> 5.2534093e+13 | H2: ='Electricity Share'!H40 -> 5.2830065e+13 | I2: ='Electricity Share'!I40 -> 5.3101651e+13 | ... AF2: ='Electricity Share'!AF40 -> 7.321216e+13
A3: coal (BTU) | B3: 0 | C3: 0 | D3: 0 | E3: 0 | F3: 0 | G3: 0 | H3: 0 | I3: 0 | J3: 0 | K3: 0 | L3: 0 | M3: 0 | N3: 0 | O3: 0 | P3: 0 | Q3: 0 | R3: 0 | S3: 0 | T3: 0 | U3: 0 | V3: 0 | W3: 0 | X3: 0 | Y3: 0 | Z3: 0 | AA3: 0 | AB3: 0 | AC3: 0 | AD3: 0 | AE3: 0 | AF3: 0
A4: natural gas (BTU) | B4: 0 | C4: 0 | D4: 0 | E4: 0 | F4: 0 | G4: 0 | H4: 0 | I4: 0 | J4: 0 | K4: 0 | L4: 0 | M4: 0 | N4: 0 | O4: 0 | P4: 0 | Q4: 0 | R4: 0 | S4: 0 | T4: 0 | U4: 0 | V4: 0 | W4: 0 | X4: 0 | Y4: 0 | Z4: 0 | AA4: 0 | AB4: 0 | AC4: 0 | AD4: 0 | AE4: 0 | AF4: 0
A5: petroleum diesel (BTU) | B5: 0 | C5: 0 | D5: 0 | E5: 0 | F5: 0 | G5: 0 | H5: 0 | I5: 0 | J5: 0 | K5: 0 | L5: 0 | M5: 0 | N5: 0 | O5: 0 | P5: 0 | Q5: 0 | R5: 0 | S5: 0 | T5: 0 | U5: 0 | V5: 0 | W5: 0 | X5: 0 | Y5: 0 | Z5: 0 | AA5: 0 | AB5: 0 | AC5: 0 | AD5: 0 | AE5: 0 | AF5: 0
A6: heat (BTU) | B6: 0 | C6: 0 | D6: 0 | E6: 0 | F6: 0 | G6: 0 | H6: 0 | I6: 0 | J6: 0 | K6: 0 | L6: 0 | M6: 0 | N6: 0 | O6: 0 | P6: 0 | Q6: 0 | R6: 0 | S6: 0 | T6: 0 | U6: 0 | V6: 0 | W6: 0 | X6: 0 | Y6: 0 | Z6: 0 | AA6: 0 | AB6: 0 | AC6: 0 | AD6: 0 | AE6: 0 | AF6: 0
A7: biomass (BTU) | B7: 0 | C7: 0 | D7: 0 | E7: 0 | F7: 0 | G7: 0 | H7: 0 | I7: 0 | J7: 0 | K7: 0 | L7: 0 | M7: 0 | N7: 0 | O7: 0 | P7: 0 | Q7: 0 | R7: 0 | S7: 0 | T7: 0 | U7: 0 | V7: 0 | W7: 0 | X7: 0 | Y7: 0 | Z7: 0 | AA7: 0 | AB7: 0 | AC7: 0 | AD7: 0 | AE7: 0 | AF7: 0
A8: kerosene (BTU) | B8: 0 | C8: 0 | D8: 0 | E8: 0 | F8: 0 | G8: 0 | H8: 0 | I8: 0 | J8: 0 | K8: 0 | L8: 0 | M8: 0 | N8: 0 | O8: 0 | P8: 0 | Q8: 0 | R8: 0 | S8: 0 | T8: 0 | U8: 0 | V8: 0 | W8: 0 | X8: 0 | Y8: 0 | Z8: 0 | AA8: 0 | AB8: 0 | AC8: 0 | AD8: 0 | AE8: 0 | AF8: 0
A9: heavy or residual fuel oil (BTU) | B9: 0 | C9: 0 | D9: 0 | E9: 0 | F9: 0 | G9: 0 | H9: 0 | I9: 0 | J9: 0 | K9: 0 | L9: 0 | M9: 0 | N9: 0 | O9: 0 | P9: 0 | Q9: 0 | R9: 0 | S9: 0 | T9: 0 | U9: 0 | V9: 0 | W9: 0 | X9: 0 | Y9: 0 | Z9: 0 | AA9: 0 | AB9: 0 | AC9: 0 | AD9: 0 | AE9: 0 | AF9: 0
A10: LPG propane or butane (BTU) | B10: 0 | C10: 0 | D10: 0 | E10: 0 | F10: 0 | G10: 0 | H10: 0 | I10: 0 | J10: 0 | K10: 0 | L10: 0 | M10: 0 | N10: 0 | O10: 0 | P10: 0 | Q10: 0 | R10: 0 | S10: 0 | T10: 0 | U10: 0 | V10: 0 | W10: 0 | X10: 0 | Y10: 0 | Z10: 0 | AA10: 0 | AB10: 0 | AC10: 0 | AD10: 0 | AE10: 0 | AF10: 0
A11: hydrogen (BTU) | B11: 0 | C11: 0 | D11: 0 | E11: 0 | F11: 0 | G11: 0 | H11: 0 | I11: 0 | J11: 0 | K11: 0 | L11: 0 | M11: 0 | N11: 0 | O11: 0 | P11: 0 | Q11: 0 | R11: 0 | S11: 0 | T11: 0 | U11: 0 | V11: 0 | W11: 0 | X11: 0 | Y11: 0 | Z11: 0 | AA11: 0 | AB11: 0 | AC11: 0 | AD11: 0 | AE11: 0 | AF11: 0

Sheet Urban-residential-appl-MSTIC
A1: Year | B1: 2020 | C1: 2021 | D1: 2022 | E1: 2023 | F1: 2024 | G1: 2025 | H1: 2026 | I1: 2027 | J1: 2028 | K1: 2029 | L1: 2030 | M1: 2031 | N1: 2032 | O1: 2033 | P1: 2034 | Q1: 2035 | R1: 2036 | S1: 2037 | T1: 2038 | U1: 2039 | V1: 2040 | W1: 2041 | X1: 2042 | Y1: 2043 | Z1: 2044 | AA1: 2045 | AB1: 2046 | AC1: 2047 | AD1: 2048 | AE1: 2049 | AF1: 2050
A2: electricity (BTU) | B2: ='Electricity Share'!B41 -> 3.735172e+14 | C2: ='Electricity Share'!C41 -> 3.8929884e+14 | D2: ='Electricity Share'!D41 -> 3.9190937e+14 | E2: ='Electricity Share'!E41 -> 3.8749742e+14 | F2: ='Electricity Share'!F41 -> 3.8886433e+14 | G2: ='Electricity Share'!G41 -> 3.908461e+14 | H2: ='Electricity Share'!H41 -> 3.9297844e+14 | I2: ='Electricity Share'!I41 -> 3.9527354e+14 | ... AF2: ='Electricity Share'!AF41 -> 4.8288386e+14
A3: coal (BTU) | B3: 0 | C3: 0 | D3: 0 | E3: 0 | F3: 0 | G3: 0 | H3: 0 | I3: 0 | J3: 0 | K3: 0 | L3: 0 | M3: 0 | N3: 0 | O3: 0 | P3: 0 | Q3: 0 | R3: 0 | S3: 0 | T3: 0 | U3: 0 | V3: 0 | W3: 0 | X3: 0 | Y3: 0 | Z3: 0 | AA3: 0 | AB3: 0 | AC3: 0 | AD3: 0 | AE3: 0 | AF3: 0
A4: natural gas (BTU) | B4: ='BNEF Data - Projections'!AF25*'urban-residential-appl'!L37 -> 1.4562602e+13 | C4: ='BNEF Data - Projections'!AG25*'urban-residential-appl'!M37 -> 1.496911e+13 | D4: ='BNEF Data - Projections'!AH25*'urban-residential-appl'!N37 -> 1.5273507e+13 | E4: ='BNEF Data - Projections'!AI25*'urban-residential-appl'!O37 -> 1.5772163e+13 | F4: ='BNEF Data - Projections'!AJ25*'urban-residential-appl'!P37 -> 1.6046376e+13 | G4: ='BNEF Data - Projections'!AK25*'urban-residential-appl'!Q37 -> 1.6481034e+13 | H4: ='BNEF Data - Projections'!AL25*'urban-residential-appl'!R37 -> 1.6918014e+13 | I4: ='BNEF Data - Projections'!AM25*'urban-residential-appl'!S37 -> 1.7358079e+13 | ... AF4: ='BNEF Data - Projections'!BJ25*'urban-residential-appl'!AP37 -> 2.1610956e+13
A5: petroleum diesel (BTU) | B5: 0 | C5: 0 | D5: 0 | E5: 0 | F5: 0 | G5: 0 | H5: 0 | I5: 0 | J5: 0 | K5: 0 | L5: 0 | M5: 0 | N5: 0 | O5: 0 | P5: 0 | Q5: 0 | R5: 0 | S5: 0 | T5: 0 | U5: 0 | V5: 0 | W5: 0 | X5: 0 | Y5: 0 | Z5: 0 | AA5: 0 | AB5: 0 | AC5: 0 | AD5: 0 | AE5: 0 | AF5: 0
A6: heat (BTU) | B6: 0 | C6: 0 | D6: 0 | E6: 0 | F6: 0 | G6: 0 | H6: 0 | I6: 0 | J6: 0 | K6: 0 | L6: 0 | M6: 0 | N6: 0 | O6: 0 | P6: 0 | Q6: 0 | R6: 0 | S6: 0 | T6: 0 | U6: 0 | V6: 0 | W6: 0 | X6: 0 | Y6: 0 | Z6: 0 | AA6: 0 | AB6: 0 | AC6: 0 | AD6: 0 | AE6: 0 | AF6: 0
A7: biomass (BTU) | B7: 0 | C7: 0 | D7: 0 | E7: 0 | F7: 0 | G7: 0 | H7: 0 | I7: 0 | J7: 0 | K7: 0 | L7: 0 | M7: 0 | N7: 0 | O7: 0 | P7: 0 | Q7: 0 | R7: 0 | S7: 0 | T7: 0 | U7: 0 | V7: 0 | W7: 0 | X7: 0 | Y7: 0 | Z7: 0 | AA7: 0 | AB7: 0 | AC7: 0 | AD7: 0 | AE7: 0 | AF7: 0
A8: kerosene (BTU) | B8: 0 | C8: 0 | D8: 0 | E8: 0 | F8: 0 | G8: 0 | H8: 0 | I8: 0 | J8: 0 | K8: 0 | L8: 0 | M8: 0 | N8: 0 | O8: 0 | P8: 0 | Q8: 0 | R8: 0 | S8: 0 | T8: 0 | U8: 0 | V8: 0 | W8: 0 | X8: 0 | Y8: 0 | Z8: 0 | AA8: 0 | AB8: 0 | AC8: 0 | AD8: 0 | AE8: 0 | AF8: 0
A9: heavy or residual fuel oil (BTU) | B9: 0 | C9: 0 | D9: 0 | E9: 0 | F9: 0 | G9: 0 | H9: 0 | I9: 0 | J9: 0 | K9: 0 | L9: 0 | M9: 0 | N9: 0 | O9: 0 | P9: 0 | Q9: 0 | R9: 0 | S9: 0 | T9: 0 | U9: 0 | V9: 0 | W9: 0 | X9: 0 | Y9: 0 | Z9: 0 | AA9: 0 | AB9: 0 | AC9: 0 | AD9: 0 | AE9: 0 | AF9: 0
A10: LPG propane or butane (BTU) | B10: ='urban-residential-appl'!L47*'urban-residential-appl'!$A$4 -> 3.1020396e+12 | C10: ='urban-residential-appl'!M47*'urban-residential-appl'!$A$4 -> 3.1640804e+12 | D10: ='urban-residential-appl'!N47*'urban-residential-appl'!$A$4 -> 3.2261212e+12 | E10: ='urban-residential-appl'!O47*'urban-residential-appl'!$A$4 -> 3.288162e+12 | F10: ='urban-residential-appl'!P47*'urban-residential-appl'!$A$4 -> 3.3502028e+12 | G10: ='urban-residential-appl'!Q47*'urban-residential-appl'!$A$4 -> 3.4122436e+12 | H10: ='urban-residential-appl'!R47*'urban-residential-appl'!$A$4 -> 3.4742843e+12 | I10: ='urban-residential-appl'!S47*'urban-residential-appl'!$A$4 -> 3.5363251e+12 | ... AF10: ='urban-residential-appl'!AP47*'urban-residential-appl'!$A$4 -> 5.8938752e+12
A11: hydrogen (BTU) | B11: 0 | C11: 0 | D11: 0 | E11: 0 | F11: 0 | G11: 0 | H11: 0 | I11: 0 | J11: 0 | K11: 0 | L11: 0 | M11: 0 | N11: 0 | O11: 0 | P11: 0 | Q11: 0 | R11: 0 | S11: 0 | T11: 0 | U11: 0 | V11: 0 | W11: 0 | X11: 0 | Y11: 0 | Z11: 0 | AA11: 0 | AB11: 0 | AC11: 0 | AD11: 0 | AE11: 0 | AF11: 0

Sheet Urban-residential-other-MSTIC
A1: Year | B1: 2020 | C1: 2021 | D1: 2022 | E1: 2023 | F1: 2024 | G1: 2025 | H1: 2026 | I1: 2027 | J1: 2028 | K1: 2029 | L1: 2030 | M1: 2031 | N1: 2032 | O1: 2033 | P1: 2034 | Q1: 2035 | R1: 2036 | S1: 2037 | T1: 2038 | U1: 2039 | V1: 2040 | W1: 2041 | X1: 2042 | Y1: 2043 | Z1: 2044 | AA1: 2045 | AB1: 2046 | AC1: 2047 | AD1: 2048 | AE1: 2049 | AF1: 2050
A2: electricity (BTU) | B2: 0 | C2: 0 | D2: 0 | E2: 0 | F2: 0 | G2: 0 | H2: 0 | I2: 0 | J2: 0 | K2: 0 | L2: 0 | M2: 0 | N2: 0 | O2: 0 | P2: 0 | Q2: 0 | R2: 0 | S2: 0 | T2: 0 | U2: 0 | V2: 0 | W2: 0 | X2: 0 | Y2: 0 | Z2: 0 | AA2: 0 | AB2: 0 | AC2: 0 | AD2: 0 | AE2: 0 | AF2: 0
A3: coal (BTU) | B3: 0 | C3: 0 | D3: 0 | E3: 0 | F3: 0 | G3: 0 | H3: 0 | I3: 0 | J3: 0 | K3: 0 | L3: 0 | M3: 0 | N3: 0 | O3: 0 | P3: 0 | Q3: 0 | R3: 0 | S3: 0 | T3: 0 | U3: 0 | V3: 0 | W3: 0 | X3: 0 | Y3: 0 | Z3: 0 | AA3: 0 | AB3: 0 | AC3: 0 | AD3: 0 | AE3: 0 | AF3: 0
A4: natural gas (BTU) | B4: ='BNEF Data - Projections'!AF25*'urban-residential-appl'!L38 -> 3.0701977e+12 | C4: ='BNEF Data - Projections'!AG25*'urban-residential-appl'!M38 -> 3.1376896e+12 | D4: ='BNEF Data - Projections'!AH25*'urban-residential-appl'!N38 -> 3.1176933e+12 | E4: ='BNEF Data - Projections'!AI25*'urban-residential-appl'!O38 -> 3.1878373e+12 | F4: ='BNEF Data - Projections'!AJ25*'urban-residential-appl'!P38 -> 3.1980242e+12 | G4: ='BNEF Data - Projections'!AK25*'urban-residential-appl'!Q38 -> 3.2373655e+12 | H4: ='BNEF Data - Projections'!AL25*'urban-residential-appl'!R38 -> 3.274386e+12 | I4: ='BNEF Data - Projections'!AM25*'urban-residential-appl'!S38 -> 3.3083215e+12 | ... AF4: ='BNEF Data - Projections'!BJ25*'urban-residential-appl'!AP38 -> 4.3642441e+12
A5: petroleum diesel (BTU) | B5: 0 | C5: 0 | D5: 0 | E5: 0 | F5: 0 | G5: 0 | H5: 0 | I5: 0 | J5: 0 | K5: 0 | L5: 0 | M5: 0 | N5: 0 | O5: 0 | P5: 0 | Q5: 0 | R5: 0 | S5: 0 | T5: 0 | U5: 0 | V5: 0 | W5: 0 | X5: 0 | Y5: 0 | Z5: 0 | AA5: 0 | AB5: 0 | AC5: 0 | AD5: 0 | AE5: 0 | AF5: 0
A6: heat (BTU) | B6: 0 | C6: 0 | D6: 0 | E6: 0 | F6: 0 | G6: 0 | H6: 0 | I6: 0 | J6: 0 | K6: 0 | L6: 0 | M6: 0 | N6: 0 | O6: 0 | P6: 0 | Q6: 0 | R6: 0 | S6: 0 | T6: 0 | U6: 0 | V6: 0 | W6: 0 | X6: 0 | Y6: 0 | Z6: 0 | AA6: 0 | AB6: 0 | AC6: 0 | AD6: 0 | AE6: 0 | AF6: 0
A7: biomass (BTU) | B7: ='BNEF Data - Projections'!AF30 -> 302412000000000 | C7: ='BNEF Data - Projections'!AG30 -> 311892000000000 | D7: ='BNEF Data - Projections'!AH30 -> 285348000000000 | E7: ='BNEF Data - Projections'!AI30 -> 281556000000000 | F7: ='BNEF Data - Projections'!AJ30 -> 274920000000000 | G7: ='BNEF Data - Projections'!AK30 -> 271128000000000 | H7: ='BNEF Data - Projections'!AL30 -> 266388000000000 | I7: ='BNEF Data - Projections'!AM30 -> 262596000000000 | ... AF7: ='BNEF Data - Projections'!BJ30 -> 153576000000000
A8: kerosene (BTU) | B8: 0 | C8: 0 | D8: 0 | E8: 0 | F8: 0 | G8: 0 | H8: 0 | I8: 0 | J8: 0 | K8: 0 | L8: 0 | M8: 0 | N8: 0 | O8: 0 | P8: 0 | Q8: 0 | R8: 0 | S8: 0 | T8: 0 | U8: 0 | V8: 0 | W8: 0 | X8: 0 | Y8: 0 | Z8: 0 | AA8: 0 | AB8: 0 | AC8: 0 | AD8: 0 | AE8: 0 | AF8: 0
A9: heavy or residual fuel oil (BTU) | B9: 0 | C9: 0 | D9: 0 | E9: 0 | F9: 0 | G9: 0 | H9: 0 | I9: 0 | J9: 0 | K9: 0 | L9: 0 | M9: 0 | N9: 0 | O9: 0 | P9: 0 | Q9: 0 | R9: 0 | S9: 0 | T9: 0 | U9: 0 | V9: 0 | W9: 0 | X9: 0 | Y9: 0 | Z9: 0 | AA9: 0 | AB9: 0 | AC9: 0 | AD9: 0 | AE9: 0 | AF9: 0
A10: LPG propane or butane (BTU) | B10: ='urban-residential-other'!H33*'urban-residential-other'!$A$4 -> 2.5305822e+14 | C10: ='urban-residential-other'!I33*'urban-residential-other'!$A$4 -> 2.5268344e+14 | D10: ='urban-residential-other'!J33*'urban-residential-other'!$A$4 -> 2.5221394e+14 | E10: ='urban-residential-other'!K33*'urban-residential-other'!$A$4 -> 2.5165159e+14 | F10: ='urban-residential-other'!L33*'urban-residential-other'!$A$4 -> 2.5099808e+14 | G10: ='urban-residential-other'!M33*'urban-residential-other'!$A$4 -> 2.5078051e+14 | H10: ='urban-residential-other'!N33*'urban-residential-other'!$A$4 -> 2.5047179e+14 | I10: ='urban-residential-other'!O33*'urban-residential-other'!$A$4 -> 2.5007354e+14 | ... AF10: ='urban-residential-other'!AL33*'urban-residential-other'!$A$4 -> 2.1806425e+14
A11: hydrogen (BTU) | B11: 0 | C11: 0 | D11: 0 | E11: 0 | F11: 0 | G11: 0 | H11: 0 | I11: 0 | J11: 0 | K11: 0 | L11: 0 | M11: 0 | N11: 0 | O11: 0 | P11: 0 | Q11: 0 | R11: 0 | S11: 0 | T11: 0 | U11: 0 | V11: 0 | W11: 0 | X11: 0 | Y11: 0 | Z11: 0 | AA11: 0 | AB11: 0 | AC11: 0 | AD11: 0 | AE11: 0 | AF11: 0

Sheet End-use share-Residential
A1: Residential
A2: Eletricity (BTU)
A3: Year | B3: 2020 | C3: 2021 | D3: 2022 | E3: 2023 | F3: 2024 | G3: 2025 | H3: 2026 | I3: 2027 | J3: 2028 | K3: 2029 | L3: 2030 | M3: 2031 | N3: 2032 | O3: 2033 | P3: 2034 | Q3: 2035 | R3: 2036 | S3: 2037 | T3: 2038 | U3: 2039 | V3: 2040 | W3: 2041 | X3: 2042 | Y3: 2043 | Z3: 2044 | AA3: 2045 | AB3: 2046 | AC3: 2047 | AD3: 2048 | AE3: 2049 | AF3: 2050
A4: Heating | B4: ='Urban-residential-heating-MSTIC'!B2 -> 0 | C4: ='Urban-residential-heating-MSTIC'!C2 -> 0 | D4: ='Urban-residential-heating-MSTIC'!D2 -> 0 | E4: ='Urban-residential-heating-MSTIC'!E2 -> 0 | F4: ='Urban-residential-heating-MSTIC'!F2 -> 0 | G4: ='Urban-residential-heating-MSTIC'!G2 -> 0 | H4: ='Urban-residential-heating-MSTIC'!H2 -> 0 | I4: ='Urban-residential-heating-MSTIC'!I2 -> 0 | ... AF4: ='Urban-residential-heating-MSTIC'!AF2 -> 0
A5: Cooling | B5: ='Urban-residential-cooling-MSTIC'!B2 -> 2.0078455e+14 | C5: ='Urban-residential-cooling-MSTIC'!C2 -> 2.0774297e+14 | D5: ='Urban-residential-cooling-MSTIC'!D2 -> 2.1236196e+14 | E5: ='Urban-residential-cooling-MSTIC'!E2 -> 2.0969275e+14 | F5: ='Urban-residential-cooling-MSTIC'!F2 -> 2.1191959e+14 | G5: ='Urban-residential-cooling-MSTIC'!G2 -> 2.1361981e+14 | H5: ='Urban-residential-cooling-MSTIC'!H2 -> 2.1519149e+14 | I5: ='Urban-residential-cooling-MSTIC'!I2 -> 2.1662481e+14 | ... AF5: ='Urban-residential-cooling-MSTIC'!AF2 -> 2.9590398e+14
A6: Lighting | B6: ='Urban-residential-lighting-MSTI'!B2 -> 5.069825e+13 | C6: ='Urban-residential-lighting-MSTI'!C2 -> 5.195819e+13 | D6: ='Urban-residential-lighting-MSTI'!D2 -> 5.2728675e+13 | E6: ='Urban-residential-lighting-MSTI'!E2 -> 5.1809832e+13 | F6: ='Urban-residential-lighting-MSTI'!F2 -> 5.2216077e+13 | G6: ='Urban-residential-lighting-MSTI'!G2 -> 5.2534093e+13 | H6: ='Urban-residential-lighting-MSTI'!H2 -> 5.2830065e+13 | I6: ='Urban-residential-lighting-MSTI'!I2 -> 5.3101651e+13 | ... AF6: ='Urban-residential-lighting-MSTI'!AF2 -> 7.321216e+13
A7: Appliances | B7: ='Urban-residential-appl-MSTIC'!B2 -> 3.735172e+14 | C7: ='Urban-residential-appl-MSTIC'!C2 -> 3.8929884e+14 | D7: ='Urban-residential-appl-MSTIC'!D2 -> 3.9190937e+14 | E7: ='Urban-residential-appl-MSTIC'!E2 -> 3.8749742e+14 | F7: ='Urban-residential-appl-MSTIC'!F2 -> 3.8886433e+14 | G7: ='Urban-residential-appl-MSTIC'!G2 -> 3.908461e+14 | H7: ='Urban-residential-appl-MSTIC'!H2 -> 3.9297844e+14 | I7: ='Urban-residential-appl-MSTIC'!I2 -> 3.9527354e+14 | ... AF7: ='Urban-residential-appl-MSTIC'!AF2 -> 4.8288386e+14
A8: Other | B8: ='Urban-residential-other-MSTIC'!B2 -> 0 | C8: ='Urban-residential-other-MSTIC'!C2 -> 0 | D8: ='Urban-residential-other-MSTIC'!D2 -> 0 | E8: ='Urban-residential-other-MSTIC'!E2 -> 0 | F8: ='Urban-residential-other-MSTIC'!F2 -> 0 | G8: ='Urban-residential-other-MSTIC'!G2 -> 0 | H8: ='Urban-residential-other-MSTIC'!H2 -> 0 | I8: ='Urban-residential-other-MSTIC'!I2 -> 0 | ... AF8: ='Urban-residential-other-MSTIC'!AF2 -> 0
A9: Total | B9: =SUM(B4:B8) -> 625000000000000 | C9: =SUM(C4:C8) -> 649000000000000 | D9: =SUM(D4:D8) -> 657000000000000 | E9: =SUM(E4:E8) -> 649000000000000 | F9: =SUM(F4:F8) -> 653000000000000 | G9: =SUM(G4:G8) -> 657000000000000 | H9: =SUM(H4:H8) -> 661000000000000 | I9: =SUM(I4:I8) -> 665000000000000 | ... AF9: =SUM(AF4:AF8) -> 8.52e+14
A11: Share
A12: Year | B12: 2020 | C12: 2021 | D12: 2022 | E12: 2023 | F12: 2024 | G12: 2025 | H12: 2026 | I12: 2027 | J12: 2028 | K12: 2029 | L12: 2030 | M12: 2031 | N12: 2032 | O12: 2033 | P12: 2034 | Q12: 2035 | R12: 2036 | S12: 2037 | T12: 2038 | U12: 2039 | V12: 2040 | W12: 2041 | X12: 2042 | Y12: 2043 | Z12: 2044 | AA12: 2045 | AB12: 2046 | AC12: 2047 | AD12: 2048 | AE12: 2049 | AF12: 2050
A13: Heating | B13: =B4/B$9 -> 0 | C13: =C4/C$9 -> 0 | D13: =D4/D$9 -> 0 | E13: =E4/E$9 -> 0 | F13: =F4/F$9 -> 0 | G13: =G4/G$9 -> 0 | H13: =H4/H$9 -> 0 | I13: =I4/I$9 -> 0 | ... AF13: =AF4/AF$9 -> 0
A14: Cooling | B14: =B5/B$9 -> 0.32125529 | C14: =C5/C$9 -> 0.32009703 | D14: =D5/D$9 -> 0.32322977 | E14: =E5/E$9 -> 0.3231013 | F14: =F5/F$9 -> 0.3245323 | G14: =G5/G$9 -> 0.32514431 | H14: =H5/H$9 -> 0.32555445 | I14: =I5/I$9 -> 0.3257516 | ... AF14: =AF5/AF$9 -> 0.34730514
A15: Lighting | B15: =B6/B$9 -> 0.081117199 | C15: =C6/C$9 -> 0.080058845 | D15: =D6/D$9 -> 0.080256735 | E15: =E6/E$9 -> 0.07983025 | F15: =F6/F$9 -> 0.079963364 | G15: =G6/G$9 -> 0.079960568 | H15: =H6/H$9 -> 0.079924455 | I15: =I6/I$9 -> 0.079852107 | ... AF15: =AF6/AF$9 -> 0.085929765
A16: Appliances | B16: =B7/B$9 -> 0.59762751 | C16: =C7/C$9 -> 0.59984412 | D16: =D7/D$9 -> 0.5965135 | E16: =E7/E$9 -> 0.59706845 | F16: =F7/F$9 -> 0.59550434 | G16: =G7/G$9 -> 0.59489512 | H16: =H7/H$9 -> 0.59452109 | I16: =I7/I$9 -> 0.5943963 | ... AF16: =AF7/AF$9 -> 0.5667651
A17: Other | B17: =B8/B$9 -> 0 | C17: =C8/C$9 -> 0 | D17: =D8/D$9 -> 0 | E17: =E8/E$9 -> 0 | F17: =F8/F$9 -> 0 | G17: =G8/G$9 -> 0 | H17: =H8/H$9 -> 0 | I17: =I8/I$9 -> 0 | ... AF17: =AF8/AF$9 -> 0
A20: Natural gas (BTU)
A21: Year | B21: 2020 | C21: 2021 | D21: 2022 | E21: 2023 | F21: 2024 | G21: 2025 | H21: 2026 | I21: 2027 | J21: 2028 | K21: 2029 | L21: 2030 | M21: 2031 | N21: 2032 | O21: 2033 | P21: 2034 | Q21: 2035 | R21: 2036 | S21: 2037 | T21: 2038 | U21: 2039 | V21: 2040 | W21: 2041 | X21: 2042 | Y21: 2043 | Z21: 2044 | AA21: 2045 | AB21: 2046 | AC21: 2047 | AD21: 2048 | AE21: 2049 | AF21: 2050
A22: Heating | B22: ='Urban-residential-heating-MSTIC'!B4 -> 0 | C22: ='Urban-residential-heating-MSTIC'!C4 -> 0 | D22: ='Urban-residential-heating-MSTIC'!D4 -> 0 | E22: ='Urban-residential-heating-MSTIC'!E4 -> 0 | F22: ='Urban-residential-heating-MSTIC'!F4 -> 0 | G22: ='Urban-residential-heating-MSTIC'!G4 -> 0 | H22: ='Urban-residential-heating-MSTIC'!H4 -> 0 | I22: ='Urban-residential-heating-MSTIC'!I4 -> 0 | ... AF22: ='Urban-residential-heating-MSTIC'!AF4 -> 0
A23: Cooling | B23: ='Urban-residential-cooling-MSTIC'!B4 -> 0 | C23: ='Urban-residential-cooling-MSTIC'!C4 -> 0 | D23: ='Urban-residential-cooling-MSTIC'!D4 -> 0 | E23: ='Urban-residential-cooling-MSTIC'!E4 -> 0 | F23: ='Urban-residential-cooling-MSTIC'!F4 -> 0 | G23: ='Urban-residential-cooling-MSTIC'!G4 -> 0 | H23: ='Urban-residential-cooling-MSTIC'!H4 -> 0 | I23: ='Urban-residential-cooling-MSTIC'!I4 -> 0 | ... AF23: ='Urban-residential-cooling-MSTIC'!AF4 -> 0
A24: Lighting | B24: ='Urban-residential-lighting-MSTI'!B4 -> 0 | C24: ='Urban-residential-lighting-MSTI'!C4 -> 0 | D24: ='Urban-residential-lighting-MSTI'!D4 -> 0 | E24: ='Urban-residential-lighting-MSTI'!E4 -> 0 | F24: ='Urban-residential-lighting-MSTI'!F4 -> 0 | G24: ='Urban-residential-lighting-MSTI'!G4 -> 0 | H24: ='Urban-residential-lighting-MSTI'!H4 -> 0 | I24: ='Urban-residential-lighting-MSTI'!I4 -> 0 | ... AF24: ='Urban-residential-lighting-MSTI'!AF4 -> 0
A25: Appliances | B25: ='Urban-residential-appl-MSTIC'!B4 -> 1.4562602e+13 | C25: ='Urban-residential-appl-MSTIC'!C4 -> 1.496911e+13 | D25: ='Urban-residential-appl-MSTIC'!D4 -> 1.5273507e+13 | E25: ='Urban-residential-appl-MSTIC'!E4 -> 1.5772163e+13 | F25: ='Urban-residential-appl-MSTIC'!F4 -> 1.6046376e+13 | G25: ='Urban-residential-appl-MSTIC'!G4 -> 1.6481034e+13 | H25: ='Urban-residential-appl-MSTIC'!H4 -> 1.6918014e+13 | I25: ='Urban-residential-appl-MSTIC'!I4 -> 1.7358079e+13 | ... AF25: ='Urban-residential-appl-MSTIC'!AF4 -> 2.1610956e+13
A26: Other | B26: ='Urban-residential-other-MSTIC'!B4 -> 3.0701977e+12 | C26: ='Urban-residential-other-MSTIC'!C4 -> 3.1376896e+12 | D26: ='Urban-residential-other-MSTIC'!D4 -> 3.1176933e+12 | E26: ='Urban-residential-other-MSTIC'!E4 -> 3.1878373e+12 | F26: ='Urban-residential-other-MSTIC'!F4 -> 3.1980242e+12 | G26: ='Urban-residential-other-MSTIC'!G4 -> 3.2373655e+12 | H26: ='Urban-residential-other-MSTIC'!H4 -> 3.274386e+12 | I26: ='Urban-residential-other-MSTIC'!I4 -> 3.3083215e+12 | ... AF26: ='Urban-residential-other-MSTIC'!AF4 -> 4.3642441e+12
A27: Total | B27: =SUM(B22:B26) -> 17632800000000 | C27: =SUM(C22:C26) -> 18106800000000 | D27: =SUM(D22:D26) -> 18391200000000 | E27: =SUM(E22:E26) -> 18960000000000 | F27: =SUM(F22:F26) -> 19244400000000 | G27: =SUM(G22:G26) -> 19718400000000 | H27: =SUM(H22:H26) -> 20192400000000 | I27: =SUM(I22:I26) -> 20666400000000 | ... AF27: =SUM(AF22:AF26) -> 2.59752e+13
A29: Share
A30: Year | B30: 2020 | C30: 2021 | D30: 2022 | E30: 2023 | F30: 2024 | G30: 2025 | H30: 2026 | I30: 2027 | J30: 2028 | K30: 2029 | L30: 2030 | M30: 2031 | N30: 2032 | O30: 2033 | P30: 2034 | Q30: 2035 | R30: 2036 | S30: 2037 | T30: 2038 | U30: 2039 | V30: 2040 | W30: 2041 | X30: 2042 | Y30: 2043 | Z30: 2044 | AA30: 2045 | AB30: 2046 | AC30: 2047 | AD30: 2048 | AE30: 2049 | AF30: 2050
A31: Heating | B31: =B22/B$27 -> 0 | C31: =C22/C$27 -> 0 | D31: =D22/D$27 -> 0 | E31: =E22/E$27 -> 0 | F31: =F22/F$27 -> 0 | G31: =G22/G$27 -> 0 | H31: =H22/H$27 -> 0 | I31: =I22/I$27 -> 0 | ... AF31: =AF22/AF$27 -> 0
A32: Cooling | B32: =B23/B$27 -> 0 | C32: =C23/C$27 -> 0 | D32: =D23/D$27 -> 0 | E32: =E23/E$27 -> 0 | F32: =F23/F$27 -> 0 | G32: =G23/G$27 -> 0 | H32: =H23/H$27 -> 0 | I32: =I23/I$27 -> 0 | ... AF32: =AF23/AF$27 -> 0
A33: Lighting | B33: =B24/B$27 -> 0 | C33: =C24/C$27 -> 0 | D33: =D24/D$27 -> 0 | E33: =E24/E$27 -> 0 | F33: =F24/F$27 -> 0 | G33: =G24/G$27 -> 0 | H33: =H24/H$27 -> 0 | I33: =I24/I$27 -> 0 | ... AF33: =AF24/AF$27 -> 0
A34: Appliances | B34: =B25/B$27 -> 0.82588144 | C34: =C25/C$27 -> 0.82671209 | D34: =D25/D$27 -> 0.83047907 | E34: =E25/E$27 -> 0.83186512 | F34: =F25/F$27 -> 0.83382053 | G34: =G25/G$27 -> 0.83582007 | H34: =H25/H$27 -> 0.83784067 | I34: =I25/I$27 -> 0.83991786 | ... AF34: =AF25/AF$27 -> 0.8319842
A35: Other | B35: =B26/B$27 -> 0.17411856 | C35: =C26/C$27 -> 0.17328791 | D35: =D26/D$27 -> 0.16952093 | E35: =E26/E$27 -> 0.16813488 | F35: =F26/F$27 -> 0.16617947 | G35: =G26/G$27 -> 0.16417993 | H35: =H26/H$27 -> 0.16215933 | I35: =I26/I$27 -> 0.16008214 | ... AF35: =AF26/AF$27 -> 0.1680158
A38: LPG (BTU)
A39: Year | B39: 2020 | C39: 2021 | D39: 2022 | E39: 2023 | F39: 2024 | G39: 2025 | H39: 2026 | I39: 2027 | J39: 2028 | K39: 2029 | L39: 2030 | M39: 2031 | N39: 2032 | O39: 2033 | P39: 2034 | Q39: 2035 | R39: 2036 | S39: 2037 | T39: 2038 | U39: 2039 | V39: 2040 | W39: 2041 | X39: 2042 | Y39: 2043 | Z39: 2044 | AA39: 2045 | AB39: 2046 | AC39: 2047 | AD39: 2048 | AE39: 2049 | AF39: 2050
A40: Heating | B40: ='Urban-residential-heating-MSTIC'!B10 -> 0 | C40: ='Urban-residential-heating-MSTIC'!C10 -> 0 | D40: ='Urban-residential-heating-MSTIC'!D10 -> 0 | E40: ='Urban-residential-heating-MSTIC'!E10 -> 0 | F40: ='Urban-residential-heating-MSTIC'!F10 -> 0 | G40: ='Urban-residential-heating-MSTIC'!G10 -> 0 | H40: ='Urban-residential-heating-MSTIC'!H10 -> 0 | I40: ='Urban-residential-heating-MSTIC'!I10 -> 0 | ... AF40: ='Urban-residential-heating-MSTIC'!AF10 -> 0
A41: Cooling | B41: ='Urban-residential-cooling-MSTIC'!B10 -> 0 | C41: ='Urban-residential-cooling-MSTIC'!C10 -> 0 | D41: ='Urban-residential-cooling-MSTIC'!D10 -> 0 | E41: ='Urban-residential-cooling-MSTIC'!E10 -> 0 | F41: ='Urban-residential-cooling-MSTIC'!F10 -> 0 | G41: ='Urban-residential-cooling-MSTIC'!G10 -> 0 | H41: ='Urban-residential-cooling-MSTIC'!H10 -> 0 | I41: ='Urban-residential-cooling-MSTIC'!I10 -> 0 | ... AF41: ='Urban-residential-cooling-MSTIC'!AF10 -> 0
A42: Lighting | B42: ='Urban-residential-lighting-MSTI'!B10 -> 0 | C42: ='Urban-residential-lighting-MSTI'!C10 -> 0 | D42: ='Urban-residential-lighting-MSTI'!D10 -> 0 | E42: ='Urban-residential-lighting-MSTI'!E10 -> 0 | F42: ='Urban-residential-lighting-MSTI'!F10 -> 0 | G42: ='Urban-residential-lighting-MSTI'!G10 -> 0 | H42: ='Urban-residential-lighting-MSTI'!H10 -> 0 | I42: ='Urban-residential-lighting-MSTI'!I10 -> 0 | ... AF42: ='Urban-residential-lighting-MSTI'!AF10 -> 0
A43: Appliances | B43: ='Urban-residential-appl-MSTIC'!B10 -> 3.1020396e+12 | C43: ='Urban-residential-appl-MSTIC'!C10 -> 3.1640804e+12 | D43: ='Urban-residential-appl-MSTIC'!D10 -> 3.2261212e+12 | E43: ='Urban-residential-appl-MSTIC'!E10 -> 3.288162e+12 | F43: ='Urban-residential-appl-MSTIC'!F10 -> 3.3502028e+12 | G43: ='Urban-residential-appl-MSTIC'!G10 -> 3.4122436e+12 | H43: ='Urban-residential-appl-MSTIC'!H10 -> 3.4742843e+12 | I43: ='Urban-residential-appl-MSTIC'!I10 -> 3.5363251e+12 | ... AF43: ='Urban-residential-appl-MSTIC'!AF10 -> 5.8938752e+12
A44: Other | B44: ='Urban-residential-other-MSTIC'!B10 -> 2.5305822e+14 | C44: ='Urban-residential-other-MSTIC'!C10 -> 2.5268344e+14 | D44: ='Urban-residential-other-MSTIC'!D10 -> 2.5221394e+14 | E44: ='Urban-residential-other-MSTIC'!E10 -> 2.5165159e+14 | F44: ='Urban-residential-other-MSTIC'!F10 -> 2.5099808e+14 | G44: ='Urban-residential-other-MSTIC'!G10 -> 2.5078051e+14 | H44: ='Urban-residential-other-MSTIC'!H10 -> 2.5047179e+14 | I44: ='Urban-residential-other-MSTIC'!I10 -> 2.5007354e+14 | ... AF44: ='Urban-residential-other-MSTIC'!AF10 -> 2.1806425e+14
A45: Total | B45: =SUM(B40:B44) -> 2.5616026e+14 | C45: =SUM(C40:C44) -> 2.5584752e+14 | D45: =SUM(D40:D44) -> 2.5544006e+14 | E45: =SUM(E40:E44) -> 2.5493975e+14 | F45: =SUM(F40:F44) -> 2.5434828e+14 | G45: =SUM(G40:G44) -> 2.5419276e+14 | H45: =SUM(H40:H44) -> 2.5394607e+14 | I45: =SUM(I40:I44) -> 2.5360987e+14 | ... AF45: =SUM(AF40:AF44) -> 2.2395812e+14
A47: Share
A48: Year | B48: 2020 | C48: 2021 | D48: 2022 | E48: 2023 | F48: 2024 | G48: 2025 | H48: 2026 | I48: 2027 | J48: 2028 | K48: 2029 | L48: 2030 | M48: 2031 | N48: 2032 | O48: 2033 | P48: 2034 | Q48: 2035 | R48: 2036 | S48: 2037 | T48: 2038 | U48: 2039 | V48: 2040 | W48: 2041 | X48: 2042 | Y48: 2043 | Z48: 2044 | AA48: 2045 | AB48: 2046 | AC48: 2047 | AD48: 2048 | AE48: 2049 | AF48: 2050
A49: Heating | B49: =B40/B$45 -> 0 | C49: =C40/C$45 -> 0 | D49: =D40/D$45 -> 0 | E49: =E40/E$45 -> 0 | F49: =F40/F$45 -> 0 | G49: =G40/G$45 -> 0 | H49: =H40/H$45 -> 0 | I49: =I40/I$45 -> 0 | ... AF49: =AF40/AF$45 -> 0
A50: Cooling | B50: =B41/B$45 -> 0 | C50: =C41/C$45 -> 0 | D50: =D41/D$45 -> 0 | E50: =E41/E$45 -> 0 | F50: =F41/F$45 -> 0 | G50: =G41/G$45 -> 0 | H50: =H41/H$45 -> 0 | I50: =I41/I$45 -> 0 | ... AF50: =AF41/AF$45 -> 0
A51: Lighting | B51: =B42/B$45 -> 0 | C51: =C42/C$45 -> 0 | D51: =D42/D$45 -> 0 | E51: =E42/E$45 -> 0 | F51: =F42/F$45 -> 0 | G51: =G42/G$45 -> 0 | H51: =H42/H$45 -> 0 | I51: =I42/I$45 -> 0 | ... AF51: =AF42/AF$45 -> 0
A52: Appliances | B52: =B43/B$45 -> 0.012109761 | C52: =C43/C$45 -> 0.012367055 | D52: =D43/D$45 -> 0.01262966 | E52: =E43/E$45 -> 0.0128978 | F52: =F43/F$45 -> 0.013171714 | G52: =G43/G$45 -> 0.013423843 | H52: =H43/H$45 -> 0.013681189 | I52: =I43/I$45 -> 0.013943957 | ... AF52: =AF43/AF$45 -> 0.026316863
A53: Other | B53: =B44/B$45 -> 0.98789024 | C53: =C44/C$45 -> 0.98763294 | D53: =D44/D$45 -> 0.98737034 | E53: =E44/E$45 -> 0.9871022 | F53: =F44/F$45 -> 0.98682829 | G53: =G44/G$45 -> 0.98657616 | H53: =H44/H$45 -> 0.98631881 | I53: =I44/I$45 -> 0.98605604 | ... AF53: =AF44/AF$45 -> 0.97368314
A56: Biomass (BTU)
A57: Year | B57: 2020 | C57: 2021 | D57: 2022 | E57: 2023 | F57: 2024 | G57: 2025 | H57: 2026 | I57: 2027 | J57: 2028 | K57: 2029 | L57: 2030 | M57: 2031 | N57: 2032 | O57: 2033 | P57: 2034 | Q57: 2035 | R57: 2036 | S57: 2037 | T57: 2038 | U57: 2039 | V57: 2040 | W57: 2041 | X57: 2042 | Y57: 2043 | Z57: 2044 | AA57: 2045 | AB57: 2046 | AC57: 2047 | AD57: 2048 | AE57: 2049 | AF57: 2050
A58: Heating | B58: ='Urban-residential-heating-MSTIC'!B7 -> 0 | C58: ='Urban-residential-heating-MSTIC'!C7 -> 0 | D58: ='Urban-residential-heating-MSTIC'!D7 -> 0 | E58: ='Urban-residential-heating-MSTIC'!E7 -> 0 | F58: ='Urban-residential-heating-MSTIC'!F7 -> 0 | G58: ='Urban-residential-heating-MSTIC'!G7 -> 0 | H58: ='Urban-residential-heating-MSTIC'!H7 -> 0 | I58: ='Urban-residential-heating-MSTIC'!I7 -> 0 | ... AF58: ='Urban-residential-heating-MSTIC'!AF7 -> 0
A59: Cooling | B59: ='Urban-residential-cooling-MSTIC'!B7 -> 0 | C59: ='Urban-residential-cooling-MSTIC'!C7 -> 0 | D59: ='Urban-residential-cooling-MSTIC'!D7 -> 0 | E59: ='Urban-residential-cooling-MSTIC'!E7 -> 0 | F59: ='Urban-residential-cooling-MSTIC'!F7 -> 0 | G59: ='Urban-residential-cooling-MSTIC'!G7 -> 0 | H59: ='Urban-residential-cooling-MSTIC'!H7 -> 0 | I59: ='Urban-residential-cooling-MSTIC'!I7 -> 0 | ... AF59: ='Urban-residential-cooling-MSTIC'!AF7 -> 0
A60: Lighting | B60: ='Urban-residential-lighting-MSTI'!B7 -> 0 | C60: ='Urban-residential-lighting-MSTI'!C7 -> 0 | D60: ='Urban-residential-lighting-MSTI'!D7 -> 0 | E60: ='Urban-residential-lighting-MSTI'!E7 -> 0 | F60: ='Urban-residential-lighting-MSTI'!F7 -> 0 | G60: ='Urban-residential-lighting-MSTI'!G7 -> 0 | H60: ='Urban-residential-lighting-MSTI'!H7 -> 0 | I60: ='Urban-residential-lighting-MSTI'!I7 -> 0 | ... AF60: ='Urban-residential-lighting-MSTI'!AF7 -> 0
A61: Appliances | B61: ='Urban-residential-appl-MSTIC'!B7 -> 0 | C61: ='Urban-residential-appl-MSTIC'!C7 -> 0 | D61: ='Urban-residential-appl-MSTIC'!D7 -> 0 | E61: ='Urban-residential-appl-MSTIC'!E7 -> 0 | F61: ='Urban-residential-appl-MSTIC'!F7 -> 0 | G61: ='Urban-residential-appl-MSTIC'!G7 -> 0 | H61: ='Urban-residential-appl-MSTIC'!H7 -> 0 | I61: ='Urban-residential-appl-MSTIC'!I7 -> 0 | ... AF61: ='Urban-residential-appl-MSTIC'!AF7 -> 0
A62: Other | B62: ='Urban-residential-other-MSTIC'!B7 -> 302412000000000 | C62: ='Urban-residential-other-MSTIC'!C7 -> 311892000000000 | D62: ='Urban-residential-other-MSTIC'!D7 -> 285348000000000 | E62: ='Urban-residential-other-MSTIC'!E7 -> 281556000000000 | F62: ='Urban-residential-other-MSTIC'!F7 -> 274920000000000 | G62: ='Urban-residential-other-MSTIC'!G7 -> 271128000000000 | H62: ='Urban-residential-other-MSTIC'!H7 -> 266388000000000 | I62: ='Urban-residential-other-MSTIC'!I7 -> 262596000000000 | ... AF62: ='Urban-residential-other-MSTIC'!AF7 -> 153576000000000
A63: Total | B63: =SUM(B58:B62) -> 302412000000000 | C63: =SUM(C58:C62) -> 311892000000000 | D63: =SUM(D58:D62) -> 285348000000000 | E63: =SUM(E58:E62) -> 281556000000000 | F63: =SUM(F58:F62) -> 274920000000000 | G63: =SUM(G58:G62) -> 271128000000000 | H63: =SUM(H58:H62) -> 266388000000000 | I63: =SUM(I58:I62) -> 262596000000000 | ... AF63: =SUM(AF58:AF62) -> 153576000000000
A65: Share
A66: Year | B66: 2020 | C66: 2021 | D66: 2022 | E66: 2023 | F66: 2024 | G66: 2025 | H66: 2026 | I66: 2027 | J66: 2028 | K66: 2029 | L66: 2030 | M66: 2031 | N66: 2032 | O66: 2033 | P66: 2034 | Q66: 2035 | R66: 2036 | S66: 2037 | T66: 2038 | U66: 2039 | V66: 2040 | W66: 2041 | X66: 2042 | Y66: 2043 | Z66: 2044 | AA66: 2045 | AB66: 2046 | AC66: 2047 | AD66: 2048 | AE66: 2049 | AF66: 2050
A67: Heating | B67: =B58/B$63 -> 0 | C67: =C58/C$63 -> 0 | D67: =D58/D$63 -> 0 | E67: =E58/E$63 -> 0 | F67: =F58/F$63 -> 0 | G67: =G58/G$63 -> 0 | H67: =H58/H$63 -> 0 | I67: =I58/I$63 -> 0 | ... AF67: =AF58/AF$63 -> 0
A68: Cooling | B68: =B59/B$63 -> 0 | C68: =C59/C$63 -> 0 | D68: =D59/D$63 -> 0 | E68: =E59/E$63 -> 0 | F68: =F59/F$63 -> 0 | G68: =G59/G$63 -> 0 | H68: =H59/H$63 -> 0 | I68: =I59/I$63 -> 0 | ... AF68: =AF59/AF$63 -> 0
A69: Lighting | B69: =B60/B$63 -> 0 | C69: =C60/C$63 -> 0 | D69: =D60/D$63 -> 0 | E69: =E60/E$63 -> 0 | F69: =F60/F$63 -> 0 | G69: =G60/G$63 -> 0 | H69: =H60/H$63 -> 0 | I69: =I60/I$63 -> 0 | ... AF69: =AF60/AF$63 -> 0
A70: Appliances | B70: =B61/B$63 -> 0 | C70: =C61/C$63 -> 0 | D70: =D61/D$63 -> 0 | E70: =E61/E$63 -> 0 | F70: =F61/F$63 -> 0 | G70: =G61/G$63 -> 0 | H70: =H61/H$63 -> 0 | I70: =I61/I$63 -> 0 | ... AF70: =AF61/AF$63 -> 0
A71: Other | B71: =B62/B$63 -> 1 | C71: =C62/C$63 -> 1 | D71: =D62/D$63 -> 1 | E71: =E62/E$63 -> 1 | F71: =F62/F$63 -> 1 | G71: =G62/G$63 -> 1 | H71: =H62/H$63 -> 1 | I71: =I62/I$63 -> 1 | ... AF71: =AF62/AF$63 -> 1

Sheet PNE Data - Residential
A1: Final Energy Consumption
A2: Year | B2: 2015 | C2: 2030 | D2: 2040 | E2: 2050
A3: Minimum Energy Use (Mtep) - Residential | B3: 25 | C3: 30 | D3: 35 | E3: 38
A4: Maximum Energy Use (Mtep) - Residential | B4: 25 | C4: 34 | D4: 40 | E4: 45 | M4: ='[2]Buildings - 2050 Plan'!D10 -> 26
A5: Minimum Energy Use (Mtep) - Commercial | B5: 13 | C5: 17 | D5: 22 | E5: 28
A6: Maximum Energy Use (Mtep) - Commercial | B6: 13 | C6: 21 | D6: 30 | E6: 40
A7: Minimum Energy Use (Mtep) - Total Buildings | B7: =B3+B5 -> 38 | C7: =C3+C5 -> 47 | D7: =D3+D5 -> 57 | E7: =E3+E5 -> 66
A8: Maximum Energy Use (Mtep) - Total Buildings | B8: =B4+B6 -> 38 | C8: =C4+C6 -> 55 | D8: =D4+D6 -> 70 | E8: =E4+E6 -> 85
A9: Average (Mtep) - Residential | B9: =AVERAGE(B3:B4) -> 25 | C9: =AVERAGE(C3:C4) -> 32 | D9: =AVERAGE(D3:D4) -> 37.5 | E9: =AVERAGE(E3:E4) -> 41.5
A10: Average (Mtep) - Commercial | B10: =AVERAGE(B5:B6) -> 13 | C10: =AVERAGE(C5:C6) -> 19 | D10: =AVERAGE(D5:D6) -> 26 | E10: =AVERAGE(E5:E6) -> 34
A11: Average (Mtep) - Total Buildings | B11: =AVERAGE(B7:B8) -> 38 | C11: =AVERAGE(C7:C8) -> 51 | D11: =AVERAGE(D7:D8) -> 63.5 | E11: =AVERAGE(E7:E8) -> 75.5
A13: Mtep to BTU | B13: 39700000000000
A15: Year | B15: 2015 | C15: 2030 | D15: 2040 | E15: 2050
A16: Minimum Energy Use (BTU) - Residential | B16: =B3*$B$13 -> 992500000000000 | C16: =C3*$B$13 -> 1.191e+15 | D16: =D3*$B$13 -> 1.3895e+15 | E16: =E3*$B$13 -> 1.5086e+15
A17: Maximum Energy Use (BTU) - Residential | B17: =B4*$B$13 -> 992500000000000 | C17: =C4*$B$13 -> 1.3498e+15 | D17: =D4*$B$13 -> 1.588e+15 | E17: =E4*$B$13 -> 1.7865e+15
A18: Average (BTU) - Residential | B18: =AVERAGE(B16:B17) -> 992500000000000 | C18: =AVERAGE(C16:C17) -> 1.2704e+15 | D18: =AVERAGE(D16:D17) -> 1.48875e+15 | E18: =AVERAGE(E16:E17) -> 1.64755e+15
A19: Minimum Energy Use (BTU) - Commercial | B19: =B5*$B$13 -> 516100000000000 | C19: =C5*$B$13 -> 674900000000000 | D19: =D5*$B$13 -> 873400000000000 | E19: =E5*$B$13 -> 1.1116e+15
A20: Maximum Energy Use (BTU) - Commercial | B20: =B6*$B$13 -> 516100000000000 | C20: =C6*$B$13 -> 833700000000000 | D20: =D6*$B$13 -> 1.191e+15 | E20: =E6*$B$13 -> 1.588e+15
A21: Average (BTU) - Commercial | B21: =AVERAGE(B19:B20) -> 516100000000000 | C21: =AVERAGE(C19:C20) -> 754300000000000 | D21: =AVERAGE(D19:D20) -> 1.0322e+15 | E21: =AVERAGE(E19:E20) -> 1.3498e+15
A22: Minimum Energy Use (BTU) - Buildings | B22: =B7*$B$13 -> 1.5086e+15 | C22: =C7*$B$13 -> 1.8659e+15 | D22: =D7*$B$13 -> 2.2629e+15 | E22: =E7*$B$13 -> 2.6202e+15
A23: Maximum Energy Use (BTU) - Buildings | B23: =B8*$B$13 -> 1.5086e+15 | C23: =C8*$B$13 -> 2.1835e+15 | D23: =D8*$B$13 -> 2.779e+15 | E23: =E8*$B$13 -> 3.3745e+15
A24: Average (BTU) - Buildings | B24: =AVERAGE(B22:B23) -> 1.5086e+15 | C24: =AVERAGE(C22:C23) -> 2.0247e+15 | D24: =AVERAGE(D22:D23) -> 2.52095e+15 | E24: =AVERAGE(E22:E23) -> 2.99735e+15
A26: Minimum Fuel Use by Source (Mtep) - Residential | G26: Minimum Fuel Use by Source (Mtep) - Commercial | N26: EPE Historical Data - Energy Consumtion in Residential Sector (Used as proxy because we could not find commercial data)
A27: Year | B27: 2015 | C27: 2030 | D27: 2040 | E27: 2050 | G27: Year | H27: 2015 | I27: 2030 | J27: 2040 | K27: 2050 | N27: Year | O27: 2015 | P27: Percentage | Q27: Percentage for all sources except electricity
A28: Electricity | B28: 11 | C28: 16 | D28: 21 | E28: 24 | G28: Electricity | H28: 12 | I28: 16 | J28: 21 | K28: 27 | N28: Electricity | O28: 11 | P28: =O28/$O$32 -> 0.55 | Q28: N/A
A29: LPG | B29: 7 | C29: 8 | D29: 8 | E29: 8 | F29: ` | G29: LPG | H29: =1*Q29 -> 0.77777778 | I29: =1*Q29 -> 0.77777778 | J29: =1*Q29 -> 0.77777778 | K29: =1*Q29 -> 0.77777778 | N29: LPG | O29: 7 | P29: =O29/$O$32 -> 0.35 | Q29: =P29/$Q$32 -> 0.77777778
A30: Firewood | B30: 6 | C30: 5 | D30: 5 | E30: 4 | G30: Natural gas | H30: =1*Q30 -> 0.11111111 | I30: =1*Q30 -> 0.11111111 | J30: =1*Q30 -> 0.11111111 | K30: =1*Q30 -> 0.11111111 | N30: Natural gas | O30: 1 | P30: =O30/$O$32 -> 0.05 | Q30: =P30/$Q$32 -> 0.11111111
A31: Natural gas | B31: 1 | C31: 1 | D31: 1 | E31: 2 | G31: Others | H31: =1*Q31 -> 0.11111111 | I31: =1*Q31 -> 0.11111111 | J31: =1*Q31 -> 0.11111111 | K31: =1*Q31 -> 0.11111111 | N31: Others | O31: 1 | P31: =O31/$O$32 -> 0.05 | Q31: =P31/$Q$32 -> 0.11111111
A32: Others | B32: 0 | C32: 0 | D32: 0 | E32: 0 | G32: Total | H32: =SUM(H28:H31) -> 13 | I32: =SUM(I28:I31) -> 17 | J32: =SUM(J28:J31) -> 22 | K32: =SUM(K28:K31) -> 28 | N32: Total | O32: =O29+O28+O30+O31 -> 20 | P32: =O32/$O$32 -> 1 | Q32: =SUM(P29:P31) -> 0.45
A33: Total | B33: =SUM(B28:B32) -> 25 | C33: =SUM(C28:C32) -> 30 | D33: =SUM(D28:D32) -> 35 | E33: =SUM(E28:E32) -> 38
A36: Maximum Fuel Use by Source (Mtep) - Residential | G36: Maximum Fuel Use by Source (Mtep) - Commercial
A37: Year | B37: 2015 | C37: 2030 | D37: 2040 | E37: 2050 | G37: Year | H37: 2015 | I37: 2030 | J37: 2040 | K37: 2050
A38: Electricity | B38: 11 | C38: 20 | D38: 26 | E38: 31 | G38: Electricity | H38: 12 | I38: 20 | J38: 28 | K38: 37
A39: LPG | B39: 7 | C39: 8 | D39: 9 | E39: 9 | G39: LPG | H39: =1*Q29 -> 0.77777778 | I39: =1*Q29 -> 0.77777778 | J39: =2*Q29 -> 1.5555556 | K39: =3*Q29 -> 2.3333333
A40: Firewood | B40: 6 | C40: 4 | D40: 3 | E40: 3 | G40: Natural gas | H40: =1*Q30 -> 0.11111111 | I40: =1*Q30 -> 0.11111111 | J40: =2*Q30 -> 0.22222222 | K40: =3*Q30 -> 0.33333333
A41: Natural gas | B41: 1 | C41: 2 | D41: 2 | E41: 2 | G41: Others | H41: =1*Q31 -> 0.11111111 | I41: =1*Q31 -> 0.11111111 | J41: =2*Q31 -> 0.22222222 | K41: =3*Q31 -> 0.33333333
A42: Others | B42: 0 | C42: 0 | D42: 0 | E42: 0 | G42: Total | H42: =SUM(H38:H41) -> 13 | I42: =SUM(I38:I41) -> 21 | J42: =SUM(J38:J41) -> 30 | K42: =SUM(K38:K41) -> 40
A43: Total | B43: =SUM(B38:B42) -> 25 | C43: =SUM(C38:C42) -> 34 | D43: =SUM(D38:D42) -> 40 | E43: =SUM(E38:E42) -> 45
A44: Adjusted value to get the total energy consumption
A47: Minimum Fuel Use by Source (BTU) - Residential | G47: Minimum Fuel Use by Source (BTU) - Commercial
A48: Year | B48: 2015 | C48: 2030 | D48: 2040 | E48: 2050 | G48: Year | H48: 2015 | I48: 2030 | J48: 2040 | K48: 2050
A49: Electricity | B49: =B28*$B$13 -> 436700000000000 | C49: =C28*$B$13 -> 635200000000000 | D49: =D28*$B$13 -> 833700000000000 | E49: =E28*$B$13 -> 952800000000000 | G49: Electricity | H49: =H28*$B$13 -> 476400000000000 | I49: =I28*$B$13 -> 635200000000000 | J49: =J28*$B$13 -> 833700000000000 | K49: =K28*$B$13 -> 1.0719e+15
A50: LPG | B50: =B29*$B$13 -> 277900000000000 | C50: =C29*$B$13 -> 317600000000000 | D50: =D29*$B$13 -> 317600000000000 | E50: =E29*$B$13 -> 317600000000000 | G50: LPG | H50: =H29*$B$13 -> 3.0877778e+13 | I50: =I29*$B$13 -> 3.0877778e+13 | J50: =J29*$B$13 -> 3.0877778e+13 | K50: =K29*$B$13 -> 3.0877778e+13
A51: Firewood | B51: =B30*$B$13 -> 238200000000000 | C51: =C30*$B$13 -> 198500000000000 | D51: =D30*$B$13 -> 198500000000000 | E51: =E30*$B$13 -> 158800000000000 | G51: Natural gas | H51: =H30*$B$13 -> 4.4111111e+12 | I51: =I30*$B$13 -> 4.4111111e+12 | J51: =J30*$B$13 -> 4.4111111e+12 | K51: =K30*$B$13 -> 4.4111111e+12
A52: Natural gas | B52: =B31*$B$13 -> 39700000000000 | C52: =C31*$B$13 -> 39700000000000 | D52: =D31*$B$13 -> 39700000000000 | E52: =E31*$B$13 -> 79400000000000 | G52: Others | H52: =H31*$B$13 -> 4.4111111e+12 | I52: =I31*$B$13 -> 4.4111111e+12 | J52: =J31*$B$13 -> 4.4111111e+12 | K52: =K31*$B$13 -> 4.4111111e+12
A53: Others | B53: =B32*$B$13 -> 0 | C53: =C32*$B$13 -> 0 | D53: =D32*$B$13 -> 0 | E53: =E32*$B$13 -> 0 | G53: Total | H53: =H32*$B$13 -> 516100000000000 | I53: =I32*$B$13 -> 674900000000000 | J53: =J32*$B$13 -> 873400000000000 | K53: =K32*$B$13 -> 1.1116e+15
A54: Total | B54: =B33*$B$13 -> 992500000000000 | C54: =C33*$B$13 -> 1.191e+15 | D54: =D33*$B$13 -> 1.3895e+15 | E54: =E33*$B$13 -> 1.5086e+15
A57: Maximum Fuel Use by Source (BTU) - Residential | G57: Maximum Fuel Use by Source (BTU) - Commercial
A58: Year | B58: 2015 | C58: 2030 | D58: 2040 | E58: 2050 | G58: Year | H58: 2015 | I58: 2030 | J58: 2040 | K58: 2050
A59: Electricity | B59: =B38*$B$13 -> 436700000000000 | C59: =C38*$B$13 -> 794000000000000 | D59: =D38*$B$13 -> 1.0322e+15 | E59: =E38*$B$13 -> 1.2307e+15 | G59: Electricity | H59: =H38*$B$13 -> 476400000000000 | I59: =I38*$B$13 -> 794000000000000 | J59: =J38*$B$13 -> 1.1116e+15 | K59: =K38*$B$13 -> 1.4689e+15
A60: LPG | B60: =B39*$B$13 -> 277900000000000 | C60: =C39*$B$13 -> 317600000000000 | D60: =D39*$B$13 -> 357300000000000 | E60: =E39*$B$13 -> 357300000000000 | G60: LPG | H60: =H39*$B$13 -> 3.0877778e+13 | I60: =I39*$B$13 -> 3.0877778e+13 | J60: =J39*$B$13 -> 6.1755556e+13 | K60: =K39*$B$13 -> 9.2633333e+13
A61: Firewood | B61: =B40*$B$13 -> 238200000000000 | C61: =C40*$B$13 -> 158800000000000 | D61: =D40*$B$13 -> 119100000000000 | E61: =E40*$B$13 -> 119100000000000 | G61: Natural gas | H61: =H40*$B$13 -> 4.4111111e+12 | I61: =I40*$B$13 -> 4.4111111e+12 | J61: =J40*$B$13 -> 8.8222222e+12 | K61: =K40*$B$13 -> 1.3233333e+13
A62: Natural gas | B62: =B41*$B$13 -> 39700000000000 | C62: =C41*$B$13 -> 79400000000000 | D62: =D41*$B$13 -> 79400000000000 | E62: =E41*$B$13 -> 79400000000000 | G62: Others | H62: =H41*$B$13 -> 4.4111111e+12 | I62: =I41*$B$13 -> 4.4111111e+12 | J62: =J41*$B$13 -> 8.8222222e+12 | K62: =K41*$B$13 -> 1.3233333e+13
A63: Others | B63: =B42*$B$13 -> 0 | C63: =C42*$B$13 -> 0 | D63: =D42*$B$13 -> 0 | E63: =E42*$B$13 -> 0 | G63: Total | H63: =H42*$B$13 -> 516100000000000 | I63: =I42*$B$13 -> 833700000000000 | J63: =J42*$B$13 -> 1.191e+15 | K63: =K42*$B$13 -> 1.588e+15
A64: Total | B64: =B43*$B$13 -> 992500000000000 | C64: =C43*$B$13 -> 1.3498e+15 | D64: =D43*$B$13 -> 1.588e+15 | E64: =E43*$B$13 -> 1.7865e+15
A67: Average Fuel Use by Source (BTU) - Residential | G67: Average Fuel Use by Source (BTU) - Commercial
A68: Year | B68: 2015 | C68: 2030 | D68: 2040 | E68: 2050 | G68: Year | H68: 2015 | I68: 2030 | J68: 2040 | K68: 2050
A69: Electricity | B69: =AVERAGE(B49,B59) -> 436700000000000 | C69: =AVERAGE(C49,C59) -> 714600000000000 | D69: =AVERAGE(D49,D59) -> 932950000000000 | E69: =AVERAGE(E49,E59) -> 1.09175e+15 | G69: Electricity | H69: =AVERAGE(H49,H59) -> 476400000000000 | I69: =AVERAGE(I49,I59) -> 714600000000000 | J69: =AVERAGE(J49,J59) -> 972650000000000 | K69: =AVERAGE(K49,K59) -> 1.2704e+15
A70: LPG | B70: =AVERAGE(B50,B60) -> 277900000000000 | C70: =AVERAGE(C50,C60) -> 317600000000000 | D70: =AVERAGE(D50,D60) -> 337450000000000 | E70: =AVERAGE(E50,E60) -> 337450000000000 | G70: LPG | H70: =AVERAGE(H50,H60) -> 3.0877778e+13 | I70: =AVERAGE(I50,I60) -> 3.0877778e+13 | J70: =AVERAGE(J50,J60) -> 4.6316667e+13 | K70: =AVERAGE(K50,K60) -> 6.1755556e+13
A71: Firewood | B71: =AVERAGE(B51,B61) -> 238200000000000 | C71: =AVERAGE(C51,C61) -> 178650000000000 | D71: =AVERAGE(D51,D61) -> 158800000000000 | E71: =AVERAGE(E51,E61) -> 138950000000000 | G71: Firewood | H71: =AVERAGE(H51,H61) -> 4.4111111e+12 | I71: =AVERAGE(I51,I61) -> 4.4111111e+12 | J71: =AVERAGE(J51,J61) -> 6.6166667e+12 | K71: =AVERAGE(K51,K61) -> 8.8222222e+12
A72: Natural gas | B72: =AVERAGE(B52,B62) -> 39700000000000 | C72: =AVERAGE(C52,C62) -> 59550000000000 | D72: =AVERAGE(D52,D62) -> 59550000000000 | E72: =AVERAGE(E52,E62) -> 79400000000000 | G72: Natural gas | H72: =AVERAGE(H52,H62) -> 4.4111111e+12 | I72: =AVERAGE(I52,I62) -> 4.4111111e+12 | J72: =AVERAGE(J52,J62) -> 6.6166667e+12 | K72: =AVERAGE(K52,K62) -> 8.8222222e+12
A73: Others | B73: =AVERAGE(B53,B63) -> 0 | C73: =AVERAGE(C53,C63) -> 0 | D73: =AVERAGE(D53,D63) -> 0 | E73: =AVERAGE(E53,E63) -> 0 | G73: Total | H73: =AVERAGE(H53,H63) -> 516100000000000 | I73: =AVERAGE(I53,I63) -> 754300000000000 | J73: =AVERAGE(J53,J63) -> 1.0322e+15 | K73: =AVERAGE(K53,K63) -> 1.3498e+15
A74: Total | B74: =AVERAGE(B54,B64) -> 992500000000000 | C74: =AVERAGE(C54,C64) -> 1.2704e+15 | D74: =AVERAGE(D54,D64) -> 1.48875e+15 | E74: =AVERAGE(E54,E64) -> 1.64755e+15
A79: Minimum Final Energy Consumption (BTU) - Residential
A80: Year | B80: 2015 | C80: 2016 | D80: 2017 | E80: 2018 | F80: 2019 | G80: 2020 | H80: 2021 | I80: 2022 | J80: 2023 | K80: 2024 | L80: 2025 | M80: 2026 | N80: 2027 | O80: 2028 | P80: 2029 | Q80: 2030 | R80: 2031 | S80: 2032 | T80: 2033 | U80: 2034 | V80: 2035 | W80: 2036 | X80: 2037 | Y80: 2038 | Z80: 2039 | AA80: 2040 | AB80: 2041 | AC80: 2042 | AD80: 2043 | AE80: 2044 | AF80: 2045 | AG80: 2046 | AH80: 2047 | AI80: 2048 | AJ80: 2049 | AK80: 2050
A81: Electricity | B81: =B49 -> 436700000000000 | C81: =$B81+(($Q81-$B81)/($Q$80-$B$80))*(C$80-$B$80) -> 4.4993333e+14 | D81: =$B81+(($Q81-$B81)/($Q$80-$B$80))*(D$80-$B$80) -> 4.6316667e+14 | E81: =$B81+(($Q81-$B81)/($Q$80-$B$80))*(E$80-$B$80) -> 476400000000000 | F81: =$B81+(($Q81-$B81)/($Q$80-$B$80))*(F$80-$B$80) -> 4.8963333e+14 | G81: =$B81+(($Q81-$B81)/($Q$80-$B$80))*(G$80-$B$80) -> 5.0286667e+14 | H81: =$B81+(($Q81-$B81)/($Q$80-$B$80))*(H$80-$B$80) -> 516100000000000 | I81: =$B81+(($Q81-$B81)/($Q$80-$B$80))*(I$80-$B$80) -> 5.2933333e+14 | J81: =$B81+(($Q81-$B81)/($Q$80-$B$80))*(J$80-$B$80) -> 5.4256667e+14 | ... P81: =$B81+(($Q81-$B81)/($Q$80-$B$80))*(P$80-$B$80) -> 6.2196667e+14 | Q81: =C49 -> 635200000000000 | R81: =$Q81+(($AA81-$Q81)/($AA$80-$Q$80))*(R$80-$Q$80) -> 655050000000000 | S81: =$Q81+(($AA81-$Q81)/($AA$80-$Q$80))*(S$80-$Q$80) -> 674900000000000 | T81: =$Q81+(($AA81-$Q81)/($AA$80-$Q$80))*(T$80-$Q$80) -> 694750000000000 | U81: =$Q81+(($AA81-$Q81)/($AA$80-$Q$80))*(U$80-$Q$80) -> 714600000000000 | V81: =$Q81+(($AA81-$Q81)/($AA$80-$Q$80))*(V$80-$Q$80) -> 734450000000000 | W81: =$Q81+(($AA81-$Q81)/($AA$80-$Q$80))*(W$80-$Q$80) -> 754300000000000 | X81: =$Q81+(($AA81-$Q81)/($AA$80-$Q$80))*(X$80-$Q$80) -> 774150000000000 | Y81: =$Q81+(($AA81-$Q81)/($AA$80-$Q$80))*(Y$80-$Q$80) -> 794000000000000 | Z81: =$Q81+(($AA81-$Q81)/($AA$80-$Q$80))*(Z$80-$Q$80) -> 813850000000000 | AA81: =D49 -> 833700000000000 | AB81: =$AA81+(($AK81-$AA81)/($AK$80-$AA$80))*(AB$80-$AA$80) -> 845610000000000 | AC81: =$AA81+(($AK81-$AA81)/($AK$80-$AA$80))*(AC$80-$AA$80) -> 857520000000000 | AD81: =$AA81+(($AK81-$AA81)/($AK$80-$AA$80))*(AD$80-$AA$80) -> 869430000000000 | AE81: =$AA81+(($AK81-$AA81)/($AK$80-$AA$80))*(AE$80-$AA$80) -> 881340000000000 | AF81: =$AA81+(($AK81-$AA81)/($AK$80-$AA$80))*(AF$80-$AA$80) -> 893250000000000 | AG81: =$AA81+(($AK81-$AA81)/($AK$80-$AA$80))*(AG$80-$AA$80) -> 905160000000000 | AH81: =$AA81+(($AK81-$AA81)/($AK$80-$AA$80))*(AH$80-$AA$80) -> 917070000000000 | AI81: =$AA81+(($AK81-$AA81)/($AK$80-$AA$80))*(AI$80-$AA$80) -> 928980000000000 | AJ81: =$AA81+(($AK81-$AA81)/($AK$80-$AA$80))*(AJ$80-$AA$80) -> 940890000000000 | AK81: =E49 -> 952800000000000
A82: LPG propane or butane | B82: =B50 -> 277900000000000 | C82: =$B82+(($Q82-$B82)/($Q$80-$B$80))*(C$80-$B$80) -> 2.8054667e+14 | D82: =$B82+(($Q82-$B82)/($Q$80-$B$80))*(D$80-$B$80) -> 2.8319333e+14 | E82: =$B82+(($Q82-$B82)/($Q$80-$B$80))*(E$80-$B$80) -> 285840000000000 | F82: =$B82+(($Q82-$B82)/($Q$80-$B$80))*(F$80-$B$80) -> 2.8848667e+14 | G82: =$B82+(($Q82-$B82)/($Q$80-$B$80))*(G$80-$B$80) -> 2.9113333e+14 | H82: =$B82+(($Q82-$B82)/($Q$80-$B$80))*(H$80-$B$80) -> 293780000000000 | I82: =$B82+(($Q82-$B82)/($Q$80-$B$80))*(I$80-$B$80) -> 2.9642667e+14 | J82: =$B82+(($Q82-$B82)/($Q$80-$B$80))*(J$80-$B$80) -> 2.9907333e+14 | ... P82: =$B82+(($Q82-$B82)/($Q$80-$B$80))*(P$80-$B$80) -> 3.1495333e+14 | Q82: =C50 -> 317600000000000 | R82: =$Q82+(($AA82-$Q82)/($AA$80-$Q$80))*(R$80-$Q$80) -> 317600000000000 | S82: =$Q82+(($AA82-$Q82)/($AA$80-$Q$80))*(S$80-$Q$80) -> 317600000000000 | T82: =$Q82+(($AA82-$Q82)/($AA$80-$Q$80))*(T$80-$Q$80) -> 317600000000000 | U82: =$Q82+(($AA82-$Q82)/($AA$80-$Q$80))*(U$80-$Q$80) -> 317600000000000 | V82: =$Q82+(($AA82-$Q82)/($AA$80-$Q$80))*(V$80-$Q$80) -> 317600000000000 | W82: =$Q82+(($AA82-$Q82)/($AA$80-$Q$80))*(W$80-$Q$80) -> 317600000000000 | X82: =$Q82+(($AA82-$Q82)/($AA$80-$Q$80))*(X$80-$Q$80) -> 317600000000000 | Y82: =$Q82+(($AA82-$Q82)/($AA$80-$Q$80))*(Y$80-$Q$80) -> 317600000000000 | Z82: =$Q82+(($AA82-$Q82)/($AA$80-$Q$80))*(Z$80-$Q$80) -> 317600000000000 | AA82: =D50 -> 317600000000000 | AB82: =$AA82+(($AK82-$AA82)/($AK$80-$AA$80))*(AB$80-$AA$80) -> 317600000000000 | AC82: =$AA82+(($AK82-$AA82)/($AK$80-$AA$80))*(AC$80-$AA$80) -> 317600000000000 | AD82: =$AA82+(($AK82-$AA82)/($AK$80-$AA$80))*(AD$80-$AA$80) -> 317600000000000 | AE82: =$AA82+(($AK82-$AA82)/($AK$80-$AA$80))*(AE$80-$AA$80) -> 317600000000000 | AF82: =$AA82+(($AK82-$AA82)/($AK$80-$AA$80))*(AF$80-$AA$80) -> 317600000000000 | AG82: =$AA82+(($AK82-$AA82)/($AK$80-$AA$80))*(AG$80-$AA$80) -> 317600000000000 | AH82: =$AA82+(($AK82-$AA82)/($AK$80-$AA$80))*(AH$80-$AA$80) -> 317600000000000 | AI82: =$AA82+(($AK82-$AA82)/($AK$80-$AA$80))*(AI$80-$AA$80) -> 317600000000000 | AJ82: =$AA82+(($AK82-$AA82)/($AK$80-$AA$80))*(AJ$80-$AA$80) -> 317600000000000 | AK82: =E50 -> 317600000000000
A83: Biomass | B83: =B51 -> 238200000000000 | C83: =$B83+(($Q83-$B83)/($Q$80-$B$80))*(C$80-$B$80) -> 2.3555333e+14 | D83: =$B83+(($Q83-$B83)/($Q$80-$B$80))*(D$80-$B$80) -> 2.3290667e+14 | E83: =$B83+(($Q83-$B83)/($Q$80-$B$80))*(E$80-$B$80) -> 230260000000000 | F83: =$B83+(($Q83-$B83)/($Q$80-$B$80))*(F$80-$B$80) -> 2.2761333e+14 | G83: =$B83+(($Q83-$B83)/($Q$80-$B$80))*(G$80-$B$80) -> 2.2496667e+14 | H83: =$B83+(($Q83-$B83)/($Q$80-$B$80))*(H$80-$B$80) -> 222320000000000 | I83: =$B83+(($Q83-$B83)/($Q$80-$B$80))*(I$80-$B$80) -> 2.1967333e+14 | J83: =$B83+(($Q83-$B83)/($Q$80-$B$80))*(J$80-$B$80) -> 2.1702667e+14 | ... P83: =$B83+(($Q83-$B83)/($Q$80-$B$80))*(P$80-$B$80) -> 2.0114667e+14 | Q83: =C51 -> 198500000000000 | R83: =$Q83+(($AA83-$Q83)/($AA$80-$Q$80))*(R$80-$Q$80) -> 198500000000000 | S83: =$Q83+(($AA83-$Q83)/($AA$80-$Q$80))*(S$80-$Q$80) -> 198500000000000 | T83: =$Q83+(($AA83-$Q83)/($AA$80-$Q$80))*(T$80-$Q$80) -> 198500000000000 | U83: =$Q83+(($AA83-$Q83)/($AA$80-$Q$80))*(U$80-$Q$80) -> 198500000000000 | V83: =$Q83+(($AA83-$Q83)/($AA$80-$Q$80))*(V$80-$Q$80) -> 198500000000000 | W83: =$Q83+(($AA83-$Q83)/($AA$80-$Q$80))*(W$80-$Q$80) -> 198500000000000 | X83: =$Q83+(($AA83-$Q83)/($AA$80-$Q$80))*(X$80-$Q$80) -> 198500000000000 | Y83: =$Q83+(($AA83-$Q83)/($AA$80-$Q$80))*(Y$80-$Q$80) -> 198500000000000 | Z83: =$Q83+(($AA83-$Q83)/($AA$80-$Q$80))*(Z$80-$Q$80) -> 198500000000000 | AA83: =D51 -> 198500000000000 | AB83: =$AA83+(($AK83-$AA83)/($AK$80-$AA$80))*(AB$80-$AA$80) -> 194530000000000 | AC83: =$AA83+(($AK83-$AA83)/($AK$80-$AA$80))*(AC$80-$AA$80) -> 190560000000000 | AD83: =$AA83+(($AK83-$AA83)/($AK$80-$AA$80))*(AD$80-$AA$80) -> 186590000000000 | AE83: =$AA83+(($AK83-$AA83)/($AK$80-$AA$80))*(AE$80-$AA$80) -> 182620000000000 | AF83: =$AA83+(($AK83-$AA83)/($AK$80-$AA$80))*(AF$80-$AA$80) -> 178650000000000 | AG83: =$AA83+(($AK83-$AA83)/($AK$80-$AA$80))*(AG$80-$AA$80) -> 174680000000000 | AH83: =$AA83+(($AK83-$AA83)/($AK$80-$AA$80))*(AH$80-$AA$80) -> 170710000000000 | AI83: =$AA83+(($AK83-$AA83)/($AK$80-$AA$80))*(AI$80-$AA$80) -> 166740000000000 | AJ83: =$AA83+(($AK83-$AA83)/($AK$80-$AA$80))*(AJ$80-$AA$80) -> 162770000000000 | AK83: =E51 -> 158800000000000
A84: Natural gas | B84: =B52 -> 39700000000000 | C84: =$B84+(($Q84-$B84)/($Q$80-$B$80))*(C$80-$B$80) -> 39700000000000 | D84: =$B84+(($Q84-$B84)/($Q$80-$B$80))*(D$80-$B$80) -> 39700000000000 | E84: =$B84+(($Q84-$B84)/($Q$80-$B$80))*(E$80-$B$80) -> 39700000000000 | F84: =$B84+(($Q84-$B84)/($Q$80-$B$80))*(F$80-$B$80) -> 39700000000000 | G84: =$B84+(($Q84-$B84)/($Q$80-$B$80))*(G$80-$B$80) -> 39700000000000 | H84: =$B84+(($Q84-$B84)/($Q$80-$B$80))*(H$80-$B$80) -> 39700000000000 | I84: =$B84+(($Q84-$B84)/($Q$80-$B$80))*(I$80-$B$80) -> 39700000000000 | J84: =$B84+(($Q84-$B84)/($Q$80-$B$80))*(J$80-$B$80) -> 39700000000000 | ... P84: =$B84+(($Q84-$B84)/($Q$80-$B$80))*(P$80-$B$80) -> 39700000000000 | Q84: =C52 -> 39700000000000 | R84: =$Q84+(($AA84-$Q84)/($AA$80-$Q$80))*(R$80-$Q$80) -> 39700000000000 | S84: =$Q84+(($AA84-$Q84)/($AA$80-$Q$80))*(S$80-$Q$80) -> 39700000000000 | T84: =$Q84+(($AA84-$Q84)/($AA$80-$Q$80))*(T$80-$Q$80) -> 39700000000000 | U84: =$Q84+(($AA84-$Q84)/($AA$80-$Q$80))*(U$80-$Q$80) -> 39700000000000 | V84: =$Q84+(($AA84-$Q84)/($AA$80-$Q$80))*(V$80-$Q$80) -> 39700000000000 | W84: =$Q84+(($AA84-$Q84)/($AA$80-$Q$80))*(W$80-$Q$80) -> 39700000000000 | X84: =$Q84+(($AA84-$Q84)/($AA$80-$Q$80))*(X$80-$Q$80) -> 39700000000000 | Y84: =$Q84+(($AA84-$Q84)/($AA$80-$Q$80))*(Y$80-$Q$80) -> 39700000000000 | Z84: =$Q84+(($AA84-$Q84)/($AA$80-$Q$80))*(Z$80-$Q$80) -> 39700000000000 | AA84: =D52 -> 39700000000000 | AB84: =$AA84+(($AK84-$AA84)/($AK$80-$AA$80))*(AB$80-$AA$80) -> 43670000000000 | AC84: =$AA84+(($AK84-$AA84)/($AK$80-$AA$80))*(AC$80-$AA$80) -> 47640000000000 | AD84: =$AA84+(($AK84-$AA84)/($AK$80-$AA$80))*(AD$80-$AA$80) -> 51610000000000 | AE84: =$AA84+(($AK84-$AA84)/($AK$80-$AA$80))*(AE$80-$AA$80) -> 55580000000000 | AF84: =$AA84+(($AK84-$AA84)/($AK$80-$AA$80))*(AF$80-$AA$80) -> 59550000000000 | AG84: =$AA84+(($AK84-$AA84)/($AK$80-$AA$80))*(AG$80-$AA$80) -> 63520000000000 | AH84: =$AA84+(($AK84-$AA84)/($AK$80-$AA$80))*(AH$80-$AA$80) -> 67490000000000 | AI84: =$AA84+(($AK84-$AA84)/($AK$80-$AA$80))*(AI$80-$AA$80) -> 71460000000000 | AJ84: =$AA84+(($AK84-$AA84)/($AK$80-$AA$80))*(AJ$80-$AA$80) -> 75430000000000 | AK84: =E52 -> 79400000000000
A87: Maximum Final Energy Consumption (BTU) - Residential
A88: Year | B88: 2015 | C88: 2016 | D88: 2017 | E88: 2018 | F88: 2019 | G88: 2020 | H88: 2021 | I88: 2022 | J88: 2023 | K88: 2024 | L88: 2025 | M88: 2026 | N88: 2027 | O88: 2028 | P88: 2029 | Q88: 2030 | R88: 2031 | S88: 2032 | T88: 2033 | U88: 2034 | V88: 2035 | W88: 2036 | X88: 2037 | Y88: 2038 | Z88: 2039 | AA88: 2040 | AB88: 2041 | AC88: 2042 | AD88: 2043 | AE88: 2044 | AF88: 2045 | AG88: 2046 | AH88: 2047 | AI88: 2048 | AJ88: 2049 | AK88: 2050
A89: Electricity | B89: =B59 -> 436700000000000 | C89: =$B89+(($Q89-$B89)/($Q$88-$B$88))*(C$88-$B$88) -> 460520000000000 | D89: =$B89+(($Q89-$B89)/($Q$88-$B$88))*(D$88-$B$88) -> 484340000000000 | E89: =$B89+(($Q89-$B89)/($Q$88-$B$88))*(E$88-$B$88) -> 508160000000000 | F89: =$B89+(($Q89-$B89)/($Q$88-$B$88))*(F$88-$B$88) -> 531980000000000 | G89: =$B89+(($Q89-$B89)/($Q$88-$B$88))*(G$88-$B$88) -> 555800000000000 | H89: =$B89+(($Q89-$B89)/($Q$88-$B$88))*(H$88-$B$88) -> 579620000000000 | I89: =$B89+(($Q89-$B89)/($Q$88-$B$88))*(I$88-$B$88) -> 603440000000000 | J89: =$B89+(($Q89-$B89)/($Q$88-$B$88))*(J$88-$B$88) -> 627260000000000 | ... P89: =$B89+(($Q89-$B89)/($Q$88-$B$88))*(P$88-$B$88) -> 770180000000000 | Q89: =C59 -> 794000000000000 | R89: =$Q89+(($AA89-$Q89)/($AA$88-$Q$88))*(R$88-$Q$88) -> 817820000000000 | S89: =$Q89+(($AA89-$Q89)/($AA$88-$Q$88))*(S$88-$Q$88) -> 841640000000000 | T89: =$Q89+(($AA89-$Q89)/($AA$88-$Q$88))*(T$88-$Q$88) -> 865460000000000 | U89: =$Q89+(($AA89-$Q89)/($AA$88-$Q$88))*(U$88-$Q$88) -> 889280000000000 | V89: =$Q89+(($AA89-$Q89)/($AA$88-$Q$88))*(V$88-$Q$88) -> 913100000000000 | W89: =$Q89+(($AA89-$Q89)/($AA$88-$Q$88))*(W$88-$Q$88) -> 936920000000000 | X89: =$Q89+(($AA89-$Q89)/($AA$88-$Q$88))*(X$88-$Q$88) -> 960740000000000 | Y89: =$Q89+(($AA89-$Q89)/($AA$88-$Q$88))*(Y$88-$Q$88) -> 984560000000000 | Z89: =$Q89+(($AA89-$Q89)/($AA$88-$Q$88))*(Z$88-$Q$88) -> 1.00838e+15 | AA89: =D59 -> 1.0322e+15 | AB89: =$AA89+(($AK89-$AA89)/($AK$88-$AA$88))*(AB$88-$AA$88) -> 1.05205e+15 | AC89: =$AA89+(($AK89-$AA89)/($AK$88-$AA$88))*(AC$88-$AA$88) -> 1.0719e+15 | AD89: =$AA89+(($AK89-$AA89)/($AK$88-$AA$88))*(AD$88-$AA$88) -> 1.09175e+15 | AE89: =$AA89+(($AK89-$AA89)/($AK$88-$AA$88))*(AE$88-$AA$88) -> 1.1116e+15 | AF89: =$AA89+(($AK89-$AA89)/($AK$88-$AA$88))*(AF$88-$AA$88) -> 1.13145e+15 | AG89: =$AA89+(($AK89-$AA89)/($AK$88-$AA$88))*(AG$88-$AA$88) -> 1.1513e+15 | AH89: =$AA89+(($AK89-$AA89)/($AK$88-$AA$88))*(AH$88-$AA$88) -> 1.17115e+15 | AI89: =$AA89+(($AK89-$AA89)/($AK$88-$AA$88))*(AI$88-$AA$88) -> 1.191e+15 | AJ89: =$AA89+(($AK89-$AA89)/($AK$88-$AA$88))*(AJ$88-$AA$88) -> 1.21085e+15 | AK89: =E59 -> 1.2307e+15
A90: LPG propane or butane | B90: =B60 -> 277900000000000 | C90: =$B90+(($Q90-$B90)/($Q$88-$B$88))*(C$88-$B$88) -> 2.8054667e+14 | D90: =$B90+(($Q90-$B90)/($Q$88-$B$88))*(D$88-$B$88) -> 2.8319333e+14 | E90: =$B90+(($Q90-$B90)/($Q$88-$B$88))*(E$88-$B$88) -> 285840000000000 | F90: =$B90+(($Q90-$B90)/($Q$88-$B$88))*(F$88-$B$88) -> 2.8848667e+14 | G90: =$B90+(($Q90-$B90)/($Q$88-$B$88))*(G$88-$B$88) -> 2.9113333e+14 | H90: =$B90+(($Q90-$B90)/($Q$88-$B$88))*(H$88-$B$88) -> 293780000000000 | I90: =$B90+(($Q90-$B90)/($Q$88-$B$88))*(I$88-$B$88) -> 2.9642667e+14 | J90: =$B90+(($Q90-$B90)/($Q$88-$B$88))*(J$88-$B$88) -> 2.9907333e+14 | ... P90: =$B90+(($Q90-$B90)/($Q$88-$B$88))*(P$88-$B$88) -> 3.1495333e+14 | Q90: =C60 -> 317600000000000 | R90: =$Q90+(($AA90-$Q90)/($AA$88-$Q$88))*(R$88-$Q$88) -> 321570000000000 | S90: =$Q90+(($AA90-$Q90)/($AA$88-$Q$88))*(S$88-$Q$88) -> 325540000000000 | T90: =$Q90+(($AA90-$Q90)/($AA$88-$Q$88))*(T$88-$Q$88) -> 329510000000000 | U90: =$Q90+(($AA90-$Q90)/($AA$88-$Q$88))*(U$88-$Q$88) -> 333480000000000 | V90: =$Q90+(($AA90-$Q90)/($AA$88-$Q$88))*(V$88-$Q$88) -> 337450000000000 | W90: =$Q90+(($AA90-$Q90)/($AA$88-$Q$88))*(W$88-$Q$88) -> 341420000000000 | X90: =$Q90+(($AA90-$Q90)/($AA$88-$Q$88))*(X$88-$Q$88) -> 345390000000000 | Y90: =$Q90+(($AA90-$Q90)/($AA$88-$Q$88))*(Y$88-$Q$88) -> 349360000000000 | Z90: =$Q90+(($AA90-$Q90)/($AA$88-$Q$88))*(Z$88-$Q$88) -> 353330000000000 | AA90: =D60 -> 357300000000000 | AB90: =$AA90+(($AK90-$AA90)/($AK$88-$AA$88))*(AB$88-$AA$88) -> 357300000000000 | AC90: =$AA90+(($AK90-$AA90)/($AK$88-$AA$88))*(AC$88-$AA$88) -> 357300000000000 | AD90: =$AA90+(($AK90-$AA90)/($AK$88-$AA$88))*(AD$88-$AA$88) -> 357300000000000 | AE90: =$AA90+(($AK90-$AA90)/($AK$88-$AA$88))*(AE$88-$AA$88) -> 357300000000000 | AF90: =$AA90+(($AK90-$AA90)/($AK$88-$AA$88))*(AF$88-$AA$88) -> 357300000000000 | AG90: =$AA90+(($AK90-$AA90)/($AK$88-$AA$88))*(AG$88-$AA$88) -> 357300000000000 | AH90: =$AA90+(($AK90-$AA90)/($AK$88-$AA$88))*(AH$88-$AA$88) -> 357300000000000 | AI90: =$AA90+(($AK90-$AA90)/($AK$88-$AA$88))*(AI$88-$AA$88) -> 357300000000000 | AJ90: =$AA90+(($AK90-$AA90)/($AK$88-$AA$88))*(AJ$88-$AA$88) -> 357300000000000 | AK90: =E60 -> 357300000000000
